level	freq_rank	hanzi	pinyin	pos
1	1	的	de / dī / dí / dì	u,n
1	3	了	le / liǎo / liào	y,u,v
1	3	我	wǒ	r
1	4	是	shì	v
1	5	你	nǐ	r
1	5	在	zài	p,v,d
1	9	不	bù	d
1	9	有	yǒu	v
1	10	他	tā	r
1	11	这	zhè	r
1	15	就	jiù	d,p,c,v
1	19	个	gě / gè	q,g
1	19	和	hé / Hé / hè / hú / huó / huò	cc,p,v,qv,g,n
1	19	人	rén	n
1	19	说	shuì / shuō	v,g
1	19	我们	wǒ men	r
1	19	要	yāo / yào	v
1	20	好	hǎo / hào	a,d,v
1	21	一	yī	m,d,t
1	23	会	huì / kuài	v,n
1	23	也	Yě / yě	d,y,u,b
1	25	都	Dū / dōu / dū	d,g
1	28	对	duì	p,v,q,a
1	29	到	dào	v,p
1	29	上	shǎng / shàng	f,v,g
1	31	来	lái	v,f,m,u,y
1	35	很	hěn	d
1	37	还	Huán / hái / huán	d,v
1	38	去	qù	v
1	38	她	tā	r
1	38	着	zhāo / zháo / zhe / zhuó	u,v,n,q
1	44	想	xiǎng	v
1	46	给	gěi / jǐ	p,v,u
1	46	没有	méi yǒu	v,d
1	46	能	Néng / néng	v,g
1	48	那	Nā / Nuó / nǎ / nà / nuó	r,c
1	49	他们	tā men	r
1	52	看	kān / kàn	v,u
1	53	做	zuò	v
1	55	什么	shén me	r
1	58	吧	bā / ba / biā	y
1	58	点	diǎn	qt,n,t,v
1	60	过	Guō / guò / guo	u,v,d,g
1	63	没	méi / mò	d,v
1	66	大	dà / dài	a,d,n,g
1	70	从	cóng / Cóng	p,g
1	70	下	xià	v,f,qt,g
1	71	中	Zhōng / zhōng / zhòng	f,b,v
1	75	里	lǐ / Lǐ	f,q
1	76	真	zhēn	d,a,g
1	77	现在	xiàn zài	t
1	79	年	Nián / nián	qt,t,n
1	79	用	yòng	v,p,g
1	80	多	duō	a,m,ad,d,v,g
1	81	两	liǎng	m,t
1	83	等	děng	v,u
1	83	吗	má / mǎ / ma	y
1	83	天	tiān	qt,n
1	85	出	chū	v,q
1	87	太	tài	d,b
1	89	最	zuì	d,g
1	91	再	zài	d,g
1	96	呢	ne / ní	y
1	99	次	cì	qv,a,g
1	100	小	xiǎo	a,ad
1	105	知道	zhī dào	v
1	107	时候	shí hou	n
1	109	走	zǒu	v
1	111	工作	gōng zuò	vn,v,n
1	113	事	shì	n,g
1	115	后	Hòu / hòu	f,g,t
1	124	家	jiā	n,q
1	127	你们	nǐ men	r
1	127	前	qián	f,v
1	127	时间	shí jiān	n
1	128	怎么	zěn me	r
1	130	爱	ài	v,vn,b
1	132	地	de / dì	u,n
1	132	这些	zhè xiē	r
1	135	跟	gēn	p,v
1	139	喜欢	xǐ huan	v,vn
1	142	吃	chī	v
1	142	谁	shéi	r
1	150	新	Xīn / xīn	a,d,b
1	152	找	zhǎo	v
1	153	打	dá / dǎ	v
1	153	还有	hái yǒu	v
1	153	快	kuài	a,d,g
1	155	比	Bǐ / bī / bǐ	p,v,n,b
1	155	今天	jīn tiān	t
1	157	话	huà	n,v
1	160	还是	hái shi	c,d,v
1	161	觉得	jué de	v
1	161	月	yuè	n,t
1	169	看到	kàn dào	v
1	172	起来	qǐ lai / qi lai	v
1	172	一起	yī qǐ	s,d,nr
1	174	起	qǐ	v,q,f
1	178	几	jī / jǐ	m,d
1	178	见	jiàn / xiàn	v,g
1	186	车	Chē / chē / jū	n,q
1	187	一些	yī xiē	mq
1	188	找到	zhǎo dào	v
1	190	手	shǒu	n,q
1	190	听	yǐn / tīng	v
1	194	非常	fēi cháng	d,b
1	195	开	kāi	v,q
1	200	叫	jiào	v,p,n
1	207	孩子	hái zi	n
1	209	这里	zhè lǐ	r
1	214	别	Bié / bié / biè	d,v,r,vn
1	216	请	qǐng	v
1	218	钱	Qián / qián	n,nr
1	222	本	běn	r,q,d,n
1	225	回	huí	v,qv
1	226	东西	dōng xī / dōng xi	n,f,nr
1	233	三	Sān / sān	m,t
1	235	一样	yī yàng	u,a,ad
1	240	买	mǎi	v
1	240	重要	zhòng yào	a
1	246	问	wèn	v,g,vn
1	252	告诉	gào sù / gào su	v
1	254	出来	chū lái / chu lai	v
1	254	地方	dì fāng / dì fang	n
1	261	最后	zuì hòu	f
1	266	老	lǎo	a,d,g
1	266	岁	suì	qt
1	272	行	háng / xíng	v,g,q,a,n
1	278	号	háo / hào	q,n,v
1	280	放	fàng	v
1	280	朋友	péng you	n
1	280	住	zhù	v
1	287	拿	ná	v
1	290	高	Gāo / gāo	a,ad,v,g
1	294	正	zhēng / zhèng	d,b,a,v
1	306	先	xiān	d,g
1	308	得到	dé dào	v
1	326	那些	nà xiē	r
1	333	准备	zhǔn bèi	v,vn
1	335	水	Shuǐ / shuǐ	n
1	338	进	jìn	v
1	352	写	xiě	v
1	356	国家	guó jiā	n
1	357	您	nín	r
1	359	电话	diàn huà	n
1	368	女	nǚ / rǔ	b,g
1	370	送	sòng	v
1	372	分	fēn / fèn	t,qt,v,g,n,d
1	382	笑	xiào	v,vn
1	383	女人	nǚ rén / nǚ ren	n
1	389	小时	xiǎo shí	n,q
1	394	有些	yǒu xiē	r
1	395	帮	bāng	v,q
1	395	日	Rì / rì	t,g,b,qt
1	397	别人	bié ren	r
1	399	站	zhàn	v,n,q
1	409	路	Lù / lù	n,qv
1	415	男人	nán rén	n
1	420	正在	zhèng zài	d
1	422	门	Mén / mén	n,q
1	428	喝	hē / hè	g,vn
1	430	穿	chuān	v
1	430	学校	xué xiào	n
1	435	花	Huā / huā	v,n,a
1	435	坐	Zuò / zuò	v
1	445	早	zǎo	ad,a,tg
1	457	们	men	k
1	460	身上	shēn shang	s
1	463	干	gān / Gān / gàn	v,a
1	463	认识	rèn shi	v,n,vn
1	464	睡	shuì	v,vn
1	469	明天	míng tiān	t
1	480	回来	huí lai	v
1	481	四	sì	m,t
1	483	块	kuài	q,g
1	489	外	wài	f
1	502	晚上	wǎn shang	t
1	517	妈	mā	n
1	518	球	qiú	n
1	520	谢谢	xiè xie	v
1	524	学	xué	v,g
1	526	多少	duō shǎo / duō shao	r
1	527	第二	dì èr	m
1	527	妈妈	mā ma	n
1	531	错	Cuò / cuò	v,n
1	538	少	shǎo / shào	a,ad,v,d,g
1	543	别的	bié de	r
1	544	难	nán / nàn	ad,a,v,g
1	546	电影	diàn yǐng	n
1	546	间	jiān / jiàn	q,f,v,g
1	547	哪	nǎ / na / né / něi	r,y
1	553	跑	páo / pǎo	v
1	554	回家	huí jiā	v
1	557	昨天	zuó tiān	t
1	558	晚	wǎn	tg,a,ad
1	560	书	Shū / shū	n,g
1	563	五	wǔ	m,t
1	586	先生	xiān sheng	n
1	587	男	nán	b,g
1	588	动	dòng	v,vn
1	608	医院	yī yuàn	n
1	608	重	chóng / zhòng	a,d,v,q,g
1	622	真的	zhēn de	d,a
1	627	子	zǐ / zi	g,q
1	635	远	yuǎn / yuàn	a,ad
1	637	口	kǒu	q,n
1	651	学生	xué sheng	n
1	664	二	èr	m,t
1	665	儿子	ér zi	n
1	676	明白	míng bai	v,a,an
1	684	杯	bēi	q,g
1	699	记得	jì de	v
1	702	歌	gē	n,g
1	727	半	bàn	m
1	729	中国	Zhōng guó	ns
1	731	身体	shēn tǐ	n
1	744	元	Yuán / yuán	q,tg
1	750	哪里	nǎ lǐ	r
1	755	包	Bāo / bāo	v,n,q
1	765	楼	Lóu / lóu	n
1	770	那里	nà li	r
1	779	电视	diàn shì	n
1	779	飞	fēi	v,g,vn
1	779	介绍	jiè shào	v,vn
1	782	下午	xià wǔ	t
1	784	出去	chū qù	v
1	789	学习	xué xí	v,vn
1	799	老师	lǎo shī	n
1	802	六	liù	m,t
1	813	唱	chàng	v
1	814	大学	Dà xué / dà xué	n
1	827	病	bìng	n,v
1	827	医生	yī shēng	n
1	829	名字	míng zi	n
1	836	她们	tā men	r
1	847	马上	mǎ shàng	d,s
1	851	今年	jīn nián	t
1	857	手机	shǒu jī	n
1	859	忙	máng	v,a,ad,g,an
1	865	十	shí	m,t
1	870	看见	kàn jiàn	v
1	877	听到	tīng dào	v
1	879	女儿	nǚ ér	n
1	880	说话	shuō huà	v,vn
1	898	汽车	qì chē	n
1	908	爸爸	bà ba	n
1	913	字	zì	n
1	920	高兴	gāo xìng	a,an
1	930	白	Bái / bái	a,nr,d,b,v,g
1	933	去年	qù nián	t
1	938	热	rè	a,n,k,v,ad,an
1	938	试	shì	v,vn
1	943	来到	lái dào	v
1	944	睡觉	shuì jiào	v
1	946	电脑	diàn nǎo	n
1	956	票	piào	n,q
1	958	西	Xī / xī	f,b
1	961	床	chuáng	n,q
1	962	第	dì	m
1	962	回到	huí dào	v
1	968	差	chā / chà / chāi / cī	a,v,g
1	973	家里	jiā lǐ	s,n
1	988	教	Jiào / jiāo / jiào	v,g
1	1013	不用	bù yòng	d
1	1013	读	dòu / dú	v
1	1015	忘	wàng	v
1	1020	认真	rèn zhēn	a,ad
1	1027	电	diàn	n
1	1027	房子	fáng zi	n
1	1027	冷	Lěng / lěng	a,ad,g
1	1030	山	Shān / shān	n
1	1057	常	Cháng / cháng	d,nr
1	1067	飞机	fēi jī	n
1	1092	早上	zǎo shang	t
1	1100	回答	huí dá	v,vn
1	1123	记	jì	v,g,q
1	1129	关	Guān / guān	v,n,nr
1	1132	哥	gē	n
1	1142	爸	bà	n
1	1150	风	fēng	n,g
1	1160	回去	huí qu	v
1	1197	累	lěi / lèi / Léi / léi	a,v,an
1	1199	打开	dǎ kāi	v
1	1209	病人	bìng rén	n
1	1215	肉	ròu	n
1	1218	打电话	dǎ diàn huà	v
1	1225	休息	xiū xi	v,vn
1	1238	班	Bān / bān	n,q,nr
1	1239	坏	huài	a,v
1	1241	一边	yī biān	d,f
1	1298	洗	xǐ	v
1	1300	有的	yǒu de	r
1	1319	毛	Máo / máo	nr,n,q
1	1335	忘记	wàng jì	v
1	1357	房间	fáng jiān	n
1	1362	八	bā	m,t
1	1382	左	Zuǒ / zuǒ	f,a
1	1415	吃饭	chī fàn	v,vn
1	1418	动作	dòng zuò	n,v
1	1419	七	qī	m,t
1	1448	菜	cài	n
1	1472	衣服	yī fu	n
1	1477	饿	è	v,a
1	1481	树	shù	n,v
1	1481	右	yòu	f,a
1	1495	上班	shàng bān	v,vn
1	1506	生日	shēng rì	n
1	1509	东	Dōng / dōng	f,b
1	1513	姐姐	jiě jie	n
1	1517	课	kè	n
1	1527	国	Guó / guó	n
1	1529	饭	fàn	n
1	1554	一半	yī bàn	m
1	1562	家人	jiā rén	n,nr
1	1568	有时	yǒu shí	d
1	1575	小姐	xiǎo jie	n
1	1577	对不起	duì bu qǐ	v
1	1624	进去	jìn qù	v
1	1655	哥哥	gē ge	n
1	1659	没什么	méi shén me	v
1	1669	路上	lù shang	s
1	1675	天气	tiān qì	n
1	1704	最好	zuì hǎo	d
1	1709	南	Nán / nán	b,f
1	1718	考试	kǎo shì	vn,v
1	1725	有时候	yǒu shí hou	d
1	1770	慢	màn	a,ad
1	1815	旁边	páng biān	f
1	1828	同学	tóng xué	n
1	1835	北	běi	f
1	1860	帮忙	bāng máng	v,vn
1	1870	进来	jìn lái	v
1	1876	见面	jiàn miàn	v
1	1877	好看	hǎo kàn	a
1	1889	中间	zhōng jiān	f
1	1894	女生	nǚ shēng	n,nr
1	1910	茶	chá	n,g
1	1921	地点	dì diǎn	n
1	1929	雨	yǔ / yù	n,g
1	1956	星期	xīng qī	n
1	1997	车上	chē shàng	s
1	2030	考	kǎo	v,g
1	2040	九	jiǔ	m,t,b
1	2093	妹妹	mèi mei	n
1	2113	生气	shēng qì	a,n,v,an
1	2185	地上	dì shang	s
1	2188	上午	shàng wǔ	t
1	2207	一会儿	yī huì r	mq
1	2239	贵	guì	a,r,b,g
1	2266	记住	jì zhu	v
1	2268	下次	xià cì	t
1	2284	知识	zhī shi	n
1	2308	机场	jī chǎng	n
1	2360	学院	xué yuàn	n
1	2395	老人	lǎo rén	n
1	2404	页	xié / yè	q,g
1	2405	工人	gōng rén	n
1	2415	那边	nà bian	r
1	2424	弟弟	dì di	n
1	2430	干净	gān jìng	a,ad
1	2444	在家	zài jiā	v
1	2455	百	Bǎi / bǎi	m,t
1	2474	网上	wǎng shàng	s
1	2484	好吃	hǎo chī / hào chī	a
1	2487	明年	míng nián	t
1	2487	再见	zài jiàn	v
1	2496	妹	mèi	n
1	2522	这儿	zhè r	r
1	2534	哪儿	nǎ r	r
1	2598	不对	bù duì	a
1	2600	中午	zhōng wǔ	t
1	2645	起床	qǐ chuáng	v
1	2655	是不是	shì bù shì	v
1	2670	开车	kāi chē	v,vn
1	2714	干什么	gàn shén me	v
1	2758	奶	nǎi	n,v
1	2762	门口	mén kǒu	s
1	2773	常常	cháng cháng	d
1	2774	这边	zhè biān	r
1	2784	男生	nán shēng	n
1	2791	火车	huǒ chē	n
1	2809	奶奶	nǎi nai	n
1	2829	上次	shàng cì	t
1	2876	唱歌	chàng gē	v,vn
1	2906	右边	yòu bian	f
1	2965	上学	shàng xué	v
1	2986	牛奶	niú nǎi	n
1	3004	女朋友	nǚ péng you	n
1	3042	上课	shàng kè	v,vn
1	3099	爷爷	yé ye	n
1	3114	听见	tīng jiàn	v
1	3160	新年	xīn nián	t
1	3176	男朋友	nán péng you	n
1	3207	下班	xià bān	v,vn
1	3271	水果	shuǐ guǒ	n
1	3285	读书	dú shū	v,vn
1	3421	那儿	nà r	r
1	3479	商店	shāng diàn	n
1	3501	鸡蛋	jī dàn	n
1	3541	没关系	méi guān xi	v
1	3548	地图	dì tú	n
1	3576	姐	jiě	n
1	3600	坐下	zuò xia	v
1	3623	零	líng	m,t,g
1	3639	桌子	zhuō zi	n
1	3645	白天	bái tiān	t
1	3689	请问	qǐng wèn	v
1	3741	哪些	nǎ xiē	r
1	3794	晚饭	wǎn fàn	n
1	3819	小学	xiǎo xué	n
1	3836	图书馆	tú shū guǎn	n
1	3878	开玩笑	kāi wán xiào	v
1	3896	国外	guó wài	s
1	3928	日期	rì qī	n
1	3998	饭店	fàn diàn	n
1	4042	中学	zhōng xué	n
1	4061	上网	shàng wǎng	v,vn
1	4093	商场	shāng chǎng	n
1	4135	楼下	lóu xià	s
1	4138	面包	miàn bāo	n
1	4151	外国	wài guó	n
1	4336	生病	shēng bìng	v
1	4355	好听	hǎo tīng	a
1	4398	开会	kāi huì	v
1	4411	钱包	qián bāo	n
1	4422	大学生	dà xué shēng	n
1	4480	车站	chē zhàn	n
1	4517	走路	zǒu lù	v,vn
1	4536	小朋友	xiǎo péng yǒu	n
1	4584	左边	zuǒ bian	f
1	4799	北京	Běi jīng	ns
1	4834	有用	yǒu yòng	a,v
1	4902	爱好	ài hào	n,v
1	4915	不大	bù dà	d
1	4986	午饭	wǔ fàn	n
1	5091	上车	shàng chē	v
1	5119	马路	mǎ lù	n
1	5140	门票	mén piào	n
1	5209	机票	jī piào	n
1	5267	楼上	lóu shàng	s,f
1	5476	打球	dǎ qiú	v,vn
1	5648	下雨	xià yǔ	v
1	6014	下车	xià chē	v,vn
1	6162	杯子	bēi zi	n
1	6177	放假	fàng jià	v
1	6184	路口	lù kǒu	n
1	6219	有名	yǒu míng	a
1	6459	中文	Zhōng wén	nz
1	6568	弟	dì / tì	n
1	6649	电视机	diàn shì jī	n
1	6748	早饭	zǎo fàn	n
1	6921	一点儿	yī diǎn r	mq
1	7174	书店	shū diàn	n
1	7209	放学	fàng xué	v
1	7234	关上	guān shàng	v
1	7297	玩儿	wán r	v
1	7467	半天	bàn tiān	mq,t
1	7577	星期天	Xīng qī tiān	t
1	7701	车票	chē piào	n
1	7705	看病	kàn bìng	v,vn
1	7945	电影院	diàn yǐng yuàn	n
1	8117	前天	qián tiān	t,n
1	9407	后天	hòu tiān	n,t
1	9442	渴	kě	a,v
1	9674	洗手间	xǐ shǒu jiān	n
1	9694	下课	xià kè	v,vn
1	10134	请假	qǐng jià	v
1	10194	米饭	mǐ fàn	n
1	10810	里边	lǐ bian	f
1	11159	外语	wài yǔ	n
1	11421	没事儿	méi shì r	v
1	11449	一块儿	yī kuài r	d,s
1	11861	书包	shū bāo	n
1	12165	小学生	xiǎo xué shēng	n
1	12319	外边	wài bian	f
1	12707	中学生	zhōng xué shēng	n
1	12849	本子	běn zi	n
1	12997	星期日	Xīng qī rì	t
1	13062	课本	kè běn	n
1	13422	汉语	Hàn yǔ	nz
1	14477	后边	hòu bian	f
1	14628	西边	xī biān	f,nr
1	14760	上边	shàng bian	f,n
1	15698	打车	dǎ chē	v
1	16314	东边	dōng bian	f
1	16315	包子	bāo zi	n
1	16723	不客气	bù kè qi	
1	17587	南边	nán bian	f
1	17637	北边	běi biān	f
1	18271	女孩儿	nǚ hái r	
1	19063	下边	xià bian	f
1	19725	汉字	hàn zì	nz,n
1	21213	请进	qǐng jìn	
1	23411	好玩儿	hǎo wán r	a
1	25408	前边	qián bian	f
1	25607	小孩儿	xiǎo hái r	
1	29517	教学楼	jiào xué lóu	n
1	29751	网友	wǎng yǒu	n
1	30576	课文	kè wén	n
1	37277	请坐	qǐng zuò	
1	37795	半年	bàn nián	nr
1	44026	听写	tīng xiě	v,vn
1	1000000	面条儿	miàn tiáo r	
1	1000000	男孩儿	nán hái r	
1	1000000	一下儿	yī xià r	
1	1000000	有一些	yǒu yī xiē	
2	47	啊	ā / á / ǎ / à / a	y,e
2	54	让	ràng	v
2	55	但	dàn	c,d
2	56	自己	zì jǐ	r,v
2	58	得	dé / de / děi	u,v
2	58	可以	kě yǐ	v
2	58	为	wéi / wèi	p,v
2	85	已经	yǐ jīng	d
2	85	这样	zhè yàng	r
2	89	如果	rú guǒ	c,v
2	91	因为	yīn wèi	p,c
2	91	又	yòu	d,c
2	98	只	zhǐ / zhī	d,q
2	109	问题	wèn tí	n
2	114	它	tā	r
2	115	但是	dàn shì	c
2	116	该	gāi	v,r
2	127	更	gēng / gèng	d
2	127	可能	kě néng	v,n
2	133	才	cái	d,c,n
2	151	像	xiàng	v,p,n,d
2	155	当	dāng / dàng	p,v
2	157	所以	suǒ yǐ	c
2	164	那么	nà me	r,c
2	165	向	Xiàng / xiàng	p,v,g
2	166	这么	zhè me	r
2	168	认为	rèn wéi	v
2	174	应该	yīng gāi	v
2	177	带	dài	v
2	177	位	wèi	q,g
2	189	大家	dà jiā	r,n
2	189	发现	fā xiàn	v,vn
2	198	一定	yī dìng	d,b
2	203	生活	shēng huó	vn,v
2	203	一直	yī zhí	d
2	216	不过	bù guò	c,d,u
2	220	公司	gōng sī	n
2	221	不要	bù yào	d
2	227	成	Chéng / chéng	v,q
2	234	名	míng	q,g
2	238	所有	suǒ yǒu	b,v
2	239	而且	ér qiě	c
2	241	必须	bì xū	d
2	246	长	cháng / zhǎng	a,v,ad,g
2	267	成为	chéng wéi	v
2	267	其他	qí tā	r
2	271	事情	shì qing	n
2	274	感觉	gǎn jué	n,v
2	275	然后	rán hòu	c
2	277	条	tiáo	q
2	286	场	cháng / chǎng	qv,g
2	292	件	jiàn	q,g
2	299	进行	jìn xíng	v,vn
2	299	为什么	wèi shén me	r
2	307	或	huò	c,d
2	323	出现	chū xiàn	v,vn
2	329	头	tóu / tou	n,q,m,k
2	341	见到	jiàn dào	v
2	343	通过	tōng guò	p,v,vn
2	352	周	Zhōu / zhōu	qt,nr,g,n,tg
2	353	过去	guò qù / guò qu	v,t
2	355	参加	cān jiā	v
2	364	安全	ān quán	an,a,ad,n
2	364	结果	jiē guǒ / jié guǒ	n,d
2	382	或者	huò zhě	c,d
2	384	不错	bù cuò	a
2	393	机会	jī huì	n
2	393	完全	wán quán	ad,a
2	395	完	wán	v
2	400	发	fā / fà	v,q
2	403	计划	jì huà	n,v
2	404	可是	kě shì	c,d,v
2	404	全	Quán / quán	d,a
2	407	以后	yǐ hòu	f
2	409	要求	yāo qiú	v,n
2	419	信	xìn	n,v
2	422	队	duì	n,q
2	425	接	jiē	v
2	431	相信	xiāng xìn	v
2	436	刚	gāng	d,g
2	440	虽然	suī rán	c
2	441	原因	yuán yīn	n
2	452	只要	zhǐ yào	c
2	458	不同	bù tóng	a,an
2	458	进入	jìn rù	v
2	463	有人	yǒu rén	r,nr
2	465	分钟	fēn zhōng	qt
2	465	接受	jiē shòu	v,vn
2	470	其中	qí zhōng	r
2	474	人们	rén men	n
2	478	道	dào	qv,n,v
2	481	能够	néng gòu	v
2	484	拉	lā	v,b
2	486	完成	wán chéng	v,vn
2	497	求	qiú	v
2	499	帮助	bāng zhù	v,vn
2	501	变	biàn	v
2	503	加	Jiā / jiā	v,b
2	505	当时	dāng shí / dàng shí	t
2	505	努力	nǔ lì	ad,an,a
2	513	部分	bù fen	n,m
2	524	以前	yǐ qián	f
2	538	办法	bàn fǎ	n
2	541	特别	tè bié	d,a
2	544	真正	zhēn zhèng	b,d
2	549	掉	diào	v
2	551	改变	gǎi biàn	v,vn
2	555	讲	jiǎng	v
2	557	离开	lí kāi	v
2	557	万	mò / Wàn / wàn	m,t
2	558	生	shēng	v,g,a
2	560	片	piān / piàn	q,g
2	566	同时	tóng shí	c,n,d
2	567	以为	yǐ wéi	v
2	574	越	Yuè / yuè	d,g,b
2	577	方法	fāng fǎ	n
2	578	组	Zǔ / zǔ	n,q,g,v
2	588	直接	zhí jiē	ad,a
2	590	卖	mài	v
2	590	选	xuǎn	v,g
2	598	句	gōu / jù	q,g
2	598	影响	yǐng xiǎng	v,vn
2	599	永远	yǒng yuǎn	d,b
2	601	方面	fāng miàn	n
2	601	也许	yě xǔ	d
2	604	面	miàn	n,q,v,g
2	605	活动	huó dòng	vn,v
2	608	份	fèn	q
2	612	信息	xìn xī	n
2	612	最近	zuì jìn	t
2	618	换	huàn	v
2	620	狗	gǒu	n
2	622	靠	kào	v,p
2	629	脸	liǎn	n,q
2	637	快乐	kuài lè	a,an
2	641	使用	shǐ yòng	v,vn
2	644	来自	lái zì	v
2	647	段	Duàn / duàn	q,g
2	659	检查	jiǎn chá	v,vn
2	661	中心	zhōng xīn	n
2	663	米	Mǐ / mǐ	n,q
2	666	行动	xíng dòng	vn,v
2	667	开心	kāi xīn	a,v,an
2	669	懂	dǒng	v
2	670	卡	kǎ / qiǎ	n,v,g
2	677	带来	dài lái	v
2	691	办	bàn	v
2	692	过来	guò lái / guò lai	v
2	698	算	suàn	v,d
2	699	辆	liàng	q
2	701	药	yào	n
2	705	留	liú	v
2	706	家庭	jiā tíng	n
2	715	交	jiāo	v,g
2	715	套	tào	q,v,g
2	718	全部	quán bù	m
2	719	刚刚	gāng gang	d
2	722	正常	zhèng cháng	a,ad
2	724	黑	Hēi / hēi	a,g,b
2	732	店	diàn	n
2	732	服务	fú wù	vn,v
2	733	想到	xiǎng dào	v
2	734	行为	xíng wéi	n
2	737	挺	tǐng	d,v,g,q
2	738	好像	hǎo xiàng	v
2	738	克	Kè / kè	g,q,b,v
2	738	愿意	yuàn yì	v
2	741	装	zhuāng	v
2	742	音乐	yīn yuè	n
2	749	感谢	gǎn xiè	v,vn
2	751	座	zuò	q,g
2	756	那样	nà yàng	r
2	760	往	wǎng	p,v
2	762	眼	yǎn	n,q
2	766	感到	gǎn dào	v
2	766	清楚	qīng chu	a,v,ad
2	766	照片	zhào piàn	n
2	768	停	tíng	v
2	769	银行	yín háng	n
2	772	故事	gù shì / gù shi	n
2	772	气	qì	n,v
2	780	倒	dǎo / dào	v,d
2	788	酒	jiǔ	n
2	790	原来	yuán lái	d,b
2	793	它们	tā men	r
2	794	红	Hóng / hóng	a,v,g
2	796	欢迎	huān yíng	v,vn
2	798	一般	yī bān	a,ad,u
2	799	可爱	kě ài	a
2	803	边	biān / bian	k,d,n
2	805	新闻	xīn wén	n
2	814	眼睛	yǎn jing	n
2	818	做到	zuò dào	v
2	822	近	jìn	a,v
2	823	怎样	zěn yàng	r
2	834	收	shōu	v
2	841	声音	shēng yīn	n
2	852	数	shǔ / shù / shuò	m,n,v
2	853	变成	biàn chéng	v
2	858	受到	shòu dào	v
2	867	经过	jīng guò	p,v,n
2	874	只能	zhǐ néng	v
2	898	哭	kū	v
2	899	怕	Pà / pà	v
2	912	离	chī / Lí / lí	v,p
2	915	漂亮	piào liang	a
2	915	重新	chóng xīn	d
2	919	提	dī / tí	v
2	925	度	dù / duó	qv,v,g
2	940	经常	jīng cháng	d,b
2	948	面前	miàn qián	f
2	951	低	dī	a,ad,v
2	951	节目	jié mù	n
2	952	健康	jiàn kāng	a,an,ad
2	952	弄	lòng / nòng	v
2	955	作用	zuò yòng	n,v
2	961	满	Mǎn / mǎn	a,v,d,b
2	968	说明	shuō míng	v,vn,n
2	969	许多	xǔ duō	m
2	971	同样	tóng yàng	b,d
2	982	身边	shēn biān	s
2	982	越来越	yuè lái yuè	d
2	983	短	duǎn	a
2	988	意思	yì si	n,v
2	995	意见	yì jiàn	n
2	1010	查	Zhā / chá / zhā	v
2	1024	脚	jiǎo / jué	n,q
2	1031	主要	zhǔ yào	b,d
2	1040	市	shì	n
2	1045	不少	bù shǎo	m
2	1047	讨论	tǎo lùn	v,vn
2	1048	超过	chāo guò	v
2	1051	比如	bǐ rú	v
2	1053	假	gēi / jiǎ / jià	a,ad,n,g
2	1055	后来	hòu lái	t
2	1059	嘴	zuǐ	n
2	1067	自由	zì yóu	a,an,ad
2	1070	改	gǎi	v
2	1077	就要	jiù yào	d
2	1078	加油	jiā yóu	v,vn
2	1081	省	shěng / xǐng	n,v
2	1082	海	Hǎi / hǎi	n,nr
2	1082	夜	yè	tg,qt
2	1086	十分	shí fēn	d
2	1100	称	chèn / chēng / chèng	v,g,vn
2	1100	年轻	nián qīng	a
2	1104	条件	tiáo jiàn	n
2	1116	晚安	wǎn ān	v
2	1119	画	huà	n,v,q
2	1122	广告	guǎng gào	n
2	1125	提出	tí chū	v
2	1138	运动	yùn dòng	vn,n,v
2	1140	样子	yàng zi	n
2	1144	实现	shí xiàn	v,vn
2	1149	刚才	gāng cái	t
2	1150	猫	māo	n,v
2	1155	通	tōng / tòng	v,a,qv
2	1162	办公室	bàn gōng shì	n
2	1163	正确	zhèng què	a,ad
2	1164	爱情	ài qíng	n
2	1171	收到	shōu dào	v
2	1173	够	gòu	v,d
2	1179	正是	zhèng shì	v
2	1183	方向	fāng xiàng	n
2	1188	排	pái	v,q,n
2	1189	鱼	Yú / yú	n
2	1190	关心	guān xīn	v,vn
2	1196	节	jiē / jié	n,q,g,v
2	1196	留下	liú xià	v
2	1197	教育	jiào yù	vn,v
2	1197	日子	rì zi	n
2	1198	取	qǔ	v
2	1202	层	céng	qv,n
2	1214	心里	xīn li	s
2	1216	腿	tuǐ	n
2	1228	全国	quán guó	n
2	1234	街	jiē	n
2	1245	笔	bǐ	q,n
2	1246	通知	tōng zhī	n,v
2	1249	鞋	xié	n
2	1251	习惯	xí guàn	n,v
2	1260	目的	mù dì	n
2	1262	国际	guó jì	n
2	1269	周末	zhōu mò	t
2	1277	推	tuī	v
2	1283	听说	tīng shuō	v
2	1290	油	yóu	n
2	1299	科学	kē xué	n,a,ad
2	1301	喂	wéi / wèi	v,e
2	1302	心情	xīn qíng	n
2	1329	接着	jiē zhe	c,v
2	1337	流	liú	v,g
2	1340	实在	shí zài	d,a
2	1344	表	biǎo	n,g
2	1346	船	chuán	n
2	1346	养	yǎng	v
2	1356	鸡	jī	n
2	1358	遍	biàn	qv,v,d,a
2	1367	怎么样	zěn me yàng	r
2	1373	瓶	píng	q,n
2	1373	普通	pǔ tōng	a
2	1374	打算	dǎ suàn	v,n,vn
2	1381	重点	chóng diǎn / zhòng diǎn	n,d
2	1405	咱们	zán men	r
2	1411	小心	xiǎo xīn	a,v,ad
2	1419	不够	bù gòu	a
2	1422	怎么办	zěn me bàn	r,v
2	1431	举行	jǔ xíng	v
2	1433	想法	xiǎng fǎ	n,v
2	1438	动物	dòng wù	n
2	1439	不行	bù xíng	a
2	1452	明星	míng xīng	n
2	1454	级	jí	q,n
2	1475	顺利	shùn lì	a,ad
2	1490	水平	shuǐ píng	n
2	1491	网	wǎng	n,v
2	1495	借	jiè	v,p
2	1531	长大	zhǎng dà	v
2	1533	交给	jiāo gěi	v
2	1533	头发	tóu fa	n
2	1534	封	Fēng / fēng	q,v,g
2	1539	蛋	Dàn / dàn	n
2	1543	科	kē	n
2	1571	占	zhàn / zhān	v
2	1572	词	cí	n
2	1593	鸟	diǎo / niǎo	n
2	1609	取得	qǔ dé	v
2	1611	想起	xiǎng qǐ	v
2	1615	蓝	Lán / lán	a,g
2	1621	纸	zhǐ	n,q
2	1623	背	bēi / bèi	v,n
2	1626	一生	yī shēng	n
2	1631	照顾	zhào gu	v,vn
2	1635	急	jí	v,ad,a
2	1641	疼	téng	v,a
2	1647	态度	tài du	n
2	1652	小组	xiǎo zǔ	n
2	1670	数字	shù zì	n
2	1673	礼物	lǐ wù	n
2	1680	酒店	jiǔ diàn	n
2	1688	交通	jiāo tōng	n
2	1691	亮	liàng	v,a
2	1691	篇	piān	q,g
2	1693	出口	chū kǒu	v,vn
2	1705	味道	wèi dao	n
2	1707	平	Píng / píng	a,v
2	1714	出发	chū fā	v
2	1716	接到	jiē dào	v
2	1724	提高	tí gāo	v,vn
2	1728	千	qiān	m,t
2	1741	墙	qiáng	n
2	1761	满意	mǎn yì	v,vn
2	1768	食物	shí wù	n
2	1804	司机	sī jī	n
2	1807	大量	dà liàng	m
2	1809	黄	Huáng / huáng	nr,a,b
2	1814	轻	qīng	a,ad,v,g
2	1815	信号	xìn hào	n
2	1837	好多	hǎo duō	m
2	1838	经理	jīng lǐ	n
2	1854	大部分	dà bù fen	m,n
2	1880	吹	chuī	v
2	1880	颜色	yán sè	n
2	1888	成绩	chéng jì	n
2	1907	角度	jiǎo dù	n
2	1940	多么	duō me	d,a
2	1946	什么样	shén me yàng	r
2	1948	语言	yǔ yán	n
2	1965	网站	wǎng zhàn	n
2	1971	地球	dì qiú	n
2	1971	雪	Xuě / xuě	n
2	1980	那时	nà shí	r
2	1981	实际	shí jì	n,a,ad
2	1983	心中	xīn zhōng	s
2	2001	灯	dēng	n
2	2001	太阳	tài yang	n
2	2006	可怕	kě pà	a
2	2014	方便	fāng biàn	v,a,an
2	2016	爬	pá	v
2	2024	差不多	chà bu duō	l
2	2025	高中	gāo zhōng / gāo zhòng	n
2	2039	英语	Yīng yǔ	nz
2	2055	空气	kōng qì	n
2	2058	以下	yǐ xià	f
2	2060	喊	hǎn	v
2	2064	讲话	jiǎng huà	n,v
2	2065	大多数	dà duō shù	m
2	2071	随便	suí biàn	ad,a,v
2	2085	随时	suí shí	d
2	2104	合适	hé shì	a
2	2110	相同	xiāng tóng	a
2	2112	出生	chū shēng	v,vn
2	2124	以上	yǐ shàng	f
2	2125	名单	míng dān	n
2	2130	答应	dā ying	v
2	2134	公园	gōng yuán	n
2	2146	红色	hóng sè	n
2	2149	热情	rè qíng	an,a,ad
2	2171	到处	dào chù	d
2	2179	放下	fàng xià	v
2	2211	观点	guān diǎn	n
2	2218	公平	gōng píng	a,ad,an
2	2221	高级	gāo jí	a
2	2223	早就	zǎo jiù	d
2	2226	的话	de huà	u
2	2231	骑	jì / qí	v
2	2232	报纸	bào zhǐ	n
2	2237	响	xiǎng	v,a,q
2	2243	收入	shōu rù	n,v
2	2245	河	hé	n
2	2255	练	liàn	v
2	2311	举	jǔ	v,g
2	2322	多久	duō jiǔ	r,a
2	2332	租	zū	v,g
2	2337	同事	tóng shì	n
2	2340	球队	qiú duì	n
2	2343	舒服	shū fu	a
2	2348	上周	shàng zhōu	t
2	2350	单位	dān wèi	n
2	2354	体育	tǐ yù	n
2	2362	黑色	hēi sè	n
2	2367	道路	dào lù	n
2	2368	大人	dà ren	n
2	2370	角	Jué / jiǎo / jué	n,q,g
2	2383	绿色	lǜ sè	n
2	2385	旅行	lǚ xíng	v,vn
2	2388	公路	gōng lù	n
2	2399	主人	zhǔ rén	n
2	2405	信心	xìn xīn	n
2	2426	故意	gù yì	d,b
2	2427	闻	Wén / wén	v
2	2435	看法	kàn fǎ	n
2	2458	放心	fàng xīn	v,vn
2	2467	草	cǎo / cào	n
2	2468	湖	hú	n,b
2	2469	正好	zhèng hǎo	z
2	2470	院	yuàn	n,g
2	2501	安静	ān jìng	a
2	2521	道理	dào li	n
2	2531	公里	gōng lǐ	q,n
2	2534	好处	hǎo chǔ / hǎo chu	n
2	2534	旅游	lǚ yóu	vn,v
2	2574	作业	zuò yè	n,v,vn
2	2575	家长	jiā zhǎng	n
2	2608	绿	lǜ	a,an
2	2608	重复	chóng fù	v,vn,a
2	2624	小说	xiǎo shuō	n
2	2635	教师	jiào shī	n
2	2643	白色	bái sè	n
2	2661	理想	lǐ xiǎng	n,a
2	2676	感动	gǎn dòng	v,a,vn,an
2	2677	出租车	chū zū chē	n
2	2679	好事	hǎo shì / hào shì	n
2	2683	提到	tí dào	v
2	2684	不如	bù rú	v,c
2	2690	题	Tí / tí	n,v
2	2706	顾客	gù kè	n
2	2714	难过	nán guò	a
2	2717	组成	zǔ chéng	v,vn
2	2724	流行	liú xíng	v,vn
2	2733	送给	sòng gěi	v
2	2739	不久	bù jiǔ	m,d,t
2	2750	客人	kè rén	n
2	2767	人口	rén kǒu	n
2	2780	平时	píng shí	t
2	2785	比如说	bǐ rú shuō	v
2	2805	不好意思	bù hǎo yì si	v,a
2	2814	便宜	biàn yí / pián yi	a,v,an
2	2829	碰	pèng	v
2	2837	请求	qǐng qiú	v,n
2	2864	准确	zhǔn què	a,ad
2	2866	碗	wǎn	n,q
2	2877	碰到	pèng dào	v
2	2892	蓝色	lán sè	n
2	2899	懂得	dǒng de	v
2	2900	广场	guǎng chǎng	n
2	2909	好久	hǎo jiǔ	m
2	2925	夏天	xià tiān	t
2	2928	接下来	jiē xià lái	v,c
2	2932	早餐	zǎo cān	n
2	2934	图片	tú piàn	n
2	2947	车辆	chē liàng	n
2	2983	有意思	yǒu yì si	l
2	2994	早晨	zǎo chén	t
2	2997	出门	chū mén	v,vn
2	3014	以外	yǐ wài	f
2	3019	做法	zuò fǎ	n
2	3034	作家	zuò jiā	n
2	3036	全体	quán tǐ	n
2	3046	地铁	dì tiě	n
2	3050	熟	shú	a,ad
2	3067	小时候	xiǎo shí hou	t,n
2	3082	全身	quán shēn	n
2	3084	练习	liàn xí	v,vn
2	3116	咱	zán / zá	r
2	3137	平安	píng ān	a,an,ad,n,nz
2	3139	人数	rén shù	n
2	3177	队长	duì zhǎng	n
2	3191	南方	nán fāng	s,f
2	3210	友好	Yǒu hǎo / yǒu hǎo	a,ad
2	3215	亿	yì	m
2	3221	对话	duì huà	vn,v
2	3222	停车	tíng chē	v,vn
2	3291	冬天	dōng tiān	t
2	3335	云	yún / Yún	n,g,b
2	3336	青年	qīng nián	n
2	3350	好人	hǎo rén	n
2	3359	大声	dà shēng	d
2	3365	分开	fēn kāi	v,vn
2	3365	校长	xiào zhǎng	n
2	3369	市长	shì zhǎng	n
2	3400	自行车	zì xíng chē	n
2	3401	相机	xiàng jī	n
2	3403	花园	huā yuán	n
2	3433	影片	yǐng piàn	n
2	3440	温度	wēn dù	n
2	3464	等于	děng yú	v
2	3466	周年	zhōu nián	q
2	3477	节日	jié rì	n
2	3486	例如	lì rú	v
2	3506	重视	zhòng shì	v,vn
2	3512	洗澡	xǐ zǎo	v,vn
2	3519	今后	jīn hòu	t
2	3532	这时	zhè shí	r
2	3550	大大	dà dà	d,a
2	3551	科学家	kē xué jiā	n
2	3576	姓	xìng	v,n
2	3596	篮球	lán qiú	n
2	3610	晚餐	wǎn cān	n
2	3619	大门	Dà mén / dà mén	n
2	3620	晚会	wǎn huì	n
2	3641	大小	dà xiǎo	n
2	3647	不一定	bù yī dìng	
2	3675	少年	shào nián	n
2	3682	计算机	jì suàn jī	n
2	3699	难受	nán shòu	a
2	3756	刻	kè	v,qt
2	3793	参观	cān guān	v,vn
2	3823	太太	tài tai	n
2	3935	笔记本	bǐ jì běn	n
2	3939	对面	duì miàn	f,n,v
2	3960	信用卡	xìn yòng kǎ	n
2	4006	青少年	qīng shào nián	n
2	4039	特点	tè diǎn	n
2	4058	阴	Yīn / yīn	a,g,ad,b
2	4078	笑话	xiào hua	n
2	4088	凉	Liáng / liáng / liàng	a,v,ad,b,g
2	4153	平常	píng cháng	a,d,t,n
2	4161	不但	bù dàn	c
2	4212	半夜	bàn yè	t
2	4232	商量	shāng liang	v
2	4243	黄色	huáng sè	n
2	4286	姓名	xìng míng	n
2	4296	午餐	wǔ cān	n,v
2	4300	排队	pái duì	v,vn
2	4303	校园	xiào yuán	n
2	4305	等到	děng dào	v
2	4346	一部分	yī bù fen	m
2	4365	爱人	ài ren	n
2	4376	多数	duō shù	m
2	4391	西方	Xī fāng	s,f
2	4411	春天	chūn tiān	t
2	4427	超市	chāo shì	n
2	4445	球场	qiú chǎng	n
2	4464	住院	zhù yuàn	v,vn
2	4466	教学	jiāo xué / jiào xué	vn,n,v
2	4472	椅子	yǐ zi	n
2	4477	座位	zuò wèi	n
2	4518	忽然	hū rán	d
2	4572	假期	jià qī	t
2	4572	游客	yóu kè	n
2	4602	报名	bào míng	v,vn
2	4622	拿到	ná dào	v
2	4623	脏	zàng / zāng	a,g
2	4632	全家	quán jiā	n
2	4653	从小	cóng xiǎo	d
2	4742	饱	bǎo	a,ad,v
2	4765	一共	yī gòng	d
2	4781	月亮	yuè liang	n
2	4784	公斤	gōng jīn	q
2	4879	北方	běi fāng	s,f
2	4880	平等	píng děng	a,ad,an
2	4894	打工	dǎ gōng	v,vn
2	4903	星星	xīng xing	n
2	4950	多云	duō yún	
2	5004	不满	bù mǎn	an,a,v
2	5034	例子	lì zi	n
2	5082	教室	jiào shì	n
2	5135	快要	kuài yào	d
2	5137	东方	Dōng fāng / dōng fāng	s,f
2	5164	常见	cháng jiàn	a,v
2	5221	商人	shāng rén	n
2	5240	少数	shǎo shù	m
2	5277	走过	zǒu guò	v
2	5401	得出	dé chū	v
2	5419	起飞	qǐ fēi	v,vn
2	5430	网球	wǎng qiú	n
2	5453	停车场	tíng chē chǎng	n
2	5490	大海	dà hǎi	n
2	5512	做饭	zuò fàn	v
2	5547	出租	chū zū	v,vn
2	5552	这时候	zhè shíhòu	r,t
2	5562	老是	lǎo shi	d
2	5613	月份	yuè fèn	t,n
2	5700	坏人	huài rén	n
2	5808	天上	tiān shàng	s
2	5815	旅客	lǚ kè	n
2	5821	大衣	dà yī	n
2	5859	学期	xué qī	n
2	5880	路边	lù biān	s
2	5922	难题	nán tí	n
2	5927	入口	rù kǒu	n,v
2	6022	实习	shí xí	vn,v
2	6136	点头	diǎn tóu	v
2	6179	手表	shǒu biǎo	n
2	6239	院长	yuàn zhǎng	n
2	6344	东北	Dōng běi / dōng běi	s
2	6459	夜里	yè li	t
2	6465	音乐会	yīn yuè huì	n
2	6470	中年	zhōng nián	t
2	6479	院子	yuàn zi	n
2	6479	找出	zhǎo chū	
2	6563	名称	míng chēng	n
2	6646	分数	fēn shù	n
2	6741	瓶子	píng zi	n
2	6801	举手	jǔ shǒu	v,vn
2	6867	复习	fù xí	v,vn
2	6943	课堂	kè táng	n
2	6997	出国	chū guó	v,vn
2	7055	秋天	qiū tiān	t
2	7152	护照	hù zhào	n
2	7185	下雪	xià xuě	v
2	7197	英文	Yīng wén	nz
2	7200	气温	qì wēn	n
2	7217	画家	huà jiā	n
2	7235	骑车	qí chē	v
2	7237	西南	xī nán	s,f,ns
2	7263	西北	Xī běi / xī běi	s,ns,f
2	7277	海边	hǎi biān	s
2	7400	住房	zhù fáng	n
2	7409	出院	chū yuàn	v,vn
2	7477	体育馆	tǐ yù guǎn	n
2	7500	老朋友	lǎo péng you	n
2	7509	菜单	cài dān	n
2	7644	年级	nián jí	n
2	7742	走开	zǒu kāi	v
2	7920	笔记	bǐ jì	n
2	7943	外地	wài dì	s
2	7947	休假	xiū jià	v,vn,n
2	7958	小声	xiǎo shēng	v,d,ad
2	8020	大自然	dà zì rán	n
2	8114	送到	sòng dào	v
2	8233	打印	dǎ yìn	v,vn
2	8277	斤	jīn	q
2	8396	老年	lǎo nián	t,n
2	9002	照相	zhào xiàng	v,vn
2	9030	动物园	dòng wù yuán	n
2	9048	草地	cǎo dì	n
2	9052	药店	yào diàn	n
2	9098	回国	huí guó	v
2	9207	关机	guān jī	v
2	9343	晴	qíng	v
2	9622	班长	bān zhǎng	n
2	9671	常用	cháng yòng	a
2	9692	里头	lǐ tou	f
2	9854	请客	qǐng kè	v
2	9879	日报	rì bào	n
2	10141	行人	xíng rén	n
2	10160	开学	kāi xué	v,vn
2	10163	走进	zǒu jìn	v
2	10344	洗衣机	xǐ yī jī	n
2	10379	词语	cí yǔ	n
2	10428	句子	jù zi	n
2	10486	筷子	kuài zi	n
2	10575	体育场	tǐ yù chǎng	n
2	10622	组长	zǔ zhǎng	n
2	10798	作文	zuò wén	n
2	10838	东南	dōng nán	f
2	10888	个子	gè zi	n
2	11156	难看	nán kàn	a
2	11175	有点儿	yǒu diǎn r	
2	11176	地铁站	dì tiě zhàn	n
2	11411	快餐	kuài cān	n
2	11455	站住	zhàn zhù	v
2	11834	饺子	jiǎo zi	n
2	12848	开机	kāi jī	v
2	13591	公共汽车	gōng gòng qì chē	
2	13656	碰见	pèng jiàn	v
2	13961	字典	zì diǎn	n
2	13985	排球	pái qiú	n
2	14023	干杯	gān bēi	v
2	14490	过年	guò nián	v
2	14498	零下	líng xià	s
2	14568	拿出	ná chū	v
2	14640	中餐	zhōng cān	n
2	14859	晴天	qíng tiān	n
2	14869	普通话	pǔ tōng huà	n
2	15123	全年	quán nián	n
2	15470	爬山	pá shān	v,vn
2	15502	那会儿	nà huì r	r
2	15524	黑板	hēi bǎn	n
2	15748	外卖	wài mài	
2	16225	方便面	fāng biàn miàn	n
2	16449	饭馆	fàn guǎn	n
2	17153	球鞋	qiú xié	n
2	17449	流利	liú lì	a,ad
2	17456	交朋友	jiāo péng you	v
2	17523	一路顺风	yī lù shùn fēng	v
2	17540	晚报	wǎn bào	n
2	17675	难听	nán tīng	a,v
2	17705	药水	Yào shuǐ / yào shuǐ	n
2	18327	中医	Zhōng yī	n
2	18345	坏处	huài chu	n
2	18549	前年	qián nián	t
2	18663	词典	cí diǎn	n
2	18907	千克	qiān kè	q
2	19022	问路	wèn lù	v
2	19120	叫作	jiào zuò	v
2	19483	凉快	liáng kuai	a
2	19822	午睡	wǔ shuì	v
2	19934	药片	yào piàn	n
2	20226	音节	yīn jié	n
2	20452	中级	zhōng jí	b
2	20631	一点点	yī diǎn diǎn	t,m
2	22596	春节	Chūn jié	t
2	24084	留学生	liú xué shēng	n
2	25274	阴天	yīn tiān	n
2	25471	西医	xī yī	n
2	26538	听讲	tīng jiǎng	v
2	26644	考生	kǎo shēng	n
2	28795	读音	dú yīn	n
2	29379	中小学	zhōng xiǎo xué	n
2	31561	西餐	xī cān	n
2	32899	一路平安	yī lù píng ān	
2	35153	不一会儿	bù yīhuǐr5	l
2	41800	干活儿	gàn huó r	v
2	58429	不太	bù tài	nr
2	61776	生词	shēng cí	n
2	69994	画儿	huà r	
2	1000000	短信	duǎn xìn	
2	1000000	公交车	gōng jiāo chē	
2	1000000	见过	jiànguò	
2	1000000	快点儿	kuài diǎn r	
2	1000000	那时候	nà shí hou	
2	1000000	挺好	tǐng hǎo	
2	1000000	下周	xià zhōu	
2	1000000	笑话儿	xiàohuar5	
2	1000000	银行卡	yín háng kǎ	
2	1000000	有空儿	yǒukòngr5	
2	1000000	有一点儿	yǒu yī diǎn r	
3	50	把	bǎ / bà	p,qv,v,m
3	54	被	bèi	p,g,d
3	113	就是	jiù shì	v,d
3	115	时	shí / Shí	g,t
3	131	需要	xū yào	v,n,vn
3	132	开始	kāi shǐ	v,vn
3	148	并	bìng / Bīng	d,cc
3	159	所	suǒ	u,q,n
3	177	死	sǐ	v,a,vn,d
3	179	种	zhǒng / zhòng	q,v,g
3	182	希望	xī wàng	v,n,vn
3	211	发生	fā shēng	v,vn
3	229	为了	wèi le	p,v
3	236	只是	zhǐ shì	d,c,v
3	238	世界	shì jiè	n
3	245	情况	qíng kuàng	n
3	275	比赛	bǐ sài	vn,v
3	285	继续	jì xù	v
3	291	心	xīn	n
3	303	已	yǐ	d
3	316	张	Zhāng / zhāng	q,nr,v,g
3	318	关系	guān xi	n,v
3	319	内	nèi	f
3	335	总	zǒng	d,b,v
3	340	每	měi	r
3	343	美	Měi / měi	b,a,g,an
3	350	一切	yī qiè	r
3	353	由	yóu	p,v
3	356	任何	rèn hé	r
3	366	决定	jué dìng	v,n
3	374	只有	zhǐ yǒu	c,d,v
3	391	如何	rú hé	r
3	393	受	shòu	v
3	400	使	shǐ	v
3	405	其实	qí shí	d
3	406	连	Lián / lián	u,d,v,n
3	423	当然	dāng rán	d,b
3	426	部	bù	q,n
3	448	消息	xiāo xi	n
3	452	表现	biǎo xiàn	v,vn
3	458	解决	jiě jué	v,vn
3	476	成功	Chéng gōng / chéng gōng	a,an,ad
3	498	结束	jié shù	v,vn
3	499	者	zhě	k,r,y,n,g,u
3	508	转	zhuǎi / zhuǎn / zhuàn	v
3	512	调查	diào chá	v,vn
3	513	方式	fāng shì	n
3	516	美元	Měi yuán	q,n
3	525	处理	chǔ lǐ	v,vn
3	529	强	Qiáng / jiàng / qiáng / qiǎng	a,g,ad
3	534	能力	néng lì	n
3	536	保护	bǎo hù	v,vn
3	545	管	guǎn / Guǎn	v,q
3	546	支持	zhī chí	v,vn
3	547	注意	zhù yì	v,vn
3	556	活	huó	v,n,a
3	567	拍	pāi	v,q,g
3	572	整个	zhěng gè	b,m,n
3	575	极了	jí le	y,u
3	586	保证	bǎo zhèng	v,vn
3	591	根本	gēn běn	d,n,a
3	593	城市	chéng shì	n
3	603	目前	mù qián	t
3	603	游戏	yóu xì	n,v
3	605	马	Mǎ / mǎ	n,nr,b
3	607	比较	bǐ jiào	d,vn,v
3	621	存在	cún zài	v,vn
3	625	终于	zhōng yú	d
3	627	现场	xiàn chǎng	s
3	628	下来	xià lai	v
3	636	个人	gè rén	n
3	638	除了	chú le	p
3	638	区	Oū / qū	n
3	638	总是	zǒng shì	d,v
3	639	指	zhǐ	v,g
3	640	精神	jīng shén / jīng shen	n
3	642	双	Shuāng / shuāng	m,q
3	644	保持	bǎo chí	v,vn
3	644	代表	dài biǎo	n,v
3	644	突然	tū rán	ad,a
3	648	里面	lǐ miàn	f
3	651	确定	què dìng	v,vn
3	657	目标	mù biāo	n
3	664	任务	rèn wu	n
3	664	容易	róng yì	a,ad
3	667	联系	lián xì	v,vn
3	668	合作	hé zuò	vn,v
3	668	因此	yīn cǐ	c
3	671	人员	rén yuán	n
3	678	按	àn	p,v
3	679	线	xiàn	n,q
3	681	报告	bào gào	n,v
3	696	台	Tái / tái	q,n,b
3	705	生命	shēng mìng	n
3	710	明显	míng xiǎn	a,ad
3	715	伤	shāng	v,n
3	723	曾经	céng jīng	d
3	725	另外	lìng wài	r,c,d
3	726	简单	jiǎn dān	a,ad
3	726	血	xuè	n
3	741	到底	dào dǐ	d,v
3	744	绝对	jué duì	d,a
3	751	坚持	jiān chí	v
3	751	派	pài	v,n,q
3	752	好好	hǎo hǎo	d,z
3	758	技术	jì shù	n
3	765	设计	shè jì	v,vn
3	766	利用	lì yòng	v,vn
3	775	性	xìng	g,n,k
3	782	建议	jiàn yì	n,v
3	786	各位	gè wèi	r
3	797	约	yāo / yuē	d,b,v,g
3	797	抓	zhuā	v
3	800	光	guāng	n,d,v,a
3	807	意义	yì yì	n
3	817	父亲	fù qīn	n
3	827	并且	bìng qiě	c
3	828	金	Jīn / jīn	b,g,nr,tg
3	836	社会	shè huì	n
3	838	下去	xià qù	v
3	838	证明	zhèng míng	v,n,vn
3	844	记者	jì zhě	n
3	850	确实	què shí	ad,a,d
3	851	力	Lì / lì	n,g
3	859	发展	fā zhǎn	v,vn
3	862	谈	Tán / tán	v,g
3	868	至少	zhì shǎo	d
3	876	负责	fù zé	v,vn,a
3	878	首先	shǒu xiān	d,c
3	880	交易	jiāo yì	n,vn,v
3	884	理解	lǐ jiě	v,vn
3	886	报道	bào dào	v,n,vn
3	891	父母	fù mǔ	n
3	892	城	chéng	n
3	900	安排	ān pái	v,vn
3	900	力量	lì liang	n
3	902	敢	gǎn	v,g
3	910	造成	zào chéng	v
3	913	某	mǒu	r
3	915	随	Suí / suí	p,v,g
3	915	支	Zhī / zhī	q,v
3	926	人生	rén shēng	n
3	928	会议	huì yì	n
3	928	幸福	xìng fú	a,an,nz
3	929	自然	zì rán	n,d,a
3	935	责任	zé rèn	n
3	949	失去	shī qù	v
3	952	赢	yíng	v
3	967	报	bào	n,v
3	970	人民	rén mín	n
3	972	步	Bù / bù	qv,n,v
3	973	面对	miàn duì	v
3	973	事件	shì jiàn	n
3	981	压力	yā lì	n
3	982	结婚	jié hūn	v,vn
3	982	由于	yóu yú	p,c
3	983	母亲	mǔ qīn	n
3	985	同意	tóng yì	v,vn
3	985	训练	xùn liàn	vn,v
3	992	部门	bù mén	n
3	1002	过程	guò chéng	n
3	1014	深	shēn	a,d,g,b
3	1022	各	gè	r
3	1025	选手	xuǎn shǒu	n
3	1029	仍然	réng rán	d
3	1030	显示	xiǎn shì	v,vn
3	1036	属于	shǔ yú	v
3	1037	值得	zhí de	v
3	1038	人类	rén lèi	n
3	1044	亲	qīn / qìng	v,a,ad,g
3	1047	经历	jīng lì	v,n
3	1050	仍	réng	d
3	1073	紧张	jǐn zhāng	a,ad,an
3	1086	仅	jǐn	d
3	1092	挂	guà	v,q
3	1092	事实	shì shí	n
3	1093	本来	běn lái	d,b
3	1095	基本	jī běn	a,ad,n
3	1096	类	lèi	q,n,g
3	1096	专家	zhuān jiā	n
3	1099	跳	tiào	v,vn,q
3	1103	久	jiǔ	a,g,ad
3	1117	以来	yǐ lái	f
3	1118	反应	fǎn yìng	vn,v,n
3	1123	地区	dì qū	n
3	1125	关注	guān zhù	v,vn
3	1127	表演	biǎo yǎn	vn,v
3	1128	警察	jǐng chá	n
3	1136	价值	jià zhí	n
3	1139	相当	xiāng dāng	d,v,vn
3	1141	困难	kùn nan	a,an
3	1146	专业	zhuān yè	n
3	1147	难道	nán dào	d
3	1148	牛	Niú / niú	n,g,nr
3	1151	规定	guī dìng	n,v
3	1155	产生	chǎn shēng	v,vn
3	1158	对方	duì fāng	n
3	1158	状态	zhuàng tài	n
3	1165	群	qún	q,g
3	1165	照	zhào	v,p,g,d
3	1171	环境	huán jìng	n
3	1181	火	Huǒ / huǒ	n,a,v
3	1182	建立	jiàn lì	v,vn
3	1185	更加	gèng jiā	d
3	1185	老板	lǎo bǎn / Lǎo bǎn	n
3	1190	市场	shì chǎng	n
3	1191	必要	bì yào	a,an
3	1197	祝	Zhù / zhù	v,nr
3	1201	危险	wēi xiǎn	a,an,n
3	1202	管理	guǎn lǐ	vn,v
3	1206	乱	luàn	d,a,v
3	1211	适合	shì hé	v
3	1215	正式	zhèng shì	ad,a
3	1217	救	jiù	v,vn
3	1222	从来	cóng lái	d
3	1231	图	tú	n,v
3	1232	实际上	shí jì shàng	d
3	1234	达到	dá dào	v
3	1237	现实	xiàn shí	n,a
3	1245	不断	bù duàn	d
3	1246	媒体	méi tǐ	n
3	1246	内容	nèi róng	n
3	1248	上面	shàng miàn	f
3	1254	痛	tòng	a,g,an
3	1257	感情	gǎn qíng	n
3	1260	观众	guān zhòng	n
3	1262	变化	biàn huà	vn,v
3	1262	美丽	měi lì	a,an
3	1265	追	duī / zhuī	v
3	1269	经验	jīng yàn	n,v
3	1271	集中	jí zhōng	v,ad,a
3	1272	破	pò	v,a
3	1280	理由	lǐ yóu	n
3	1285	刀	Dāo / dāo	n,q
3	1286	感受	gǎn shòu	v,vn
3	1292	完美	wán měi	a,ad
3	1292	直到	zhí dào	v
3	1294	传	chuán / zhuàn	v,g,vn
3	1299	真实	zhēn shí	a,ad,an
3	1300	后面	hòu mian	f
3	1305	错误	cuò wù	n,a
3	1305	记录	jì lù	n,v
3	1315	整	zhěng	m,v,a
3	1317	标准	biāo zhǔn	n,a
3	1317	职业	zhí yè	n
3	1320	精彩	jīng cǎi	a
3	1321	朝	Cháo / cháo / zhāo	p,tg,b,v,q
3	1322	值	zhí	v,n,a
3	1325	范围	fàn wéi	n
3	1326	事业	shì yè	n
3	1336	痛苦	tòng kǔ	an,a,ad
3	1337	速度	sù dù	n
3	1342	文件	wén jiàn	n
3	1345	空	kōng / kòng	a,v,g,d
3	1345	显然	xiǎn rán	a,ad
3	1351	左右	zuǒ yòu	m,f,v
3	1352	外面	wài miàn	f
3	1352	效果	xiào guǒ	n
3	1372	状况	zhuàng kuàng	n
3	1375	架	jià	qv,v,g
3	1376	经济	jīng jì	n
3	1378	按照	àn zhào	p,v
3	1379	有效	yǒu xiào	a,ad
3	1381	反对	fǎn duì	v,vn
3	1381	作品	zuò pǐn	n
3	1382	室	Shì / shì	n
3	1384	时代	Shí dài / shí dài	n
3	1387	伟大	wěi dà	a
3	1389	哈哈	hā hā	o
3	1396	准	zhǔn	a,d,h,v
3	1403	输	shū	v
3	1405	充满	chōng mǎn	v
3	1409	皮	Pí / pí	n,a
3	1413	要是	yào shi	c,v
3	1415	系	xì / jì	v,n
3	1419	增加	zēng jiā	v,vn
3	1420	直	Zhí / zhí	d,a,v
3	1425	成员	chéng yuán	n
3	1430	保险	bǎo xiǎn	n,a,v
3	1430	年代	nián dài	n
3	1433	领导	lǐng dǎo	n,v,vn
3	1445	胜利	shèng lì	v,vn,nz
3	1454	受伤	shòu shāng	v,vn
3	1455	程度	chéng dù	n
3	1458	代	dài	v,q,n
3	1459	下面	xià miàn	f
3	1462	理论	lǐ lùn	n
3	1467	不仅	bù jǐn	c
3	1467	宣布	xuān bù	v
3	1473	期	qī	qv,g
3	1474	姑娘	gū niang	n
3	1476	创造	chuàng zào	v,vn
3	1481	调	diào / tiáo	v,n
3	1488	艺术	yì shù	n
3	1492	麻烦	má fan	an,a,v,n
3	1493	事故	shì gù	n
3	1500	美好	měi hǎo	a
3	1500	抓住	zhuā zhù	v
3	1505	武器	wǔ qì	n
3	1510	各种	gè zhǒng	r
3	1525	思想	sī xiǎng	n
3	1527	破坏	pò huài	v,vn
3	1528	消失	xiāo shī	v,vn
3	1536	害怕	hài pà	v,vn
3	1547	龙	Lóng / lóng	n,nr
3	1555	满足	mǎn zú	v,an,a,vn
3	1557	配	pèi	v
3	1567	等待	děng dài	v,vn
3	1568	演出	yǎn chū	v,vn
3	1572	乐	Lè / Yuè / lè / yuè	a,g,v,ad,an
3	1577	事实上	shì shí shàng	l
3	1582	超级	chāo jí	b,d
3	1583	猪	zhū	n
3	1590	设备	shè bèi	n
3	1597	保	Bǎo / bǎo	v,b
3	1597	团	tuán	n,q
3	1599	世纪	shì jì	n
3	1600	制造	zhì zào	v,vn
3	1601	紧	jǐn	a,d
3	1603	对手	duì shǒu	n
3	1605	证	zhèng	n,g
3	1606	不得不	bù dé bù	d
3	1609	当地	dāng dì	s
3	1611	大概	dà gài	d,n
3	1613	演	yǎn	v
3	1617	顿	dùn	qv,g
3	1623	共同	gòng tóng	d,b
3	1627	杂志	zá zhì	n
3	1632	停止	tíng zhǐ	v
3	1632	文化	wén huà	n
3	1638	具体	jù tǐ	a,ad
3	1643	合	gě / hé	v
3	1643	演员	yǎn yuán	n
3	1649	周围	zhōu wéi	f
3	1655	奇怪	qí guài	v,a
3	1657	复杂	fù zá	a
3	1660	表达	biǎo dá	v,vn
3	1663	胜	shèng	v,g
3	1664	慢慢	màn màn	d
3	1672	压	yā / yà	v
3	1674	确保	què bǎo	v
3	1679	建	jiàn	v
3	1688	队员	duì yuán	n
3	1692	足够	zú gòu	v,vn
3	1694	布	bù	n,g,b,nr
3	1698	咖啡	kā fēi	n
3	1701	采取	cǎi qǔ	v
3	1703	意外	yì wài	a,an,ad
3	1705	风险	fēng xiǎn	n
3	1705	时刻	shí kè	n,d
3	1707	断	duàn	v,vn
3	1708	观察	guān chá	v,vn
3	1708	千万	qiān wàn	m,t
3	1714	钟	Zhōng / zhōng	n,nr
3	1720	接近	jiē jìn	v,vn
3	1734	重大	zhòng dà	a
3	1735	表明	biǎo míng	v
3	1749	持续	chí xù	v,vn
3	1749	具有	jù yǒu	v
3	1750	和平	Hé píng / hé píng	n,ad,a
3	1759	板	bǎn / pàn	g,n,v,q,a
3	1771	发表	fā biǎo	v
3	1778	修	Xiū / xiū	v
3	1782	相关	xiāng guān	vn,v
3	1783	价格	jià gé	n
3	1787	旧	jiù	a,g
3	1789	前面	qián miàn	f
3	1797	简直	jiǎn zhí	d
3	1809	退	tuì	v
3	1814	强大	qiáng dà	a
3	1826	证据	zhèng jù	n
3	1828	交流	jiāo liú	vn,v
3	1830	幸运	xìng yùn	a,an,ad
3	1835	制作	zhì zuò	v,vn
3	1838	教练	jiào liàn	n
3	1840	付	Fù / fù	v,q
3	1840	公开	gōng kāi	v,ad,a,vn
3	1851	资金	zī jīn	n
3	1852	员工	yuán gōng	n
3	1858	全球	quán qiú	n
3	1863	升	shēng	v,q
3	1867	经营	jīng yíng	v,vn
3	1868	困	kùn	v,an,a,vn
3	1869	初	chū	f,d,g
3	1874	员	yuán	g,q,n
3	1875	立刻	lì kè	d
3	1879	实验	shí yàn	vn,n,v
3	1880	取消	qǔ xiāo	v
3	1897	通常	tōng cháng	d,b
3	1912	对象	duì xiàng	n
3	1924	浪费	làng fèi	v,vn
3	1935	合理	hé lǐ	a,ad
3	1943	任	Rén / rèn	v,qv
3	1953	香	xiāng	n,a,v
3	1955	成熟	chéng shú	a,an
3	1958	文章	wén zhāng	n
3	1963	信任	xìn rèn	v,vn
3	1968	反正	fǎn zhèng	d
3	1974	内心	nèi xīn	n
3	1978	发出	fā chū	v
3	1994	赶紧	gǎn jǐn	d
3	1996	进一步	jìn yī bù	d,b
3	1997	费	Fèi / fèi	n,v,nr
3	2008	防	fáng	v
3	2023	舞台	wǔ tái	n
3	2027	化	huā / huà	v,k,vn
3	2029	不必	bù bì	d
3	2030	现金	xiàn jīn	n
3	2032	调整	tiáo zhěng	v,vn
3	2036	糖	táng	n
3	2043	阳光	yáng guāng	n,nz
3	2044	领	lǐng	v
3	2072	紧急	jǐn jí	a,ad
3	2072	宣传	xuān chuán	vn,v
3	2080	优势	yōu shì	n
3	2091	互相	hù xiāng	d,b
3	2094	科技	kē jì	n
3	2109	导演	dǎo yǎn	
3	2109	印象	yìn xiàng	n
3	2110	烟	yān	n
3	2112	生意	shēng yì / shēng yi	n
3	2113	赶	gǎn	v
3	2114	存	cún	v
3	2119	评价	píng jià	v,vn
3	2120	桥	qiáo	n
3	2123	迷	mí	v,g
3	2124	形象	xíng xiàng	n,a
3	2127	上去	shàng qù	v
3	2128	仅仅	jǐn jǐn	d
3	2129	商业	shāng yè	n
3	2131	到达	dào dá	v
3	2133	主任	zhǔ rèn	n
3	2135	基础	jī chǔ	n
3	2138	功能	gōng néng	n
3	2146	生产	shēng chǎn	vn,v
3	2147	适应	shì yìng	v,vn
3	2151	进展	jìn zhǎn	vn,v
3	2151	试验	shì yàn	vn,v
3	2157	成长	chéng zhǎng	v,vn
3	2164	游	Yóu / yóu	v,g,vn
3	2171	指导	zhǐ dǎo	v,vn
3	2176	食品	shí pǐn	n
3	2186	大约	dà yuē	d
3	2190	联合	lián hé	v,vn
3	2193	铁	Tiě / tiě	n,v
3	2200	录	lù / Lù	v,g,vn
3	2206	提前	tí qián	v,vn
3	2208	组合	zǔ hé	v,n,vn
3	2212	积极	jī jí	a,ad
3	2212	强烈	qiáng liè	a,ad
3	2213	争取	zhēng qǔ	v
3	2237	汤	Tāng / shāng / tāng	n,nr
3	2245	恐怕	kǒng pà	d
3	2254	搬	bān	v
3	2256	自从	zì cóng	p
3	2268	命运	mìng yùn	n
3	2271	女子	nǚ zǐ	n
3	2276	类似	lèi sì	a,v
3	2279	尽量	jǐn liàng / jìn liàng	d
3	2280	及时	jí shí	ad,a
3	2288	专门	zhuān mén	d,b
3	2290	资格	zī gé	n
3	2299	工具	gōng jù	n
3	2309	快速	kuài sù	d,b
3	2315	连续	lián xù	a,ad
3	2326	决赛	jué sài	vn,v
3	2329	厂	hǎn / chǎng	n
3	2335	形成	xíng chéng	v,vn
3	2349	背后	bèi hòu	f
3	2349	配合	pèi hé	v,vn
3	2352	显得	xiǎn de	v
3	2353	亲自	qīn zì	d
3	2356	公共	gōng gòng	b
3	2364	费用	fèi yòng	n
3	2365	自动	zì dòng	d,b
3	2369	明确	míng què	a,v,ad
3	2371	结合	jié hé	v,vn
3	2374	当中	dāng zhōng	f
3	2377	男子	nán zǐ	n
3	2389	生存	shēng cún	v,vn
3	2396	胖	pán / pàng	a
3	2399	土	Tǔ / tǔ	n,b,a
3	2410	念	niàn	v,g
3	2425	进步	jìn bù	vn,v,a
3	2429	对待	duì dài	v,vn
3	2435	村	cūn	n
3	2440	现象	xiàn xiàng	n
3	2445	实力	shí lì	n
3	2448	缺	quē	v
3	2470	主动	zhǔ dòng	ad,a,an
3	2472	甜	tián	a
3	2475	服装	fú zhuāng	n
3	2476	形式	xíng shì	n
3	2480	判断	pàn duàn	v,vn,n
3	2491	前往	qián wǎng	v
3	2492	相互	xiāng hù	d,b
3	2498	成立	chéng lì	v,vn
3	2512	现代	Xiàn dài / xiàn dài	t
3	2532	工资	gōng zī	n
3	2542	深刻	shēn kè	a,ad
3	2543	庆祝	qìng zhù	v,vn
3	2543	伤心	shāng xīn	a
3	2549	眼前	yǎn qián	s,t
3	2550	足球	zú qiú	n
3	2552	全面	quán miàn	ad,a
3	2553	体验	tǐ yàn	v,vn
3	2557	话题	huà tí	n
3	2557	坚强	jiān qiáng	a,an
3	2558	古	Gǔ / gǔ	a,tg
3	2562	苹果	píng guǒ	n
3	2564	银	yín	b,g,n
3	2566	区别	qū bié	n,v
3	2570	合法	hé fǎ	a,ad
3	2574	羊	Yáng / yáng	n
3	2601	将来	jiāng lái	t
3	2608	造	zào	v
3	2614	个性	gè xìng	n
3	2614	批准	pī zhǔn	v,vn
3	2618	前进	qián jìn	v,vn
3	2622	啤酒	pí jiǔ	n
3	2625	机器	jī qì	n
3	2655	公布	gōng bù	v
3	2656	工厂	gōng chǎng	n
3	2661	指出	zhǐ chū	v
3	2669	举办	jǔ bàn	v,vn
3	2673	人才	rén cái	n
3	2674	看上去	kàn shang qu	v
3	2712	环	Huán / huán	n,v,q
3	2714	双方	shuāng fāng	n
3	2723	离婚	lí hūn	v,vn
3	2723	退出	tuì chū	v,vn
3	2724	支付	zhī fù	v,vn
3	2729	赶快	gǎn kuài	d
3	2737	整理	zhěng lǐ	v,vn
3	2738	吵	chǎo	v
3	2739	丰富	fēng fù	a,v
3	2740	动力	dòng lì	n
3	2753	温暖	wēn nuǎn	an,a,v
3	2763	齐	Qí / qí	a,d,v,nr,tg,b
3	2771	表面	biǎo miàn	n
3	2791	领先	lǐng xiān	v,vn
3	2796	作者	zuò zhě	n
3	2810	上升	shàng shēng	v,vn
3	2813	声明	shēng míng	n,v
3	2818	围	Wéi / wéi	v
3	2824	路线	lù xiàn	n
3	2824	完整	wán zhěng	a,ad,an
3	2830	谈判	tán pàn	vn,v
3	2835	飞行	fēi xíng	vn,v
3	2836	较	jiào	d,p
3	2842	纪念	jì niàn	v,vn
3	2845	福	Fú / fú	n
3	2850	补	bǔ	v
3	2860	赶到	gǎn dào	v
3	2877	公民	gōng mín	n
3	2878	当初	dāng chū	t
3	2885	分别	fēn bié	d,v
3	2889	愿望	yuàn wàng	n
3	2911	长期	cháng qī	b,d
3	2916	数量	shù liàng	n
3	2921	保留	bǎo liú	v,vn
3	2934	相比	xiāng bǐ	v
3	2940	深入	shēn rù	v,ad,a
3	2940	石油	shí yóu	n
3	2942	情感	qíng gǎn	n
3	2946	称为	chēng wéi	v
3	2966	人群	rén qún	n
3	2980	计算	jì suàn	v,vn
3	2981	开发	kāi fā	v,vn
3	2984	始终	shǐ zhōng	d,n
3	2989	争	zhēng	v,g,vn
3	2991	订	dìng	v
3	3002	卫生	wèi shēng	an,a
3	3016	富	Fù / fù	g,a
3	3019	加强	jiā qiáng	v,vn
3	3028	保安	bǎo ān	b,n,v
3	3028	歌手	gē shǒu	n
3	3028	实验室	shí yàn shì	n
3	3036	开放	kāi fàng	v,vn,a
3	3044	各地	gè dì	r
3	3053	性格	xìng gé	n
3	3060	团结	tuán jié	v,an,a
3	3065	展开	zhǎn kāi	v,vn
3	3068	把握	bǎ wò	v,vn,n
3	3075	成就	chéng jiù	n,v
3	3080	课程	kè chéng	n
3	3085	看起来	kàn qǐ lai	v
3	3090	发动	fā dòng	v
3	3104	果然	guǒ rán	d,c
3	3107	放到	fàng dào	v
3	3112	静	jìng	a,ad,v,an
3	3122	需求	xū qiú	n
3	3132	只好	zhǐ hǎo	d
3	3134	国内	guó nèi	s
3	3136	谈话	tán huà	vn,v,n
3	3138	传说	chuán shuō	n,v
3	3151	转变	zhuǎn biàn	v,vn
3	3153	能不能	néng bùnéng	
3	3155	至今	zhì jīn	d
3	3157	后果	hòu guǒ	n
3	3158	打破	dǎ pò	v
3	3160	上来	shàng lái	v
3	3169	石头	shí tou	n
3	3176	主持	zhǔ chí	v,vn
3	3182	访问	fǎng wèn	v,vn
3	3190	先进	xiān jìn	a,n
3	3200	才能	cái néng	n,v,nr
3	3200	文明	wén míng	n,a,ad
3	3207	西部	xī bù	f
3	3240	玩具	wán jù	n
3	3244	防止	fáng zhǐ	v
3	3247	年纪	nián jì	n
3	3254	采用	cǎi yòng	v
3	3266	手指	shǒu zhǐ	n
3	3292	天空	tiān kōng	n
3	3310	制度	zhì dù	n
3	3316	工业	gōng yè	n
3	3320	广播	guǎng bō	vn,n,v
3	3339	从事	cóng shì	v
3	3348	改造	gǎi zào	v,vn
3	3364	制定	zhì dìng	v,vn
3	3374	直播	zhí bō	v,vn
3	3391	应当	yīng dāng	v
3	3394	交往	jiāo wǎng	vn,v
3	3398	各自	gè zì	r
3	3411	不论	bù lùn	c
3	3442	退休	tuì xiū	v,vn
3	3448	成果	chéng guǒ	n
3	3465	概念	gài niàn	n
3	3475	创作	chuàng zuò	v,vn,n
3	3486	据说	jù shuō	v
3	3490	自身	zì shēn	r
3	3492	整天	zhěng tiān	d
3	3502	去世	qù shì	v,vn
3	3504	批评	pī píng	v,vn
3	3521	增长	zēng zhǎng	v,vn
3	3538	部长	bù zhǎng	n
3	3559	否认	fǒu rèn	v,vn
3	3584	主意	zhǔ yi	n
3	3605	体会	tǐ huì	v,vn
3	3621	感冒	gǎn mào	v,vn
3	3638	高速	gāo sù	b,d
3	3644	观看	guān kàn	v
3	3651	推进	tuī jìn	v,vn
3	3653	安装	ān zhuāng	v,vn
3	3660	欢乐	huān lè	a,an
3	3675	功夫	gōng fu	n
3	3675	团体	tuán tǐ	n
3	3692	房屋	fáng wū	n
3	3694	得分	dé fēn	v,n
3	3694	纪录	jì lù	n,v
3	3695	游泳	yóu yǒng	v,vn
3	3705	基本上	jī běn shang	d
3	3710	农民	nóng mín	n
3	3724	民族	mín zú	n
3	3735	商品	shāng pǐn	n
3	3739	属	shǔ / zhǔ	v
3	3765	裤子	kù zi	n
3	3770	运输	yùn shū	vn,v
3	3790	传播	chuán bō	v,vn
3	3798	好奇	hào qí	a,v,an
3	3804	集体	jí tǐ	n
3	3808	预计	yù jì	v,vn
3	3824	落后	luò hòu	a,an
3	3832	沙发	shā fā	n
3	3839	强调	qiáng diào	v
3	3846	加快	jiā kuài	v
3	3850	考验	kǎo yàn	vn,v
3	3851	分配	fēn pèi	v,vn
3	3860	乐队	yuè duì	n
3	3862	演唱会	yǎn chàng huì	n
3	3871	修改	xiū gǎi	v,vn
3	3897	演唱	yǎn chàng	v,vn
3	3916	保存	bǎo cún	v,vn
3	3920	跳舞	tiào wǔ	v,vn
3	3940	电视台	diàn shì tái	n
3	3943	发明	fā míng	v,n,vn
3	3952	播放	bō fàng	v,vn
3	3970	邮件	yóu jiàn	n
3	3980	突出	tū chū	a,v,ad
3	3998	其次	qí cì	c,r
3	4002	乐观	lè guān	a,an
3	4022	会员	huì yuán	n
3	4022	热烈	rè liè	a,ad
3	4024	相似	xiāng sì	a
3	4037	联合国	Lián hé guó	nt
3	4050	往往	wǎng wǎng	d
3	4056	带领	dài lǐng	v,vn
3	4079	可靠	kě kào	a
3	4092	决心	jué xīn	n,d
3	4097	球迷	qiú mí	n
3	4107	补充	bǔ chōng	v,vn
3	4119	克服	kè fú	v
3	4168	文字	wén zì	n
3	4172	有利	yǒu lì	a
3	4185	热爱	rè ài	v,vn
3	4185	体现	tǐ xiàn	v,vn
3	4188	家具	jiā jù	n
3	4189	生长	shēng zhǎng	v,vn
3	4212	特色	tè sè	n
3	4222	电视剧	diàn shì jù	n
3	4225	整体	zhěng tǐ	n
3	4226	身份证	shēn fèn zhèng	n
3	4234	收费	shōu fèi	vn,v
3	4264	迎接	yíng jiē	v
3	4265	改进	gǎi jìn	v,vn
3	4276	建设	jiàn shè	vn,v
3	4277	文学	wén xué	n
3	4295	难度	nán dù	n
3	4295	头脑	tóu nǎo	n
3	4296	屋子	wū zi	n
3	4310	铁路	tiě lù	n
3	4315	通信	tōng xìn	vn,v
3	4326	缺少	quē shǎo	v
3	4327	环保	huán bǎo	n
3	4334	家乡	jiā xiāng	n
3	4350	发送	fā sòng	v,vn
3	4365	播出	bō chū	v,vn
3	4369	读者	dú zhě	n
3	4382	消费	xiāo fèi	vn,v
3	4383	实行	shí xíng	v
3	4413	吵架	chǎo jià	v
3	4427	巧	qiǎo	a,ad
3	4472	不安	bù ān	a,an
3	4483	首都	shǒu dū	n
3	4509	整整	zhěng zhěng	d
3	4527	发言	fā yán	v,vn
3	4558	观念	guān niàn	n
3	4591	告别	gào bié	v,vn
3	4626	反复	fǎn fù	d,v,vn
3	4680	场所	chǎng suǒ	n
3	4699	亲人	qīn rén	n
3	4715	早已	zǎo yǐ	d
3	4719	初步	chū bù	d,b
3	4723	比例	bǐ lì	n
3	4724	输入	shū rù	v,vn
3	4749	创新	chuàng xīn	v,vn
3	4753	总结	zǒng jié	v,vn
3	4763	空调	kōng tiáo	n
3	4773	南部	nán bù	f
3	4841	没用	méi yòng	v,a
3	4851	另一方面	lìng yī fāng miàn	c
3	4865	营养	yíng yǎng	n
3	4870	排名	pái míng	v,vn
3	4872	互联网	Hù lián wǎng	n
3	4886	行李	xíng li	n
3	4966	毛病	máo bìng	n
3	4974	场合	chǎng hé	n
3	4988	衬衫	chèn shān	n
3	5030	光明	guāng míng	n,a
3	5048	合格	hé gé	v,vn
3	5067	东部	dōng bù	f
3	5077	认可	rèn kě	v,vn
3	5085	提问	tí wèn	vn,v
3	5115	家属	jiā shǔ	n
3	5120	坚决	jiān jué	ad,a
3	5133	传来	chuán lái	v
3	5145	从前	cóng qián	t
3	5145	日常	rì cháng	b
3	5178	缺点	quē diǎn	n
3	5179	设立	shè lì	v
3	5185	预防	yù fáng	v,vn
3	5199	必然	bì rán	d,b,n
3	5219	写作	xiě zuò	v,vn
3	5260	危害	wēi hài	v,vn
3	5265	手续	shǒu xù	n
3	5317	外交	wài jiāo	n
3	5333	本事	běn shì / běn shi	n
3	5363	高速公路	gāo sù gōng lù	n
3	5365	种子	zhǒng zi	n
3	5402	录音	lù yīn	vn,v,n
3	5407	接待	jiē dài	v,vn
3	5417	推动	tuī dòng	v,vn
3	5420	北部	běi bù	f
3	5429	适用	shì yòng	v,a,vn
3	5447	客观	kè guān	a,n,ad
3	5466	裙子	qún zi	n
3	5473	香蕉	xiāng jiāo	n
3	5484	牌子	pái zi	n
3	5484	应用	yìng yòng	vn,v
3	5531	服务员	fú wù yuán	n
3	5542	电台	diàn tái	n
3	5592	金牌	jīn pái	n
3	5605	工程师	gōng chéng shī	n
3	5641	优点	yōu diǎn	n
3	5660	完善	wán shàn	v,a
3	5705	旅馆	lǚ guǎn	n
3	5709	志愿者	zhì yuàn zhě	n
3	5763	发达	fā dá	a
3	5772	人工	rén gōng	b,d,n
3	5800	普遍	pǔ biàn	a,ad
3	5809	爱心	ài xīn	n
3	5839	形状	xíng zhuàng	n
3	5844	短期	duǎn qī	b,d
3	5847	全场	quán chǎng	n
3	5854	价钱	jià qian	n
3	5876	证件	zhèng jiàn	n
3	5958	共有	gòng yǒu	v
3	5989	干吗	gàn má	v
3	5997	底下	dǐ xia	f
3	6041	开展	kāi zhǎn	v,vn
3	6046	美食	měi shí	n
3	6093	推广	tuī guǎng	v,vn
3	6123	古代	gǔ dài	t
3	6125	中华民族	Zhōng huá mín zú	
3	6153	散步	sàn bù	v,vn
3	6155	农业	nóng yè	n
3	6248	大夫	dà fū / dài fu	n
3	6252	面积	miàn jī	n
3	6275	前后	qián hòu	f
3	6286	加工	jiā gōng	v,vn
3	6307	学费	xué fèi	n
3	6364	中部	zhōng bù	f
3	6372	歌声	gē shēng	n
3	6473	束	Shù / shù	q,v
3	6489	否定	fǒu dìng	v,vn
3	6498	主张	zhǔ zhāng	v,n
3	6504	认出	rèn chū	v
3	6513	性别	xìng bié	n
3	6543	亲切	qīn qiè	a,ad
3	6570	气候	qì hòu	n
3	6575	办理	bàn lǐ	v
3	6609	规范	guī fàn	v,n,a,vn
3	6636	可乐	kě lè	n,nz,a
3	6658	近期	jìn qī	t
3	6858	自主	zì zhǔ	v,vn
3	6912	歌迷	gē mí	n
3	6920	握手	wò shǒu	v,vn
3	7015	民间	mín jiān	n
3	7020	题目	tí mù	n
3	7102	解开	jiě kāi	v
3	7199	跑步	pǎo bù	v
3	7208	初中	chū zhōng	n
3	7225	将近	jiāng jìn	d
3	7314	卫生间	wèi shēng jiān	n
3	7316	不光	bù guāng	c
3	7337	子女	zǐ nǚ	n
3	7407	老太太	lǎo tài tai	n
3	7489	上衣	shàng yī	n
3	7497	建成	jiàn chéng	v,vn
3	7507	打听	dǎ ting	v
3	7535	定期	dìng qī	d,b
3	7572	一方面	yī fāng miàn	c,n
3	7579	动人	dòng rén	a
3	7618	老百姓	lǎo bǎi xìng	n
3	7765	果汁	guǒ zhī	n
3	7765	剧场	jù chǎng	n
3	7790	搬家	bān jiā	v,vn
3	7802	开业	kāi yè	v,vn
3	7805	生动	shēng dòng	a,ad
3	7863	就业	jiù yè	v,vn
3	7894	彩色	cǎi sè	b
3	7912	节约	jié yuē	v,vn
3	7926	单元	dān yuán	n
3	7955	海关	hǎi guān	n
3	7977	自觉	zì jué	a,ad,v,an
3	7983	收看	shōu kàn	v,vn
3	8047	公务员	gōng wù yuán	n
3	8118	暖和	nuǎn huo	a,v
3	8179	被子	bèi zi	n
3	8305	农村	nóng cūn	n
3	8383	世界杯	Shì jiè bēi	n,nz
3	8461	听众	tīng zhòng	n
3	8495	变为	biàn wéi	v
3	8497	邮箱	yóu xiāng	n
3	8578	标题	biāo tí	n
3	8603	预报	yù bào	vn,v
3	8739	整齐	zhěng qí	a,ad
3	8766	志愿	zhì yuàn	n,v
3	8810	职工	zhí gōng	n
3	8812	木头	mù tou	n
3	8931	熟人	shú rén	n
3	8953	报到	bào dào	v,vn
3	8954	景色	jǐng sè	n
3	8961	表格	biǎo gé	n
3	9040	功课	gōng kè	n
3	9170	美术	měi shù	n
3	9198	故乡	gù xiāng	n
3	9203	认得	rèn de	v
3	9219	邮票	yóu piào	n
3	9307	房租	fáng zū	n
3	9314	武术	wǔ shù	n
3	9319	推开	tuī kāi	v
3	9325	短裤	duǎn kù	n
3	9478	房东	fáng dōng	n
3	9553	广大	guǎng dà	b
3	9558	收音机	shōu yīn jī	n
3	9599	长城	Cháng chéng	ns
3	9778	收听	shōu tīng	v,vn
3	9822	电子邮件	diàn zǐ yóu jiàn	
3	10185	初级	chū jí	b
3	10212	听力	tīng lì	n
3	10268	信封	xìn fēng	n
3	10289	衬衣	chèn yī	n
3	10419	结实	jiē shí / jiē shi	a
3	10486	班级	bān jí	n
3	10626	现代化	xiàn dài huà	vn,v
3	10707	专题	zhuān tí	n
3	10723	工夫	gōng fū / gōng fu	n
3	10754	创业	chuàng yè	v,vn
3	10811	本领	běn lǐng	n
3	11103	旅行社	lǚ xíng shè	n
3	11486	话剧	huà jù	n
3	11530	大使馆	dà shǐ guǎn	n
3	11546	沙子	shā zi	n
3	11653	分组	fēn zǔ	v,vn
3	11806	请教	qǐng jiào	v
3	12203	年底	nián dǐ	t
3	12235	带动	dài dòng	v,vn
3	12361	交警	jiāo jǐng	n
3	12795	代表团	dài biǎo tuán	n
3	12925	影视	yǐng shì	b
3	13274	国庆	Guó qìng	t,n
3	13383	做客	zuò kè	v
3	13406	理发	lǐ fà	v,vn
3	13535	所长	suǒ cháng / suǒ zhǎng	n
3	13687	票价	piào jià	n
3	14189	华人	Huá rén	n
3	14445	有的是	yǒu de shì	l
3	14469	皮包	pí bāo	n
3	14541	连续剧	lián xù jù	n
3	14608	复印	fù yìn	v,vn
3	14983	图画	tú huà	n
3	15374	长处	cháng chù	n
3	15567	绿茶	lǜ chá	n
3	15630	留学	liú xué	v,vn
3	16199	教材	jiào cái	n
3	16554	书架	shū jià	n
3	16930	白菜	bái cài	n
3	17888	普及	pǔ jí	v,vn
3	18414	年初	nián chū	t
3	18577	试题	shì tí	n
3	18743	积极性	jī jí xìng	n
3	20062	初一	chū yī	n,t
3	20075	奶茶	nǎi chá	n
3	21103	银牌	yín pái	n
3	21109	红茶	hóng chá	n
3	21641	人民币	rén mín bì	n
3	21642	老头儿	lǎo tóu r	n
3	21694	划船	huá chuán	v,vn
3	24178	交费	jiāo fèi	v,vn
3	25250	凉水	liáng shuǐ	n
3	29918	跳高	tiào gāo	v,vn
3	32226	衣架	yī jià	n
3	32623	外文	wài wén	n
3	32713	短处	duǎn chù	n
3	34728	空儿	kòng r	n
3	36044	预习	yù xí	v,vn
3	40040	跳远	tiào yuǎn	vn,v
3	40061	京剧	Jīng jù	n
3	45713	后年	hòu nián	t
3	50741	连忙	lián máng	d
3	1000000	红酒	hóng jiǔ	
4	75	而	ér	cc,u
4	199	却	què	d
4	277	担心	dān xīn	v,vn
4	303	之后	zhī hòu	f,t
4	336	了解	liǎo jiě	v,vn
4	344	无	wú	v
4	373	选择	xuǎn zé	v,vn
4	391	此	cǐ	r
4	405	作为	zuò wéi	p,v
4	432	呀	ya	y
4	476	之间	zhī jiān	f
4	478	关于	guān yú	p
4	478	甚至	shèn zhì	d,c
4	479	之前	zhī qián	f
4	482	无法	wú fǎ	v,d
4	490	对于	duì yú	p
4	505	处	chǔ / chù	n,q,v
4	527	政府	zhèng fǔ	n
4	545	曾	Zēng / céng / zēng	d,nr
4	552	系统	xì tǒng	n,ad,a
4	553	是否	shì fǒu	v
4	558	以及	yǐ jí	cc
4	566	自	zì	p,r,d
4	582	研究	yán jiū	vn,v
4	586	定	dìng	v,d
4	607	考虑	kǎo lǜ	v,vn
4	611	些	xiē	q
4	621	提供	tí gōng	v
4	662	首	shǒu	m,q,g
4	691	治疗	zhì liáo	v,vn
4	694	根据	gēn jù	p,n,v
4	701	获得	huò dé	v
4	706	法	fǎ / Fǎ	n,b,g
4	736	局	jú	n,qv
4	765	未来	wèi lái	t
4	774	看来	kàn lai	v
4	785	严重	yán zhòng	a,ad
4	788	包括	bāo kuò	v
4	816	法律	fǎ lǜ	n
4	837	项	Xiàng / xiàng	q
4	849	底	de / dǐ	f,n
4	854	不管	bù guǎn	c,v
4	872	解释	jiě shì	v,vn
4	882	历史	lì shǐ	n
4	893	之一	zhī yī	r
4	908	项目	xiàng mù	n
4	913	梦	mèng	n,g
4	931	单	Shàn / dān	d,b,g
4	949	非	Fēi / fēi	b
4	988	总统	zǒng tǒng	n
4	997	似乎	sì hū	d
4	999	应	Yīng / yīng / yìng	v
4	1001	几乎	jī hū	d
4	1003	宝贝	bǎo bèi	n
4	1003	位置	wèi zhi	n
4	1012	方	Fāng / fāng	q,d,g,a,f,b
4	1020	附近	fù jìn	f
4	1027	参与	cān yù	v,vn
4	1031	而是	ér shì	c
4	1039	王	Wáng / wáng / wàng	n,nr
4	1041	手术	shǒu shù	n,v,vn
4	1056	加入	jiā rù	v
4	1060	兄弟	xiōng dì	n
4	1063	遇到	yù dào	v
4	1066	轮	lún	qv,g,v
4	1067	地址	dì zhǐ	n
4	1069	无论	wú lùn	c
4	1081	投	tóu	v
4	1130	资料	zī liào	n
4	1151	于是	yú shì	cc
4	1160	心理	xīn lǐ	n
4	1181	根	gēn	q,n
4	1183	停下	tíng xià	v
4	1187	妻子	qī zǐ / qī zi	n
4	1202	亲爱	qīn ài	a
4	1216	引起	yǐn qǐ	v
4	1227	共	gòng	d,g,b
4	1228	或许	huò xǔ	d
4	1236	投资	tóu zī	vn,v,n
4	1238	抱	bào	v
4	1246	律师	lǜ shī	n
4	1268	导致	dǎo zhì	v
4	1274	战争	zhàn zhēng	n
4	1289	机构	jī gòu	n
4	1290	反	fǎn	v,b,d
4	1296	伤害	shāng hài	v,vn
4	1306	空间	kōng jiān	n
4	1312	冲	chōng / chòng	v
4	1312	期待	qī dài	v,vn
4	1320	政治	zhèng zhì	n
4	1327	承认	chéng rèn	v,vn
4	1329	怪	guài	v,a,d
4	1361	型	xíng	k,g,n
4	1363	传统	chuán tǒng	n,a
4	1363	盘	pán	qv,g,v
4	1376	丈夫	zhàng fu	n
4	1378	翻	fān	v
4	1381	竟然	jìng rán	d
4	1392	的确	dí què	d
4	1396	倍	bèi	q,d
4	1399	醒	xǐng	v,g,vn
4	1401	身份	shēn fèn	n
4	1404	极	jí	d,g
4	1416	否则	fǒu zé	c
4	1416	免费	miǎn fèi	v,vn
4	1416	牌	pái	n
4	1419	俩	liǎ / liǎng	m
4	1421	产品	chǎn pǐn	n
4	1430	测试	cè shì	vn,v
4	1435	落	là / lào / luò	v
4	1436	著名	zhù míng	
4	1444	寻找	xún zhǎo	v
4	1446	梦想	mèng xiǎng	n,v
4	1452	帅	Shuài / shuài	nr,g
4	1462	网络	Wǎng luò / wǎng luò	n
4	1488	烧	shāo	v
4	1496	数据	shù jù	n
4	1500	申请	shēn qǐng	v,n,vn
4	1506	安	Ān / ān	v,g,nr,b,r
4	1517	圈	juān / juàn / quān	qv,n,v
4	1539	稳定	wěn dìng	a,an,v,ad
4	1540	巨大	jù dà	a
4	1563	土地	tǔ dì / tǔ di	n
4	1565	老婆	lǎo pó	n
4	1571	挑战	tiǎo zhàn	vn,v
4	1577	秘密	mì mì	n,a,ad
4	1588	季	Jì / jì	q,g,nr
4	1588	失败	shī bài	v,vn
4	1603	抽	chōu	v
4	1608	想象	xiǎng xiàng	v,vn
4	1612	教授	jiào shòu	n,v
4	1617	吸引	xī yǐn	v
4	1623	顶	dǐng	v,q,g,f
4	1629	既然	jì rán	c
4	1631	货	huò	n
4	1632	特殊	tè shū	a,ad
4	1634	提醒	tí xǐng	v,vn
4	1644	风格	fēng gé	n
4	1656	角色	jué sè	n
4	1659	彻底	chè dǐ	ad,a
4	1661	投入	tóu rù	v,vn
4	1689	优秀	yōu xiù	a
4	1692	儿童	ér tóng	n
4	1696	权利	quán lì	n
4	1698	既	jì	c,d
4	1703	期间	qī jiān	f
4	1705	手里	shǒu lǐ	s,n
4	1725	距离	jù lí	n,p
4	1729	轻松	qīng sōng	a,ad
4	1731	敌人	dí rén	n
4	1747	程序	chéng xù	n
4	1749	医疗	yī liáo	n
4	1755	毕业	bì yè	v,vn
4	1757	切	qiē / qiè	v,d,g
4	1763	怀疑	huái yí	v,vn
4	1766	合同	hé tong	n
4	1772	处于	chǔ yú	v
4	1777	垃圾	lā jī	n
4	1802	戴	Dài / dài	v,nr
4	1812	究竟	jiū jìng	d,n
4	1818	然而	rán ér	c
4	1820	赢得	yíng dé	v
4	1822	战斗	zhàn dòu	v,vn
4	1825	官	Guān / guān	n
4	1826	替	tì	p,v
4	1839	兴奋	xīng fèn	v,a,an
4	1847	兴趣	xìng qù	n
4	1850	人家	rén jiā / rén jia	r,n
4	1854	摆	bǎi	v
4	1862	立即	lì jí	d
4	1863	色	sè / shǎi	g,n,q
4	1865	内部	nèi bù	f
4	1868	在于	zài yú	v
4	1869	发挥	fā huī	v,vn
4	1870	符合	fú hé	v
4	1875	编	biān	v,g
4	1876	独立	dú lì	a,v,ad,an,vn
4	1882	表情	biǎo qíng	n
4	1892	躺	tǎng	v
4	1893	采访	cǎi fǎng	v,vn
4	1899	针对	zhēn duì	p,v
4	1906	即将	jí jiāng	d
4	1908	宝	bǎo	n,v
4	1912	答案	dá àn	n
4	1924	规则	guī zé	n,a
4	1931	激动	jī dòng	a,an
4	1943	依然	yī rán	d,z
4	1945	阶段	jiē duàn	n
4	1952	擦	cā	v
4	1955	无聊	wú liáo	a,an
4	1957	一致	yī zhì	a,an,ad,nz
4	1968	宝宝	bǎo bao	n
4	1968	刺激	cì jī	v,vn
4	1971	贴	tiē	v
4	1981	显著	xiǎn zhù	
4	1982	美女	měi nǚ	n
4	1987	尽快	jǐn kuài / jìn kuài	d
4	1991	药物	yào wù	n
4	1997	移动	yí dòng	vn,v
4	1999	销售	xiāo shòu	vn,v
4	2003	呼吸	hū xī	v,vn
4	2006	确认	què rèn	v,vn
4	2028	出色	chū sè	a,ad
4	2036	冰	bīng	n
4	2051	结	jiē / jié	v,n
4	2069	材料	cái liào	n
4	2080	转移	zhuǎn yí	v,vn
4	2084	烦	fán	v,a
4	2087	付出	fù chū	v,vn
4	2089	卷	juǎn / juàn	q,v,g
4	2096	透	tòu	a,v
4	2101	治	zhì	v
4	2102	措施	cuò shī	n
4	2106	失望	shī wàng	a,an,ad
4	2110	号码	hào mǎ	n
4	2117	利益	lì yì	n
4	2126	方案	fāng àn	n
4	2127	主题	zhǔ tí	n
4	2140	避免	bì miǎn	v
4	2147	量	liáng / liàng	n,v
4	2155	女士	nǚ shì	n
4	2160	闹	nào	v,a
4	2176	系列	xì liè	q,n
4	2188	盖	Gě / gài	v,g
4	2188	原则	yuán zé	n
4	2191	检测	jiǎn cè	vn,v
4	2198	奖	jiǎng	n,v
4	2208	微笑	wēi xiào	v,vn,n
4	2209	列	liè	v,q,n
4	2227	良好	liáng hǎo	a
4	2231	思考	sī kǎo	v,vn
4	2235	夫人	fū ren	n
4	2265	户	hù	g,q
4	2278	归	Guī / guī	v
4	2279	严格	yán gé	a,ad,v
4	2285	不然	bù rán	c,v,a
4	2296	企业	qǐ yè	n
4	2302	追求	zhuī qiú	v,vn
4	2303	脱	tuō	v
4	2310	挑	tiāo / tiǎo	v
4	2311	放松	fàng sōng	v,vn,a
4	2318	阻止	zǔ zhǐ	v,vn
4	2319	老公	lǎo gōng / lǎo gong	n
4	2319	资源	Zī yuán / zī yuán	n
4	2330	主席	zhǔ xí	n
4	2331	苦	kǔ	a,an,ad,v
4	2340	吸	xī	v
4	2345	箱	xiāng	g,q
4	2346	行业	háng yè	n
4	2348	士兵	shì bīng	n
4	2363	承担	chéng dān	v
4	2363	面临	miàn lín	v
4	2364	神秘	shén mì	a,an,ad
4	2377	登记	dēng jì	v,vn
4	2377	下降	xià jiàng	v,vn
4	2383	来源	lái yuán	n
4	2392	充分	chōng fèn	a,ad
4	2398	批	pī	q,v
4	2400	经典	jīng diǎn	n
4	2401	法院	fǎ yuàn	n
4	2420	背景	bèi jǐng	n
4	2435	大会	dà huì	n
4	2443	减少	jiǎn shǎo	v,vn
4	2463	恶心	ě xīn / è xīn	a,an
4	2469	兵	bīng	n
4	2477	回复	huí fù	v,vn
4	2479	居民	jū mín	n
4	2479	限制	xiàn zhì	v,vn
4	2483	万一	wàn yī	c,d,t
4	2487	如今	rú jīn	t
4	2494	分手	fēn shǒu	v,vn
4	2506	牙	yá	n
4	2507	细节	xì jié	n
4	2514	维持	wéi chí	v,vn
4	2524	迅速	xùn sù	ad,a
4	2524	有趣	yǒu qù	a
4	2525	似的	shì de	u
4	2535	出席	chū xí	v
4	2548	婚礼	hūn lǐ	n
4	2556	财产	cái chǎn	n
4	2566	刺	cī / cì	v,n
4	2579	工程	gōng chéng	n
4	2580	肥	féi	n,a,v
4	2581	镜头	jìng tóu	n
4	2584	实施	shí shī	v,vn
4	2585	湿	shī	a,v
4	2594	暗	àn	a,ad
4	2594	诗	Shī / shī	n
4	2598	类型	lèi xíng	n
4	2610	自信	zì xìn	v,an,a,vn
4	2638	守	shǒu	v
4	2640	操作	cāo zuò	v,vn
4	2651	新鲜	xīn xiān	a
4	2653	标志	biāo zhì	n,v
4	2676	黄金	huáng jīn	n
4	2683	获	huò	v
4	2687	指挥	zhǐ huī	v,vn,n
4	2698	伙伴	huǒ bàn	n
4	2716	摸	mō / mó	v
4	2726	法官	fǎ guān	n
4	2736	脑袋	nǎo dai	n
4	2756	祝福	zhù fú	v,vn
4	2759	承受	chéng shòu	v,vn
4	2763	肚子	dù zi	n,q
4	2768	松	Sōng / sōng	v,a,g
4	2771	地位	dì wèi	n
4	2782	登	dēng	v
4	2786	结构	jié gòu	n
4	2791	辣	là	a,an,v
4	2805	质量	zhì liàng	n
4	2833	在乎	zài hu	v
4	2834	遇	Yù / yù	v
4	2842	寄	jì	v
4	2842	造型	zào xíng	n
4	2892	引	yǐn	v
4	2897	降	jiàng / xiáng	v
4	2897	禁止	jìn zhǐ	v
4	2899	圆	yuán	g,a,n,v
4	2904	睡着	shuì zháo	v
4	2905	度过	dù guò	v
4	2908	地下	dì xià	s
4	2908	冷静	lěng jìng	a,ad,an
4	2909	闪	Shǎn / shǎn	v
4	2912	袋	dài	g,q,n
4	2912	购物	gòu wù	v,vn
4	2934	勇敢	yǒng gǎn	a,ad,an
4	2965	散	sàn / sǎn	v,a,ad
4	2967	依靠	yī kào	v,vn
4	2968	弱	ruò	a
4	2972	购买	gòu mǎi	v,vn
4	2973	战士	zhàn shì	n
4	2990	针	zhēn	n,q
4	2991	装置	zhuāng zhì	n,v
4	2993	划	huá / huà	v
4	3002	移	yí	v
4	3003	测	cè	v
4	3003	巧克力	qiǎo kè lì	n
4	3015	临时	lín shí	b,d
4	3019	单独	dān dú	d,b
4	3044	医学	yī xué	n
4	3051	大型	dà xíng	b
4	3058	降低	jiàng dī	v,vn
4	3060	刷	shuā / shuà	v,o
4	3060	作出	zuò chū	v
4	3070	酒吧	jiǔ bā	n
4	3088	激烈	jī liè	a,ad
4	3090	想念	xiǎng niàn	v
4	3092	预测	yù cè	v,vn
4	3096	固定	gù dìng	a,v,vn
4	3096	勇气	yǒng qì	n
4	3108	位于	wèi yú	v
4	3118	摇	Yáo / yáo	v
4	3133	密码	mì mǎ	n
4	3133	培养	péi yǎng	v,vn
4	3136	平静	píng jìng	a,an,ad
4	3156	维护	wéi hù	v,vn
4	3156	无数	wú shù	m
4	3169	对付	duì fu	v
4	3178	关闭	guān bì	v,vn
4	3182	运动员	yùn dòng yuán	n
4	3183	姐妹	jiě mèi	n
4	3185	航空	háng kōng	n
4	3188	外套	wài tào	n
4	3191	聚会	jù huì	v,vn
4	3196	交换	jiāo huàn	v,vn
4	3196	描述	miáo shù	v,vn
4	3213	聚	jù	v
4	3217	黑暗	hēi àn	a,an
4	3235	运气	yùn qi	n
4	3247	设置	shè zhì	v,vn
4	3249	含	hán	v
4	3251	典型	diǎn xíng	n,a
4	3257	夫妇	fū fù	n
4	3265	教训	jiào xun	n,v
4	3269	结论	jié lùn	n
4	3278	清醒	qīng xǐng	a,ad,an
4	3282	总之	zǒng zhī	c
4	3289	地面	dì miàn	n
4	3292	纯	chún	a,ad
4	3303	稳	wěn	a,ad,v
4	3308	统一	tǒng yī	v,vn,a,ad
4	3314	玉米	yù mǐ	n
4	3318	身材	shēn cái	n
4	3321	设施	shè shī	n
4	3323	腰	yāo	n
4	3344	义务	yì wù	n,d
4	3345	运用	yùn yòng	v,vn
4	3347	逐渐	zhú jiàn	d
4	3361	酸	suān	a,n
4	3369	沉默	chén mò	an,a,v
4	3375	独特	dú tè	a
4	3411	遇见	yù jiàn	v
4	3422	折	shé / zhē / zhé	v,q
4	3424	摆脱	bǎi tuō	v
4	3431	夫妻	fū qī	n
4	3442	财富	cái fù	n
4	3450	眼泪	yǎn lèi	n
4	3453	模型	mó xíng	n
4	3458	精力	jīng lì	n
4	3463	隔	gé	v,g,vn
4	3471	宽	Kuān / kuān	a
4	3473	统计	tǒng jì	v,vn
4	3497	特征	tè zhēng	n
4	3510	叔叔	shū shu	n
4	3513	平均	píng jūn	a,ad,v
4	3513	县	xiàn	n
4	3514	供应	gōng yìng	vn,v
4	3523	事物	shì wù	n
4	3525	相反	xiāng fǎn	v,vn
4	3526	演讲	yǎn jiǎng	vn,v
4	3553	帽子	mào zi	n
4	3554	负担	fù dān	n,v
4	3571	战胜	zhàn shèng	v
4	3578	过分	guò fèn	a,ad,v
4	3591	密	Mì / mì	a,ad
4	3595	反而	fǎn ér	d
4	3604	街道	jiē dào	n
4	3619	培训	péi xùn	vn,v
4	3634	独自	dú zì	d
4	3635	扩大	kuò dà	v,vn
4	3646	大哥	dà gē	n
4	3647	此外	cǐ wài	c
4	3649	奖金	jiǎng jīn	n
4	3653	盐	yán	n
4	3665	大众	Dà zhòng / dà zhòng	n,nz
4	3667	迟到	chí dào	v,vn
4	3668	怀念	huái niàn	v,vn
4	3671	假如	jiǎ rú	c,v
4	3674	改善	gǎi shàn	v,vn
4	3679	晒	shài	v,vn
4	3695	减	jiǎn	v
4	3703	官方	guān fāng	n
4	3723	引导	yǐn dǎo	v,vn
4	3730	航班	háng bān	n
4	3731	约会	yuē huì	v,n,vn
4	3736	末	mò	f,g
4	3741	形势	xíng shì	n
4	3744	细	xì	a,ad
4	3756	受不了	shòu bù liǎo	l
4	3758	出售	chū shòu	v,vn
4	3759	厚	hòu	a
4	3764	锻炼	duàn liàn	v,vn
4	3782	堵	dǔ	v,q
4	3782	护士	hù shi	n
4	3782	拍照	pāi zhào	v,vn
4	3806	笨	bèn	a,an
4	3809	收获	shōu huò	n,v,vn
4	3836	轻易	qīng yì	d,a
4	3844	大楼	dà lóu	n
4	3853	技巧	jì qiǎo	n
4	3855	大陆	Dà lù / dà lù	n
4	3879	名人	míng rén	n
4	3882	各个	gè gè	r
4	3894	电梯	diàn tī	n
4	3896	抓紧	zhuā jǐn	v
4	3898	相处	xiāng chǔ	v,vn
4	3914	反映	fǎn yìng	v,vn
4	3915	植物	zhí wù	n
4	3920	阵	zhèn	g,qt
4	3933	转身	zhuǎn shēn	v,vn
4	3935	从此	cóng cǐ	d
4	3952	矮	ǎi	a,v
4	3986	投诉	tóu sù	v,vn
4	3988	减肥	jiǎn féi	v,vn
4	3998	眼镜	yǎn jìng	n
4	4003	体重	tǐ zhòng	n
4	4005	面试	miàn shì	v,vn,n
4	4014	无所谓	wú suǒ wèi	v
4	4023	居住	jū zhù	v,vn
4	4025	翻译	fān yì	
4	4025	移民	yí mín	n,vn,v
4	4026	担任	dān rèn	v
4	4068	风景	fēng jǐng	n
4	4077	沉	chén	v,a
4	4078	善良	shàn liáng	a,an
4	4081	其余	qí yú	r
4	4088	规模	guī mó	n,d
4	4106	哪怕	nǎ pà	c
4	4111	伙	huǒ	q
4	4118	最初	zuì chū	b,d
4	4129	薄	Bó / báo / bó / bò	a
4	4130	窗户	chuāng hu	n
4	4138	装修	zhuāng xiū	v,vn
4	4140	填	tián	v
4	4146	召开	zhào kāi	v
4	4152	唱片	chàng piàn	n
4	4159	有限	yǒu xiàn	a
4	4167	代替	dài tì	v
4	4168	冰箱	bīng xiāng	n
4	4195	汇报	huì bào	v,vn
4	4207	论文	lùn wén	n
4	4213	眼里	yǎnli	s
4	4222	不在乎	bù zài hu	v
4	4222	棵	kē	q
4	4225	粗	cū	a,d
4	4226	综合	zōng hé	vn,v,a
4	4233	多年	duō nián	mq
4	4235	形容	xíng róng	v,vn
4	4241	青春	qīng chūn	n
4	4242	列车	liè chē	n
4	4247	喜爱	xǐ ài	v,vn
4	4256	吸收	xī shōu	v,vn
4	4262	败	bài	v
4	4267	小伙子	xiǎo huǒ zi	n
4	4270	舒适	shū shì	a,an
4	4284	会计	kuài jì	n
4	4297	好友	hǎo yǒu	n
4	4305	尺	chě / chǐ	q,g
4	4309	胖子	pàng zi	n
4	4349	阅读	yuè dú	v,vn
4	4355	阿姨	ā yí	n
4	4355	穷	qióng	a,d,g
4	4365	奋斗	fèn dòu	v,vn
4	4402	乐趣	lè qù	n
4	4428	多次	duō cì	mq,ad,d
4	4429	男女	nán nǚ	n
4	4431	收回	shōu huí	v,vn
4	4452	渐渐	jiàn jiàn	d
4	4458	亲密	qīn mì	a,ad
4	4461	着急	zháo jí	a,ad
4	4462	具备	jù bèi	v
4	4488	尽力	jìn lì	d,v
4	4498	新娘	xīn niáng	n
4	4502	下载	xià zǎi	v
4	4508	维修	wéi xiū	vn,v
4	4510	构成	gòu chéng	v,n,vn
4	4512	口袋	kǒu dài	n,q
4	4514	无限	wú xiàn	v,b,d,vn
4	4518	吃惊	chī jīng	a
4	4576	嘴巴	zuǐ ba	n
4	4584	扫	sǎo / sào	v
4	4599	秘书	mì shū	n
4	4617	含量	hán liàng	n
4	4624	燃烧	rán shāo	v,vn
4	4627	极其	jí qí	d
4	4636	日记	rì jì	n
4	4649	高潮	gāo cháo	n
4	4665	同情	tóng qíng	v,vn
4	4674	破产	pò chǎn	v,vn
4	4677	说不定	shuō bu dìng	v
4	4696	挑选	tiāo xuǎn	v,vn
4	4709	逛	guàng	v
4	4715	单纯	dān chún	a,ad
4	4724	季节	jì jié	n
4	4729	布置	bù zhì	v,vn
4	4731	灯光	dēng guāng	n
4	4732	色彩	sè cǎi	n
4	4744	健身	jiàn shēn	vn,v
4	4757	事先	shì xiān	d
4	4758	失业	shī yè	v,vn
4	4786	规律	guī lǜ	n
4	4791	待遇	dài yù	n
4	4795	比分	bǐ fēn	n
4	4795	淡	dàn	a,g
4	4802	江	Jiāng / jiāng	nr,n
4	4819	办事	bàn shì	v,vn
4	4823	塑料	sù liào	n
4	4824	做梦	zuò mèng	v
4	4846	分散	fēn sàn	v,a,ad
4	4857	器官	qì guān	n
4	4857	前途	qián tú	n
4	4859	被迫	bèi pò	d
4	4880	误会	wù huì	v,vn
4	4892	说服	shuō fú	v,vn
4	4897	台上	tái shàng	s
4	4898	保守	bǎo shǒu	a,v,an
4	4905	获取	huò qǔ	v,vn
4	4917	暗示	àn shì	v,vn
4	4923	成人	chéng rén	n,v,nr
4	4939	汽油	qì yóu	n
4	4948	浓	nóng	a
4	4985	担保	dān bǎo	vn,v
4	5007	弯	wān	v,g,a,q
4	5015	镜子	jìng zi	n
4	5020	忽视	hū shì	v,vn
4	5024	密切	mì qiè	ad,a,v
4	5046	招呼	zhāo hu	v,vn
4	5057	小型	xiǎo xíng	b
4	5077	胸部	xiōng bù	n,s
4	5087	录取	lù qǔ	v,vn
4	5099	浅	jiān / qiǎn	a,ad
4	5156	力气	lì qi	n
4	5165	楼梯	lóu tī	n
4	5167	老实	lǎo shi	ad,a
4	5177	品质	pǐn zhì	n
4	5188	效率	xiào lǜ	n
4	5196	情景	qíng jǐng	n
4	5210	遗产	yí chǎn	n
4	5236	业余	yè yú	b
4	5245	没错	méi cuò	v
4	5251	身高	shēn gāo	n
4	5260	对比	duì bǐ	vn,v
4	5266	季度	jì dù	n
4	5270	争论	zhēng lùn	v,vn
4	5279	保密	bǎo mì	v,vn
4	5290	赞助	zàn zhù	v,vn
4	5296	玉	yù	n
4	5317	打败	dǎ bài	v
4	5320	缩小	suō xiǎo	v,vn
4	5329	含有	hán yǒu	v
4	5335	抽烟	chōu yān	v
4	5339	收益	shōu yì	n
4	5342	潮	cháo	n
4	5347	拉开	lā kāi	v
4	5352	大规模	dà guī mó	b,d
4	5381	赞成	zàn chéng	v
4	5395	复制	fù zhì	v,vn
4	5399	消化	xiāo huà	v,vn
4	5419	疑问	yí wèn	n
4	5432	包裹	bāo guǒ	n,v
4	5447	善于	shàn yú	v
4	5487	著作	zhù zuò	
4	5520	大多	dà duō	d,m
4	5524	包含	bāo hán	v
4	5528	诚实	chéng shí	a,ad,an
4	5546	毛衣	máo yī	n
4	5551	男士	nán shì	n
4	5561	总理	zǒng lǐ	n
4	5565	骨头	gǔ tou	n
4	5566	上门	shàng mén	v,vn
4	5571	集合	jí hé	v,n
4	5572	宝贵	bǎo guì	a
4	5573	童年	tóng nián	t
4	5578	进口	jìn kǒu	v,vn
4	5595	沉重	chén zhòng	a,ad,an
4	5603	市区	shì qū	s
4	5618	封闭	fēng bì	v,vn
4	5637	遗传	yí chuán	vn,v
4	5639	孙子	Sūn zǐ / sūn zi	n,nr
4	5679	期限	qī xiàn	n
4	5682	参考	cān kǎo	v,vn
4	5719	泪	lèi	n
4	5720	重量	zhòng liàng	n
4	5722	缓解	huǎn jiě	v,vn
4	5741	测量	cè liáng	vn,v
4	5752	汇	huì	v,g
4	5768	来不及	lái bu jí	v
4	5810	商务	shāng wù	n
4	5823	天真	tiān zhēn	a,an
4	5829	燃料	rán liào	n
4	5836	发烧	fā shāo	v,vn,b
4	5840	替代	tì dài	v,vn
4	5845	安置	ān zhì	v,vn
4	5853	美金	Měi jīn	q,n,nr
4	5854	箱子	xiāng zi	n
4	5871	严	Yán / yán	a,ad,nr
4	5874	了不起	liǎo bu qǐ	a
4	5879	修理	xiū lǐ	v,vn
4	5892	尺寸	chǐ cun	n
4	5893	幼儿园	yòu ér yuán	n
4	5899	穿上	chuān shang	
4	5921	吸烟	xī yān	v,vn
4	5925	影子	yǐng zi	n
4	5928	延长	Yán cháng / yán cháng	v,vn
4	5951	加班	jiā bān	v,vn
4	5954	征服	zhēng fú	v
4	6004	途中	tú zhōng	s
4	6016	数码	shù mǎ	n
4	6017	延续	yán xù	v,vn
4	6027	性质	xìng zhì	n
4	6030	电源	diàn yuán	n
4	6038	考察	kǎo chá	v,vn
4	6046	神话	shén huà	n
4	6056	鲜	xiǎn / xiān	a,g,ad
4	6063	避	bì	v
4	6073	热闹	rè nao	a
4	6091	机遇	jī yù	n
4	6101	伞	sǎn	n
4	6105	营业	yíng yè	vn,v
4	6120	含义	hán yì	n
4	6124	问候	wèn hòu	vn,v
4	6128	紧密	jǐn mì	a,ad
4	6166	诗人	shī rén	n
4	6178	顺序	shùn xù	n
4	6211	瓜	guā	n
4	6221	语音	yǔ yīn	n
4	6241	图案	tú àn	n
4	6248	准时	zhǔn shí	ad,a,an
4	6250	纪律	jì lǜ	n
4	6256	闪电	shǎn diàn	n,v
4	6258	打扫	dǎ sǎo	v
4	6260	上个月	shàng gè yuè	t
4	6278	童话	tóng huà	n
4	6279	得意	dé yì	a,an
4	6306	手套	shǒu tào	n
4	6338	记载	jì zǎi	v,n,vn
4	6344	毕业生	bì yè shēng	n
4	6369	总共	zǒng gòng	d
4	6378	帅哥	shuài gē	nr
4	6379	粮食	liáng shi	n
4	6407	豆腐	dòu fu	n
4	6409	推迟	tuī chí	v
4	6410	老家	lǎo jiā	n
4	6415	促进	cù jìn	v,vn
4	6456	字母	zì mǔ	n
4	6477	个别	gè bié	a,ad
4	6487	利息	lì xī	n
4	6515	潮流	cháo liú	n
4	6551	预订	yù dìng	v,vn
4	6566	袜子	wà zi	n
4	6567	推销	tuī xiāo	v,vn
4	6574	毛巾	máo jīn	n
4	6576	趋势	qū shì	n
4	6632	学术	xué shù	n
4	6634	原料	yuán liào	n
4	6636	透明	tòu míng	a,ad
4	6690	阳台	yáng tái	n
4	6726	抄	chāo	v
4	6730	寒冷	hán lěng	a,an
4	6737	鲜花	xiān huā	n
4	6747	名片	míng piàn	n
4	6769	冬季	dōng jì	t
4	6821	智力	zhì lì	n
4	6858	降落	jiàng luò	v,vn
4	6892	尾巴	wěi ba	n
4	6940	智能	zhì néng	n
4	6943	手工	shǒu gōng	n,d
4	6981	来得及	lái de jí	v
4	6988	登录	dēng lù	v,vn
4	6993	穷人	qióng rén	n
4	6994	符号	fú hào	n
4	7027	节省	jié shěng	v
4	7033	研究生	yán jiū shēng	n
4	7051	围巾	wéi jīn	n
4	7092	宁静	níng jìng	a,an
4	7102	树林	Shù lín / shù lín	n
4	7129	以内	yǐ nèi	f
4	7142	多种	duō zhǒng	m
4	7153	型号	xíng hào	n
4	7167	快递	kuài dì	v,vn
4	7169	新型	xīn xíng	b
4	7176	酸奶	suān nǎi	n
4	7192	优美	yōu měi	a
4	7196	耳机	ěr jī	n
4	7213	两边	liǎng bian	f
4	7233	按时	àn shí	d
4	7247	分布	fēn bù	v,vn
4	7249	暑假	shǔ jià	t
4	7312	梦见	mèng jiàn	v
4	7329	高尚	gāo shàng	a
4	7332	夏季	xià jì	t
4	7338	获奖	huò jiǎng	v,vn
4	7377	种植	zhòng zhí	v,vn
4	7379	咸	Xián / xián	a
4	7435	台阶	tái jiē	n
4	7521	促使	cù shǐ	v
4	7528	爱国	ài guó	a
4	7547	辩论	biàn lùn	vn,v
4	7596	种类	zhǒng lèi	n
4	7639	默默	mò mò	d,z
4	7646	未必	wèi bì	d
4	7735	个体	gè tǐ	n
4	7745	圆满	yuán mǎn	a,ad
4	7757	大方	dà fāng / dà fang	a
4	7771	奖学金	jiǎng xué jīn	n
4	7812	泪水	lèi shuǐ	n
4	7835	英勇	yīng yǒng	a,ad,an
4	7839	加油站	jiā yóu zhàn	n
4	7842	步行	bù xíng	v,vn
4	7849	热心	rè xīn	a,v,ad,u,an
4	7895	纷纷	fēn fēn	d,z
4	7952	流传	liú chuán	v,vn
4	7973	简历	jiǎn lì	n
4	8032	专心	zhuān xīn	ad,a
4	8033	使劲	shǐ jìn	v
4	8049	中奖	zhòng jiǎng	v,vn
4	8051	中介	zhōng jiè	n
4	8053	看望	kàn wàng	v
4	8059	征求	zhēng qiú	v
4	8149	实用	shí yòng	a,vn
4	8287	赏	shǎng	v
4	8312	巴士	bā shì	n
4	8315	引进	yǐn jìn	v
4	8323	列入	liè rù	v
4	8340	排列	pái liè	v,vn
4	8349	充电	chōng diàn	v,vn
4	8352	迫切	pò qiè	ad,a
4	8360	用途	yòng tú	n
4	8420	分为	fēn wéi	v
4	8428	难免	nán miǎn	v
4	8442	促销	cù xiāo	vn,v
4	8459	体检	tǐ jiǎn	v,vn
4	8495	称赞	chēng zàn	v,vn
4	8615	宝石	bǎo shí	n,nz
4	8629	着火	zháo huǒ	v
4	8652	新郎	xīn láng	n
4	8722	积累	jī lěi	v,vn,n
4	8731	光临	guāng lín	v,vn
4	8734	逐步	zhú bù	d
4	8740	常识	cháng shí	n
4	8748	可见	kě jiàn	v,c
4	8754	食堂	shí táng	n
4	8761	晚点	wǎn diǎn	v
4	8797	研制	yán zhì	v,vn
4	8802	转动	zhuǎn dòng / zhuàn dòng	v,vn
4	8815	格外	gé wài	d
4	8817	离不开	lí bu kāi	v
4	8850	列为	liè wéi	v
4	8858	讲座	jiǎng zuò	n
4	8867	海水	hǎi shuǐ	n
4	8871	动摇	dòng yáo	v,an,a
4	8893	体操	tǐ cāo	n
4	8931	大爷	dà yé / dà ye	n
4	8932	秋季	qiū jì	t
4	8964	零食	líng shí	n
4	9039	盘子	pán zi	n
4	9042	表扬	biǎo yáng	v,vn
4	9082	扩展	kuò zhǎn	v,vn
4	9098	西瓜	xī guā	n
4	9101	痛快	tòng kuài	a,an
4	9128	平稳	píng wěn	a,ad
4	9208	家务	jiā wù	n
4	9209	海鲜	hǎi xiān	n
4	9210	一般来说	yī bān lái shuō	v
4	9246	描写	miáo xiě	v,vn
4	9258	相片	xiàng piàn	n
4	9357	闹钟	nào zhōng	n
4	9404	大姐	dà jiě	n
4	9438	缩短	suō duǎn	v
4	9459	气球	qì qiú	n
4	9468	春季	chūn jì	t
4	9492	长途	cháng tú	b,d
4	9507	赞赏	zàn shǎng	v,vn
4	9604	议论	yì lùn	v,vn
4	9623	熟练	shú liàn	a,ad
4	9699	及格	jí gé	v
4	9711	讲究	jiǎng jiu	v,a,vn
4	9731	构造	gòu zào	n,v,vn
4	9773	虫子	chóng zi	n
4	9848	发票	fā piào	n
4	9933	词汇	cí huì	n
4	10100	不要紧	bù yào jǐn	v
4	10112	刷牙	shuā yá	v
4	10127	一再	yī zài	d
4	10156	培育	péi yù	v
4	10258	导游	dǎo yóu	n
4	10262	轮椅	lún yǐ	n
4	10263	小吃	xiǎo chī	n
4	10287	叶子	yè zi	n,nr
4	10290	打折	dǎ zhé	v,vn
4	10338	改正	gǎi zhèng	v,vn
4	10340	特价	tè jià	n
4	10344	鲜明	xiān míng	a
4	10510	延期	yán qī	v,vn
4	10522	爱护	ài hù	v,vn
4	10535	黄瓜	huáng guā	n
4	10563	堵车	dǔ chē	v,vn
4	10582	暖气	nuǎn qì	n
4	10587	二手	èr shǒu	b
4	10621	味儿	wèi r	n
4	10627	优良	yōu liáng	z
4	10633	转弯	zhuǎn wān	v,vn
4	10667	期末	qī mò	t
4	10718	方针	fāng zhēn	n
4	10899	动画片	dòng huà piàn	n
4	11048	操场	cāo chǎng	n
4	11082	上楼	shàng lóu	v
4	11083	细致	xì zhì	a
4	11084	下楼	xià lóu	
4	11134	百货	bǎi huò	n
4	11424	点名	diǎn míng	v
4	11452	陆地	lù dì	n
4	11527	交际	jiāo jì	v,vn
4	11593	茶叶	chá yè	n
4	11617	感兴趣	gǎn xìng qù	a
4	11689	邮局	yóu jú	n
4	11698	运动会	yùn dòng huì	n
4	11764	开花	kāi huā	v
4	11767	登山	dēng shān	vn,v
4	11797	潮湿	cháo shī	a,an
4	11837	降温	jiàng wēn	v,vn
4	11863	抽奖	chōu jiǎng	v,vn
4	11872	概括	gài kuò	v,vn
4	11910	孙女	sūn nǚ	n
4	11932	大巴	dà bā	n
4	11962	树叶	shù yè	n
4	11967	倒闭	dǎo bì	v,vn
4	11999	坚固	jiān gù	a
4	12015	高价	gāo jià	n,d
4	12101	塑料袋	sù liào dài	n
4	12138	大妈	dà mā	n
4	12138	随手	suí shǒu	d
4	12234	转告	zhuǎn gào	v
4	12299	调皮	tiáo pí	a
4	12319	公元	gōng yuán	n
4	12344	套餐	tào cān	n
4	12587	制订	zhì dìng	v,vn
4	12648	陆续	lù xù	d
4	12655	率先	shuài xiān	d
4	12765	试卷	shì juàn	n
4	12795	冰雪	bīng xuě	n
4	12849	牙刷	yá shuā	n
4	12994	单调	dān diào	a,an
4	13078	养成	yǎng chéng	v,vn
4	13110	矿泉水	kuàng quán shuǐ	n
4	13196	打针	dǎ zhēn	v
4	13265	诚信	chéng xìn	a,ad,v
4	13267	窗子	chuāng zi	n
4	13301	再三	zài sān	d
4	13429	平方	píng fāng	q,n
4	13430	语法	yǔ fǎ	n
4	13530	果实	guǒ shí	n
4	13555	日历	rì lì	n
4	13715	月底	yuè dǐ	t
4	13792	内科	nèi kē	n,nr
4	13803	深厚	shēn hòu	a
4	13897	一律	yī lǜ	d
4	13945	降价	jiàng jià	v,vn
4	14400	通知书	tōng zhī shū	n
4	14605	学问	xué wèn	n
4	14628	光盘	guāng pán	n
4	15122	外交官	wài jiāo guān	n
4	15152	看不起	kàn bu qǐ	v
4	15281	培训班	péi xùn bān	n
4	15343	外汇	wài huì	n
4	15530	轮子	lún zi	n
4	15548	汽水	qì shuǐ	n
4	15668	学分	xué fēn	n
4	15736	能干	néng gàn	a,an
4	15849	风俗	fēng sú	n
4	16046	摆动	bǎi dòng	v
4	16321	开水	kāi shuǐ	n
4	16655	充电器	chōng diàn qì	n
4	16771	红包	hóng bāo	n
4	16831	倒车	dǎo chē / dào chē	v,vn
4	16864	后头	hòu tou	f
4	16993	片面	piàn miàn	a,ad
4	16998	本科	běn kē	n
4	17543	轮船	lún chuán	n
4	17575	宽广	kuān guǎng	a
4	17581	前头	qián tou	f
4	18037	汇率	huì lǜ	n
4	18562	急忙	jí máng	d
4	18698	期中	qī zhōng	t
4	18736	网址	wǎng zhǐ	n
4	18880	吸管	xī guǎn	n
4	19155	窗台	chuāng tái	n
4	19425	松树	sōng shù	n
4	19807	多样	duō yàng	m,a
4	19939	学年	xué nián	n
4	19954	售货员	shòu huò yuán	n
4	20337	电灯	diàn dēng	n
4	20368	口语	kǒu yǔ	n
4	20713	近代	jìn dài	t
4	20874	疗养	liáo yǎng	v,vn
4	21410	寒假	hán jià	t
4	21508	矮小	ǎi xiǎo	a
4	21668	粗心	cū xīn	a,an
4	21763	刷子	shuā zi	n
4	23449	毫米	háo mǐ	q
4	23825	厘米	lí mǐ	q
4	25188	亚运会	Yà yùn huì	n
4	25367	高铁	gāo tiě	
4	26291	电动车	diàndòngchē	n
4	27507	毫升	háo shēng	q
4	28360	打雷	dǎ léi	v,vn
4	28844	五颜六色	wǔ yán liù sè	l
4	29275	隔开	gé kāi	
4	29610	模特儿	mó tè r	
4	30463	抄写	chāo xiě	v,vn
4	31869	括号	kuò hào	n
4	36385	尺子	chǐ zi	n
4	41071	没法儿	méifǎr5	l
4	41403	纯净水	chún jìng shuǐ	n
4	42376	分之	fēn zhī	m
4	42424	填空	tián kòng	v
4	52820	学时	xué shí	n
4	1000000	没想到	méi xiǎng dào	
4	1000000	名牌儿	míngpáir5	
4	1000000	微信	Wēi xìn	
4	1000000	下个月	xià gè yuè	
4	1000000	有劲儿	yǒujìnr5	
5	96	可	kě / kè	v,c,d
5	100	将	jiāng / jiàng / qiāng	d,p,g
5	387	搞	gǎo	v
5	426	唯一	wéi yī	b,d
5	493	如此	rú cǐ	r
5	494	肯定	kěn dìng	d,v,vn,a
5	539	其	qí	r,u
5	557	杀	shā	v
5	569	控制	kòng zhì	v,vn
5	577	声	shēng	qv,g,n
5	590	组织	zǔ zhī	n,v
5	692	拥有	yōng yǒu	v
5	776	令	líng / lǐng / lìng	v,g
5	786	神	Shén / shén	n,a
5	941	至	zhì	p,v,g
5	983	再次	zài cì	d,c
5	994	放弃	fàng qì	v
5	1004	即使	jí shǐ	c
5	1014	尽管	jǐn guǎn	c,d
5	1034	秒	miǎo	t,qt
5	1090	陪	péi	v
5	1095	居然	jū rán	d
5	1095	客户	kè hù	n
5	1101	分析	fēn xī	v,vn
5	1102	享受	xiǎng shòu	v,vn
5	1131	关键	guān jiàn	n,a
5	1133	冠军	guàn jūn	n
5	1191	抢	qiāng / qiǎng	v
5	1197	傻	shǎ	a,an
5	1207	待	dāi / dài	v,p
5	1219	恢复	huī fù	v,vn
5	1228	棒	bàng	a,g,q
5	1263	意识	yì shí	n,v
5	1323	一旦	yī dàn	d,c
5	1328	执行	zhí xíng	v,vn
5	1375	分享	fēn xiǎng	v,vn
5	1379	女性	nǚ xìng	n
5	1392	颗	kē	q
5	1401	讨厌	tǎo yàn	v
5	1410	人物	rén wù	n
5	1429	枪	Qiāng / qiāng	n,q
5	1443	拒绝	jù jué	v,vn
5	1448	疯	fēng	v
5	1463	式	shì	k,g
5	1485	呆	dāi	v,a
5	1498	鬼	guǐ	n,a
5	1545	版	bǎn	n,q
5	1554	协议	xié yì	n,v
5	1584	竞争	jìng zhēng	vn,v
5	1586	估计	gū jì	v,vn
5	1594	意味着	yì wèi zhe	v
5	1603	俱乐部	jù lè bù	n
5	1618	之中	zhī zhōng	f
5	1649	建筑	jiàn zhù	n,vn,v
5	1655	丢	diū	v
5	1657	疯狂	fēng kuáng	a,ad,an
5	1668	幅	fú	q
5	1675	舞	wǔ	v,n
5	1683	邀请	yāo qǐng	v,vn
5	1687	加上	jiā shàng	v
5	1697	拍摄	pāi shè	v,vn
5	1701	区域	qū yù	n
5	1709	愿	yuàn	v,g
5	1715	恨	hèn	v,vn
5	1716	难以	nán yǐ	d
5	1718	射	shè	v,vn
5	1730	运	yùn	v
5	1763	戏	xì	n,g
5	1795	偷	tōu	v,d
5	1798	展示	zhǎn shì	v,vn
5	1799	基地	jī dì	n
5	1826	掌握	zhǎng wò	v
5	1839	记忆	jì yì	n,v
5	1847	剩下	shèng xià	v
5	1856	吓	hè / xià	v
5	1874	基金	jī jīn	n
5	1886	社区	shè qū	n
5	1890	手段	shǒu duàn	n
5	1912	接触	jiē chù	v,vn
5	1918	聪明	cōng ming	a,an
5	1922	皮肤	pí fū	n
5	1925	厉害	lì hai	a,an
5	1926	尊重	zūn zhòng	v,vn
5	1930	损失	sǔn shī	n,v
5	1935	骗	piàn	v,vn
5	1942	可怜	kě lián	v,a,vn
5	1958	毒	dú	n,a,v
5	1958	吐	tǔ / tù	v
5	1962	中央	zhōng yāng	n
5	1984	屋	wū	n
5	2012	启动	qǐ dòng	v,vn
5	2013	年龄	nián líng	n
5	2035	可惜	kě xī	v,a
5	2046	滚	gǔn	v
5	2055	回忆	huí yì	v,vn
5	2056	逃	táo	v,vn
5	2059	打击	dǎ jī	v,vn
5	2066	之外	zhī wài	f
5	2070	熟悉	shú xī	v,vn,a
5	2075	撞	zhuàng	v
5	2099	好运	hǎo yùn	n
5	2107	狂	kuáng	g,a,d
5	2126	欠	qiàn	v
5	2129	人士	rén shì	n
5	2134	集团	jí tuán	n
5	2138	为止	wéi zhǐ	u
5	2165	彼此	bǐ cǐ	r
5	2168	猜	cāi	v
5	2203	视频	shì pín	n
5	2208	真相	zhēn xiàng	n
5	2209	暂时	zàn shí	d,b
5	2225	洞	dòng	n,g
5	2225	有着	yǒu zhe	v
5	2227	病毒	bìng dú	n
5	2244	签	qiān	v,n
5	2258	价	jià / jie	n
5	2262	尝试	cháng shì	v,vn
5	2274	仔细	zǐ xì	ad,a
5	2277	凭	píng	p,v
5	2305	命令	mìng lìng	n,v
5	2305	欣赏	xīn shǎng	v,vn
5	2307	神经	shén jīng	n
5	2308	高度	gāo dù	d,n
5	2313	碎	suì	a,v
5	2335	一辈子	yī bèi zi	mq
5	2337	全世界	quán shì jiè	n
5	2350	说法	shuō fǎ / shuō fa	n
5	2351	评论	píng lùn	n,v,vn
5	2353	物质	wù zhì	n
5	2378	躲	duǒ	v
5	2381	冒	mào / Mào	v
5	2387	烂	làn	a,v
5	2400	尤其	yóu qí	d
5	2402	醉	zuì	v,vn
5	2405	扔	rēng	v
5	2412	时光	shí guāng	n
5	2414	礼	Lǐ / lǐ	n,g
5	2425	博士	bó shì	n
5	2438	或是	huò shì	c
5	2439	浪漫	làng màn	a,an
5	2445	道德	dào dé	n,a
5	2447	编辑	biān jí	n,v,vn
5	2449	私人	sī rén	n
5	2449	辛苦	xīn kǔ	a,v,ad,an
5	2449	证实	zhèng shí	v,vn
5	2451	一路	yī lù	mq,d
5	2453	剩	shèng	v
5	2461	拼	pīn	v,vn
5	2476	硬	yìng	a,d
5	2477	毕竟	bì jìng	d
5	2496	恋爱	liàn ài	v,vn
5	2500	歌曲	gē qǔ	n
5	2500	只不过	zhǐ bu guò	d
5	2502	模式	mó shì	n
5	2520	弹	dàn / tán	v,g,vn
5	2532	必	bì	d
5	2537	试图	shì tú	v
5	2557	玻璃	bō li	n
5	2563	咬	yǎo	v
5	2572	所在	suǒ zài	n,v
5	2589	贷款	dài kuǎn	n,v,vn
5	2593	缺乏	quē fá	v,vn
5	2595	瘦	shòu	a
5	2607	锁	suǒ	v,n
5	2616	害	hài	v,n,g
5	2622	立	Lì / lì	v
5	2622	骂	mà	v
5	2631	稍	shāo / shào	d
5	2639	滑	Huá / huá	v,a
5	2644	达成	dá chéng	v,vn
5	2649	鼓励	gǔ lì	v,vn
5	2650	蛋糕	dàn gāo	n
5	2656	本人	běn rén	r
5	2667	后悔	hòu huǐ	v,vn,a
5	2698	突破	tū pò	v,vn
5	2711	发布	fā bù	v,vn
5	2712	忍	rěn	v
5	2717	回头	huí tóu	d,v,vn
5	2737	库	kù	n
5	2737	主管	zhǔ guǎn	vn,n,v
5	2744	答	dā / dá	v
5	2746	奖励	jiǎng lì	vn,v
5	2749	熊	Xióng / xióng	n,nr
5	2749	之下	zhī xià	f
5	2780	青	Qīng / qīng	a,b
5	2784	不幸	bù xìng	a,n,ad
5	2787	能量	néng liàng	n
5	2794	矛盾	máo dùn	an,a
5	2807	到来	dào lái	v,vn
5	2808	清理	qīng lǐ	v,vn
5	2831	成交	chéng jiāo	v,vn
5	2843	一句话	yī jù huà	
5	2864	自杀	zì shā	v,vn
5	2871	负责人	fù zé rén	n
5	2873	旁	páng	f,g
5	2875	插	chā	v
5	2875	详细	xiáng xì	a,ad
5	2891	线索	xiàn suǒ	n
5	2909	臭	chòu / xiù	a,g
5	2910	违法	wéi fǎ	v,vn
5	2915	堆	duī	q,v,k,n
5	2918	男性	nán xìng	n
5	2922	品	pǐn	g,v
5	2924	收集	shōu jí	v,vn
5	2941	频道	pín dào	n
5	2959	当年	dāng nián / dàng nián	t
5	2959	使得	shǐ de	v
5	2963	盒	hé	g,q
5	2971	不足	bù zú	v,an,a
5	2971	警告	jǐng gào	v,vn
5	2972	报警	bào jǐng	v,vn
5	2972	业务	yè wù	n
5	2978	驾驶	jià shǐ	v,vn
5	2982	乘	Chéng / chéng / shèng	v,p
5	2984	甲	jiǎ	n,Mg,m
5	2994	出版	chū bǎn	v,vn
5	3002	神奇	shén qí	a,an
5	3008	诊断	zhěn duàn	v,vn
5	3012	剪	Jiǎn / jiǎn	v,g,vn
5	3022	发射	fā shè	v,vn
5	3025	脑子	nǎo zi	n
5	3030	代价	dài jià	n
5	3038	局长	jú zhǎng	n
5	3042	挤	jǐ	v
5	3046	瞧	qiáo	v
5	3062	搜索	sōu suǒ	v,vn
5	3072	胃	wèi	n
5	3076	厨房	chú fáng	n
5	3090	之内	zhī nèi	f
5	3097	注册	zhù cè	v,vn
5	3102	厅	tīng	n
5	3104	随着	suí zhe	p
5	3116	回报	huí bào	v,vn
5	3124	展现	zhǎn xiàn	v
5	3129	评估	píng gū	vn,v
5	3132	全都	quán dōu	d
5	3149	环节	huán jié	n
5	3156	餐厅	cān tīng	n
5	3160	违反	wéi fǎn	v
5	3168	活力	huó lì	n
5	3172	委托	wěi tuō	vn,v
5	3178	软	ruǎn	a,ad
5	3185	签名	qiān míng	v,vn,n
5	3191	摄影	shè yǐng	v,vn
5	3191	用于	yòng yú	v
5	3198	今日	jīn rì	t
5	3202	偶像	ǒu xiàng	n
5	3211	挡	dǎng / dàng	v,q
5	3211	届	jiè	q
5	3212	尝	cháng	v
5	3212	认	rèn	v
5	3225	注射	zhù shè	v,vn
5	3227	冲突	chōng tū	vn,v
5	3230	在场	zài chǎng	v,vn
5	3233	敏感	mǐn gǎn	a,an
5	3241	鼠	shǔ	g,n
5	3243	提示	tí shì	v,vn
5	3263	摔	shuāi	v
5	3266	沟通	gōu tōng	v,vn
5	3266	收拾	shōu shi	v
5	3271	除非	chú fēi	c
5	3284	乘客	chéng kè	n
5	3288	艰难	jiān nán	a,an,ad
5	3299	用来	yòng lái	v,nr
5	3299	专辑	zhuān jí	n
5	3310	虎	hǔ	n
5	3312	绕	rào	v
5	3321	喷	pēn / pèn	v
5	3331	抱怨	bào yuàn	v,vn
5	3342	卫星	wèi xīng	n
5	3357	动手	dòng shǒu	v,vn
5	3359	靠近	kào jìn	v
5	3360	邻居	lín jū	n
5	3379	污染	wū rǎn	vn,v
5	3393	罚	fá	v
5	3402	时机	shí jī	n
5	3402	治安	zhì ān	n
5	3403	糟糕	zāo gāo	a
5	3417	空中	kōng zhōng	s
5	3423	渴望	kě wàng	v,vn
5	3426	连接	lián jiē	v,vn
5	3439	拆	chāi	v
5	3444	此时	cǐ shí	r
5	3448	蛇	shé	n
5	3451	耳朵	ěr duo	n
5	3453	画面	huà miàn	n
5	3463	饮料	yǐn liào	n
5	3471	扮演	bàn yǎn	v
5	3478	大脑	dà nǎo	n
5	3484	鼻子	bí zi	n
5	3495	资产	zī chǎn	n
5	3501	祝贺	zhù hè	v,vn
5	3503	大事	dà shì	n
5	3506	运行	yùn xíng	v,vn
5	3509	局面	jú miàn	n
5	3510	期望	qī wàng	v,vn
5	3515	询问	xún wèn	v,vn
5	3538	补偿	bǔ cháng	vn,v
5	3539	软件	ruǎn jiàn	n
5	3543	显	xiǎn	v,g
5	3549	看出	kàn chū	v
5	3552	严肃	yán sù	a,ad,v
5	3562	肌肉	jī ròu	n
5	3562	随后	suí hòu	d,f
5	3563	安慰	ān wèi	v,vn,an,a
5	3572	年度	nián dù	n
5	3574	抬	tái	v
5	3580	检验	jiǎn yàn	v,vn
5	3583	排除	pái chú	v,vn
5	3588	加速	jiā sù	v,vn
5	3589	发行	fā xíng	v,vn
5	3615	社	shè	n,g
5	3653	搜	sōu	v
5	3669	解放	jiě fàng	v,vn,nz
5	3677	拥抱	yōng bào	v,vn
5	3680	悲剧	bēi jù	n
5	3685	消防	xiāo fáng	b
5	3689	太空	tài kōng	s
5	3693	夹	jiā / jiá / jià	v
5	3699	指示	zhǐ shì	n,v
5	3703	出于	chū yú	v
5	3719	双手	shuāng shǒu	n
5	3720	得了	dé le / dé liǎo	v,y
5	3721	买卖	mǎi mài	vn,v,n
5	3731	偶尔	ǒu ěr	d,b
5	3739	悲伤	bēi shāng	a,an
5	3745	劝	quàn	v
5	3747	顾问	gù wèn	n
5	3755	助理	zhù lǐ	n
5	3769	分离	fēn lí	v,vn
5	3773	扇	shān / shàn	q,v,n
5	3776	利润	lì rùn	n
5	3787	珍惜	zhēn xī	v,vn
5	3789	消除	xiāo chú	v
5	3794	匹	pī / pǐ	q,g
5	3794	随意	suí yì	ad,a,an
5	3801	友谊	yǒu yì	n
5	3803	拔	bá	v
5	3808	寻求	xún qiú	v
5	3810	装饰	zhuāng shì	n,v,vn
5	3812	锅	guō	n,q
5	3838	大厅	dà tīng	n
5	3841	丑	Chǒu / chǒu	a,g
5	3844	耐心	nài xīn	a,ad,an
5	3849	冲动	chōng dòng	an,a
5	3867	如同	rú tóng	v
5	3871	提起	tí qǐ	v
5	3881	公正	gōng zhèng	a,ad,an
5	3883	冻	dòng	v
5	3889	辞职	cí zhí	v,vn
5	3894	遵守	zūn shǒu	v
5	3896	暖	nuǎn	a,v,g
5	3900	建造	jiàn zào	v,vn
5	3905	戒	jiè	v,g,vn
5	3914	思维	sī wéi	n
5	3915	规划	guī huà	n,v,vn
5	3916	不许	bù xǔ	d
5	3918	饼	bǐng	n
5	3921	不止	bù zhǐ	v
5	3938	地震	dì zhèn	n
5	3938	震惊	zhèn jīng	v,vn
5	3939	赔偿	péi cháng	v,vn
5	3952	返回	fǎn huí	v
5	3966	代理	dài lǐ	vn,v
5	3967	过度	guò dù	v,d,vn
5	3970	明明	míng míng	d
5	3975	群众	qún zhòng	n
5	3987	无疑	wú yí	d
5	3990	按摩	àn mó	vn,v
5	3997	电池	diàn chí	n
5	4005	产业	chǎn yè	n
5	4007	敲	qiāo	v
5	4008	迟	Chí / chí	a,ad
5	4017	脾气	pí qi	n
5	4020	涨	zhǎng / zhàng	v
5	4023	吨	dūn	q
5	4029	广	yǎn / Guǎng / guǎng	a,ad,b
5	4038	情形	qíng xing	n
5	4041	起码	qǐ mǎ	d,b
5	4045	宿舍	sù shè	n
5	4049	合并	hé bìng	v,vn
5	4084	以往	yǐ wǎng	t
5	4094	乡村	xiāng cūn	n
5	4096	忍不住	rěn bu zhù	v
5	4103	蔬菜	shū cài	n
5	4129	贸易	mào yì	vn,v
5	4136	子弹	zǐ dàn	n
5	4170	过于	guò yú	d
5	4175	染	rǎn	v,vn
5	4179	博物馆	bó wù guǎn	n
5	4184	码头	mǎ tóu	n
5	4189	完了	wán le	v
5	4197	总裁	zǒng cái	n
5	4202	超越	chāo yuè	v,vn
5	4213	用户	yòng hù	n
5	4214	正义	zhèng yì	n
5	4223	从而	cóng ér	c
5	4265	立场	lì chǎng	n
5	4272	火灾	huǒ zāi	n
5	4272	认定	rèn dìng	v,vn
5	4288	不利	bù lì	a
5	4288	漏	lòu	v
5	4297	倒是	dào shi	d,v
5	4300	此刻	cǐ kè	r
5	4305	稍微	shāo wēi	d
5	4310	汗	hán / hàn	n
5	4314	向前	xiàng qián	v
5	4318	场面	chǎng miàn	n
5	4322	一下子	yī xià zi	mq,d
5	4325	目光	mù guāng	n
5	4337	伸	shēn	v
5	4350	有力	yǒu lì	a,ad
5	4351	脱离	tuō lí	v
5	4352	解除	jiě chú	v
5	4359	尽可能	jǐn kě néng	d
5	4372	技能	jì néng	n
5	4381	寸	cùn	q,g
5	4386	动机	dòng jī	n
5	4390	情节	qíng jié	n
5	4393	预期	yù qī	v,vn
5	4394	打扮	dǎ ban	v,n
5	4413	兔	tù	g
5	4429	天才	tiān cái	n,nr
5	4429	一向	yī xiàng	d
5	4430	绝望	jué wàng	a,an,ad
5	4430	迷人	mí rén	a,v
5	4431	职位	zhí wèi	n
5	4446	骗子	piàn zi	n
5	4450	裁判	cái pàn	n,v
5	4455	剧本	jù běn	n
5	4467	干脆	gān cuì	d,a
5	4467	干扰	gān rǎo	v,vn
5	4467	联络	lián luò	v,vn
5	4471	增强	zēng qiáng	v,vn
5	4486	握	wò	v
5	4498	忍受	rěn shòu	v,vn
5	4500	扶	fú	v
5	4509	漫画	màn huà	n
5	4514	不良	bù liáng	a
5	4527	真诚	zhēn chéng	a,ad,an
5	4528	继承	jì chéng	v,vn
5	4533	依据	yī jù	n,p,v
5	4542	挣	zhēng / zhèng	v
5	4545	暂停	zàn tíng	v,vn
5	4565	大胆	dà dǎn	a,ad
5	4569	改革	gǎi gé	vn,v
5	4579	也好	yě hǎo	y,d
5	4590	偷偷	tōu tōu	d
5	4607	卧室	wò shì	n
5	4607	众多	zhòng duō	m
5	4614	失误	shī wù	vn,v
5	4618	决不	jué bù	d
5	4630	尊敬	zūn jìng	v,vn
5	4631	依旧	yī jiù	z,d
5	4634	包装	bāo zhuāng	n,v,vn
5	4640	强迫	qiǎng pò	v,vn
5	4648	增	zēng	v
5	4664	回顾	huí gù	v,vn
5	4664	肩	jiān	n
5	4669	模仿	mó fǎng	v,vn
5	4669	前提	qián tí	n
5	4682	自豪	zì háo	a,an
5	4685	福利	fú lì	n
5	4694	手法	shǒu fǎ	n
5	4694	指责	zhǐ zé	v,vn
5	4698	成本	chéng běn	n
5	4698	闯	chuǎng	v
5	4708	处在	chǔ zài	v
5	4716	睡眠	shuì mián	v,vn
5	4725	困扰	kùn rǎo	v,vn
5	4732	优先	yōu xiān	v,vn
5	4733	紧紧	jǐn jǐn	d
5	4747	减轻	jiǎn qīng	v
5	4748	劳动	láo dòng	vn,v
5	4761	部位	bù wèi	n
5	4768	献	xiàn	v
5	4774	意志	yì zhì	n
5	4780	坚定	jiān dìng	a,v,ad
5	4795	许可	xǔ kě	vn,v
5	4796	灾难	zāi nàn	n
5	4799	以便	yǐ biàn	d,c
5	4800	打扰	dǎ rǎo	v
5	4808	上下	shàng xià	f,n,m,v
5	4810	幽默	yōu mò	a,an
5	4817	军人	jūn rén	n
5	4833	修复	xiū fù	v,vn
5	4844	机器人	jī qì rén	n
5	4857	竞赛	jìng sài	vn,v
5	4877	逃跑	táo pǎo	v
5	4902	自愿	zì yuàn	v,vn
5	4911	师傅	shī fu	n
5	4920	朵	duǒ	q,g
5	4929	原始	yuán shǐ	a
5	4933	总算	zǒng suàn	d,v
5	4941	钢琴	gāng qín	n
5	4948	传递	chuán dì	v,vn
5	4951	转换	zhuǎn huàn	v,vn
5	4974	逻辑	luó ji	n
5	4977	脸色	liǎn sè	n
5	4990	收购	shōu gòu	v,vn
5	4994	宾馆	bīn guǎn	n
5	5011	保卫	bǎo wèi	v,vn
5	5024	眼光	yǎn guāng	n
5	5035	一流	yī liú	b
5	5045	光荣	guāng róng	a,ad,an
5	5049	象征	xiàng zhēng	n,v,vn
5	5059	射击	shè jī	v,vn
5	5093	客气	kè qi	a,ad
5	5101	琴	qín	n
5	5102	犹豫	yóu yù	a,an
5	5105	中毒	zhòng dú	v,vn
5	5108	当前	dāng qián	t
5	5122	早期	zǎo qī	t,f
5	5125	难得	nán dé	a,ad
5	5146	十足	shí zú	z,b
5	5150	深处	shēn chù	s
5	5173	损害	sǔn hài	v,vn
5	5177	势力	shì li	n
5	5205	珍贵	zhēn guì	a
5	5207	赔	péi	v
5	5217	摘	zhāi	v
5	5229	糟	zāo	a,v
5	5241	学者	xué zhě	n
5	5243	古老	gǔ lǎo	a
5	5266	摄影师	shè yǐng shī	n
5	5269	四周	sì zhōu	f,s
5	5276	休闲	xiū xián	vn,v
5	5289	等级	děng jí	n
5	5289	签字	qiān zì	v,vn
5	5290	戏剧	xì jù	n
5	5290	资助	zī zhù	v,vn
5	5295	包围	bāo wéi	v,vn
5	5297	围绕	wéi rào	v
5	5305	隔壁	gé bì	s
5	5311	在内	zài nèi	u,v
5	5314	举动	jǔ dòng	n
5	5343	偶然	ǒu rán	a,ad
5	5378	模糊	mó hu	a,v
5	5379	信念	xìn niàn	n
5	5380	差别	chā bié	n
5	5383	更新	gēng xīn	v,vn
5	5384	模样	mú yàng	n
5	5385	当场	dāng chǎng	d
5	5385	特定	tè dìng	b
5	5405	餐馆	cān guǎn	n
5	5407	看待	kàn dài	v
5	5413	打架	dǎ jià	v,vn
5	5431	助手	zhù shǒu	n
5	5437	得以	dé yǐ	v
5	5438	键	jiàn	n,g
5	5440	闲	xián	v,a,ad
5	5445	真理	zhēn lǐ	n
5	5450	猜测	cāi cè	v,vn
5	5455	典礼	diǎn lǐ	n
5	5471	人间	rén jiān	n
5	5484	转向	zhuǎn xiàng / zhuàn xiàng	v
5	5489	放大	fàng dà	v,vn
5	5499	乘坐	chéng zuò	v
5	5510	鼓	gǔ	v,n,g,a
5	5527	过敏	guò mǐn	v,vn
5	5540	现状	xiàn zhuàng	n
5	5572	上级	shàng jí	n
5	5594	例外	lì wài	v,n
5	5596	从中	cóng zhōng	d
5	5606	现有	xiàn yǒu	v,vn
5	5611	土豆	tǔ dòu	n
5	5614	示范	shì fàn	vn,v
5	5614	严厉	yán lì	a,ad
5	5620	展览	zhǎn lǎn	vn,v
5	5634	处罚	chǔ fá	vn,v
5	5640	行驶	xíng shǐ	v,vn
5	5646	客厅	kè tīng	n
5	5648	饮食	yǐn shí	n
5	5649	脚步	jiǎo bù	n
5	5689	流动	liú dòng	vn,v
5	5695	外界	wài jiè	n
5	5699	带有	dài yǒu	v
5	5704	漫长	màn cháng	a
5	5717	喜剧	xǐ jù	n
5	5753	签约	qiān yuē	v,vn
5	5755	群体	qún tǐ	n
5	5758	城里	chénglǐ	s
5	5783	胆	dǎn	n
5	5789	共享	gòng xiǎng	v,vn
5	5790	职务	zhí wù	n
5	5793	乡	xiāng	n
5	5798	愁	chóu	v,g
5	5813	发觉	fā jué	v
5	5818	回收	huí shōu	v,vn
5	5824	沙漠	shā mò	n
5	5825	存款	cún kuǎn	n,v
5	5831	面子	miàn zi	n
5	5845	披	pī	v
5	5852	深度	shēn dù	n
5	5858	增产	zēng chǎn	
5	5862	博客	bó kè	nz
5	5875	停留	tíng liú	v,vn
5	5914	边境	biān jìng	s
5	5958	将要	jiāng yào	d
5	5960	如下	rú xià	v,vn
5	5991	便利	biàn lì	a,an,v,vn
5	6022	盆	pén	n,q
5	6034	学位	xué wèi	n
5	6038	岁月	suì yuè	n
5	6042	占领	zhàn lǐng	v,vn
5	6061	争议	zhēng yì	vn,v
5	6061	紫	zǐ	a
5	6063	肠	cháng	n
5	6075	终身	zhōng shēn	n
5	6113	回避	huí bì	v,vn
5	6131	指甲	zhǐ jia	n
5	6132	铃	líng	o,g
5	6132	体力	tǐ lì	n
5	6140	气体	qì tǐ	n
5	6146	层次	céng cì	n
5	6147	国民	guó mín	n
5	6165	视为	shì wéi	v
5	6168	服从	fú cóng	v
5	6208	低于	dī yú	v
5	6215	洒	sǎ	v
5	6231	注重	zhù zhòng	v
5	6232	夜间	yè jiān	t,n
5	6237	会谈	huì tán	v,vn
5	6241	传达	chuán dá	v,vn
5	6248	等候	děng hòu	v,vn
5	6250	盒子	hé zi	n
5	6256	终止	zhōng zhǐ	v,vn
5	6265	彩票	cǎi piào	n
5	6265	桃	táo	n
5	6275	法规	fǎ guī	n
5	6278	广泛	guǎng fàn	a,ad
5	6293	阻碍	zǔ ài	v,n,vn
5	6310	近来	jìn lái	d,t
5	6310	相应	xiāng yìng	v,vn
5	6312	沟	gōu	n
5	6317	地带	dì dài	n
5	6325	违规	wéi guī	v,vn
5	6332	品种	pǐn zhǒng	n
5	6337	礼貌	lǐ mào	an,a,ad
5	6355	悄悄	qiāo qiāo	d
5	6358	差距	chā jù	n
5	6386	分成	fēn chéng	v,vn
5	6388	专利	zhuān lì	n
5	6390	证书	zhèng shū	n
5	6398	合成	hé chéng	vn,v
5	6401	慌	huāng	a,v
5	6412	饼干	bǐng gān	n
5	6418	约束	yuē shù	vn,v
5	6422	葡萄	pú tao	n
5	6424	胡子	hú zi	n
5	6428	内在	nèi zài	b
5	6433	西装	xī zhuāng	n
5	6437	猴	hóu	g
5	6443	优惠	yōu huì	vn,v
5	6445	公告	gōng gào	n,v
5	6447	抬头	tái tóu	v,vn
5	6463	答复	dá fù	v,vn
5	6466	灰色	huī sè	n
5	6503	跟随	gēn suí	v
5	6516	分类	fēn lèi	vn,v
5	6559	充足	chōng zú	a
5	6564	向上	xiàng shàng	v
5	6578	机制	jī zhì	n
5	6580	艰苦	jiān kǔ	a,ad,an
5	6580	抢救	qiǎng jiù	v,vn
5	6585	摄像机	shè xiàng jī	n
5	6591	一带	yī dài	n
5	6594	热门	rè mén	a
5	6594	终点	zhōng diǎn	n
5	6605	更换	gēng huàn	v,vn
5	6613	中断	zhōng duàn	v,vn
5	6619	拜访	bài fǎng	v,vn
5	6623	鼓掌	gǔ zhǎng	v
5	6636	动态	dòng tài	n
5	6641	调节	tiáo jié	v,vn
5	6642	频繁	pín fán	a,ad
5	6683	数目	shù mù	n
5	6688	当选	dāng xuǎn	v,vn
5	6737	礼拜	lǐ bài	n
5	6771	言语	yán yǔ / yán yu	n,v,vn
5	6771	怨	yuàn	v,vn
5	6773	再也	zài yě	d
5	6776	前景	qián jǐng	n
5	6784	传真	chuán zhēn	n,v
5	6827	葡萄酒	pú tao jiǔ	n
5	6830	资本	zī běn	n
5	6851	误解	wù jiě	v,n,vn
5	6862	交代	jiāo dài	v,vn
5	6867	岸	àn	n,g
5	6883	由此	yóu cǐ	d
5	6893	经费	jīng fèi	n
5	6895	联想	Lián xiǎng / lián xiǎng	v,nz,vn
5	6918	罚款	fá kuǎn	v,n
5	6924	摇头	yáo tóu	v
5	6927	不顾	bù gù	v
5	6958	点燃	diǎn rán	v
5	6962	歇	xiē	v
5	6962	心态	xīn tài	n
5	6973	来信	lái xìn	n,v
5	6976	总体	zǒng tǐ	n
5	6978	原理	yuán lǐ	n
5	7008	清晨	qīng chén	t
5	7035	占有	zhàn yǒu	v,vn
5	7069	消毒	xiāo dú	v,vn
5	7080	光线	guāng xiàn	n
5	7083	原先	yuán xiān	d,b
5	7087	出差	chū chāi	v,vn
5	7098	强度	qiáng dù	n
5	7103	高于	gāo yú	v
5	7113	主导	zhǔ dǎo	n,v
5	7124	变动	biàn dòng	vn,v
5	7156	泉	quán	g,n,q
5	7160	漏洞	lòu dòng	n
5	7195	查询	chá xún	v,vn
5	7203	气象	qì xiàng	n
5	7216	铃声	líng shēng	n
5	7231	逃走	táo zǒu	v
5	7251	必需	bì xū	v,vn
5	7266	值班	zhí bān	v,vn
5	7271	研究所	yán jiū suǒ	n
5	7315	人力	rén lì	n
5	7319	递	dì	v
5	7342	珍珠	zhēn zhū	n
5	7348	辅助	fǔ zhù	vn,v
5	7354	消费者	xiāo fèi zhě	n
5	7357	延伸	yán shēn	v,vn
5	7365	加以	jiā yǐ	v
5	7370	不停	bù tíng	v,d
5	7375	设想	shè xiǎng	v,vn
5	7383	咳	hāi / ké	v,e
5	7401	月球	yuè qiú	n
5	7421	挣钱	zhèng qián	v,vn
5	7430	拾	shè / shí	v,t
5	7438	温和	wēn hé / wēn huo	a,nr
5	7447	景象	jǐng xiàng	n
5	7478	干预	gān yù	v,vn
5	7508	此后	cǐ hòu	t
5	7509	打包	dǎ bāo	v,vn
5	7527	商标	shāng biāo	n
5	7541	升高	shēng gāo	v,vn
5	7565	健全	jiàn quán	a,v
5	7573	远处	yuǎn chù	s
5	7581	先前	xiān qián	t
5	7612	模范	mó fàn	n,d
5	7616	有毒	yǒu dú	v,vn
5	7622	调动	diào dòng	v
5	7654	采购	cǎi gòu	v,vn
5	7666	牛仔裤	niú zǎi kù	n
5	7687	注视	zhù shì	v,vn
5	7705	称号	chēng hào	n
5	7708	叉	chā / chá / chǎ	n,v
5	7736	墙壁	qiáng bì	n
5	7743	仍旧	réng jiù	d
5	7752	预备	yù bèi	vn,v
5	7766	斜	xié	ad,v,a
5	7768	有害	yǒu hài	a
5	7773	看成	kàn chéng	v
5	7784	启发	qǐ fā	v,vn
5	7786	转化	zhuǎn huà	v,vn
5	7820	乙	yǐ / zhé	m,Mg,n,g
5	7831	梨	lí	n
5	7855	郊区	jiāo qū	s
5	7879	有利于	yǒu lì yú	v
5	7880	时常	shí cháng	d
5	7898	进化	jìn huà	v,vn
5	7901	高跟鞋	gāo gēn xié	n
5	7917	风光	fēng guāng	n,a
5	7920	为难	wéi nán	v,a
5	7924	上涨	shàng zhǎng	v,vn
5	7959	消极	xiāo jí	a,ad
5	8001	摔倒	shuāi dǎo	v
5	8011	活泼	huó po	a
5	8015	支配	zhī pèi	v,vn
5	8039	支出	zhī chū	n,vn,v
5	8050	分解	fēn jiě	v,vn
5	8059	诗歌	shī gē	n
5	8063	热量	rè liàng	n
5	8073	签证	qiān zhèng	n
5	8079	周期	zhōu qī	n
5	8080	亏	kuī	v,vn,g
5	8100	直线	zhí xiàn	n,d
5	8137	口号	kǒu hào	n
5	8141	键盘	jiàn pán	n
5	8143	拆除	chāi chú	v,vn
5	8156	繁荣	fán róng	an,a,v
5	8159	递给	dì gěi	v
5	8165	册	cè	q,g
5	8167	长度	cháng dù	n
5	8197	煤	méi	n
5	8215	摩擦	mó cā	vn,v
5	8215	形态	xíng tài	n
5	8242	不曾	bù céng	d
5	8249	摄像	shè xiàng	v,vn,n
5	8257	签订	qiān dìng	v
5	8269	鸭子	yā zi	n
5	8271	间接	jiàn jiē	b,d,a,ad
5	8274	背包	bēi bāo	n
5	8285	车主	chē zhǔ	n
5	8324	题材	tí cái	n
5	8338	通用	tōng yòng	nz,vn,v
5	8346	用不着	yòng bu zháo	l
5	8369	大致	dà zhì	d,b
5	8383	当代	dāng dài	t
5	8427	配备	pèi bèi	v,vn
5	8438	泼	pō	v
5	8457	性能	xìng néng	n
5	8463	加热	jiā rè	v,vn
5	8489	关怀	guān huái	vn,v
5	8534	赠送	zèng sòng	v,vn
5	8541	流通	liú tōng	vn,v
5	8547	不时	bù shí	d
5	8549	不得了	bù dé liǎo	l
5	8569	一身	yī shēn	n
5	8670	修建	xiū jiàn	v,vn
5	8673	正规	zhèng guī	a
5	8700	高大	gāo dà	a
5	8722	高温	gāo wēn	n
5	8724	为主	wéi zhǔ	v
5	8741	特性	tè xìng	n
5	8743	草原	cǎo yuán	n
5	8756	灾	zāi	n
5	8772	无奈	wú nài	d,an,a,n
5	8772	依照	yī zhào	p,v
5	8803	煤气	méi qì	n
5	8807	脆	cuì	a
5	8819	大象	dà xiàng	n
5	8863	补贴	bǔ tiē	n,vn,v
5	8873	印刷	yìn shuā	vn,v
5	8912	制成	zhì chéng	v
5	8918	赠	zèng	v
5	8924	舍不得	shě bu de	v
5	8942	台风	tái fēng	n
5	8961	承办	chéng bàn	v,vn
5	8971	初期	chū qī	f
5	8974	搞好	gǎo hǎo	v
5	8974	敲门	qiāo mén	v
5	8979	因而	yīn ér	c
5	8982	指标	zhǐ biāo	n
5	9062	污水	wū shuǐ	n
5	9120	被动	bèi dòng	a,ad
5	9149	增大	zēng dà	v,vn
5	9165	课题	kè tí	n
5	9195	门诊	mén zhěn	n
5	9221	开幕	kāi mù	v,vn
5	9229	硕士	shuò shì	n
5	9289	窗帘	chuāng lián	n
5	9326	胜负	shèng fù	n
5	9329	开幕式	kāi mù shì	n
5	9336	特有	tè yǒu	b,v
5	9352	领带	lǐng dài	n
5	9403	主观	zhǔ guān	a,n
5	9449	依法	yī fǎ	d
5	9452	先后	xiān hòu	d
5	9464	摩托	mó tuō	n
5	9467	烤肉	kǎo ròu	n
5	9485	天然气	tiān rán qì	n
5	9540	对应	duì yìng	v,vn
5	9553	明亮	míng liàng	a
5	9556	总数	zǒng shù	n
5	9563	剪刀	jiǎn dāo	n
5	9659	大于	dà yú	v
5	9691	迷信	mí xìn	v,vn
5	9803	水库	shuǐ kù	n
5	9971	成效	chéng xiào	n
5	10030	保养	bǎo yǎng	v,vn
5	10032	转让	zhuǎn ràng	v,vn
5	10037	动员	dòng yuán	v,vn
5	10075	火腿	huǒ tuǐ	n
5	10095	工艺	gōng yì	n
5	10176	神情	shén qíng	n
5	10203	增多	zēng duō	v,vn
5	10206	齐全	qí quán	a
5	10279	不能不	bù néng bù	d
5	10311	输出	shū chū	vn,v
5	10323	硬件	yìng jiàn	n
5	10359	游泳池	yóu yǒng chí	n
5	10392	信箱	xìn xiāng	n
5	10413	调解	tiáo jiě	v,vn
5	10416	山区	shān qū	n
5	10472	配套	pèi tào	a,vn,v
5	10474	公式	gōng shì	n
5	10477	驾照	jià zhào	n
5	10494	水分	shuǐ fèn	n
5	10523	辈	bèi	n,q
5	10541	单一	dān yī	a
5	10575	治理	zhì lǐ	v,vn
5	10579	幅度	fú dù	n
5	10605	率领	shuài lǐng	v,vn
5	10611	创立	chuàng lì	v,vn
5	10636	儿女	ér nǚ	n
5	10648	薄弱	bó ruò	a
5	10648	主办	zhǔ bàn	v,vn
5	10650	公认	gōng rèn	v
5	10650	平原	píng yuán	n
5	10725	西红柿	xī hóng shì	n
5	10729	生成	shēng chéng	v,vn
5	10815	勤奋	qín fèn	a,ad,an
5	10875	划分	huà fēn	v,vn
5	10883	体积	tǐ jī	n
5	10932	原有	yuán yǒu	v,vn
5	11013	雨水	Yǔ shuǐ / yǔ shuǐ	n
5	11043	地形	dì xíng	n
5	11193	比方	bǐ fang	v,n,c
5	11221	风度	fēng dù	n
5	11265	皮鞋	pí xié	n
5	11420	柜子	guì zi	n
5	11520	乘车	chéng chē	v
5	11554	亚军	yà jūn	n
5	11577	振动	zhèn dòng	vn,v
5	11598	学科	xué kē	n
5	11618	号召	hào zhào	v,vn
5	11649	感想	gǎn xiǎng	n
5	11719	提倡	tí chàng	v,vn
5	11736	报答	bào dá	v,vn
5	11743	大都	Dà dū / dà dōu / dà dū	ns
5	11763	南北	nán běi	f
5	11857	香肠	xiāng cháng	n
5	11900	餐饮	cān yǐn	n
5	11956	舍得	shě de	v
5	11966	火柴	huǒ chái	n
5	12047	为期	wéi qī	v
5	12053	面貌	miàn mào	n
5	12056	南极	nán jí	ns
5	12210	法制	fǎ zhì / Fǎ zhì	n
5	12279	团长	tuán zhǎng	n
5	12338	正如	zhèng rú	v,nr
5	12340	高原	gāo yuán	n
5	12382	考核	kǎo hé	vn,v
5	12454	寿司	shòu sī	
5	12455	物业	wù yè	n
5	12725	对立	duì lì	v,vn
5	12757	推行	tuī xíng	v,vn
5	12806	丰收	fēng shōu	v,vn
5	12812	水产品	shuǐ chǎn pǐn	
5	12847	胆小	dǎn xiǎo	a
5	12928	一口气	yī kǒu qì	d,n
5	12943	确立	què lì	v,vn
5	12960	酒鬼	jiǔ guǐ	n
5	13047	北极	běi jí	n,ns
5	13074	除夕	Chú xī	t
5	13075	博览会	bó lǎn huì	n
5	13191	处分	chǔ fèn	n,v,vn
5	13208	长寿	Cháng shòu / cháng shòu	a,an,ns
5	13237	接连	jiē lián	d
5	13316	修养	xiū yǎng	n
5	13336	不耐烦	bù nài fán	a
5	13368	华语	Huá yǔ	
5	13425	慰问	wèi wèn	v,vn
5	13531	跟前	gēn qián / gēn qian	f
5	13624	灾害	zāi hài	n
5	13646	便于	biàn yú	v
5	13749	白酒	bái jiǔ	n
5	13797	快活	kuài huo	a
5	13887	文艺	wén yì	n
5	13919	制约	zhì yuē	vn,v
5	14037	涨价	zhǎng jià	v,vn
5	14045	招生	zhāo shēng	vn,v
5	14175	心疼	xīn téng	v
5	14333	附件	fù jiàn	n
5	14429	化石	huà shí	n
5	14440	回信	huí xìn	n,v
5	14461	入门	rù mén	v,vn
5	14471	工作日	gōng zuò rì	n
5	14623	大奖赛	dà jiǎng sài	n
5	14629	大伙儿	dà huǒ r	r
5	14916	倡导	chàng dǎo	v
5	14949	主体	zhǔ tǐ	n
5	14997	贺卡	hè kǎ	n
5	15051	书法	shū fǎ	n
5	15101	鲜艳	xiān yàn	a
5	15211	招手	zhāo shǒu	v
5	15281	竹子	zhú zi	n
5	15414	国籍	guó jí	n
5	15427	职能	zhí néng	n
5	15483	晴朗	qíng lǎng	a
5	15744	出汗	chū hàn	
5	15744	向导	xiàng dǎo	n
5	16037	协议书	xié yì shū	n
5	16042	胶带	jiāo dài	n
5	16045	落实	luò shí	v
5	16676	散文	sǎn wén	n
5	16761	相声	xiàng sheng	n
5	16781	吃力	chī lì	a
5	16888	防治	fáng zhì	vn,v
5	16966	羽毛球	yǔ máo qiú	n
5	17113	押金	yā jīn	n
5	17118	物价	wù jià	n
5	17166	汇款	huì kuǎn	n,v
5	17202	农产品	nóng chǎn pǐn	n
5	17331	书桌	shū zhuō	n
5	17421	实惠	shí huì	an,a
5	17500	桃花	táo huā	n
5	17513	不易	bù yì	a,ad
5	17535	宽度	kuān dù	n
5	17615	年前	nián qián	t
5	17634	元旦	Yuán dàn	t
5	17673	平坦	píng tǎn	a
5	17703	钢笔	gāng bǐ	n
5	18046	工艺品	gōng yì pǐn	n
5	18087	鼠标	shǔ biāo	n
5	18488	天文	tiān wén	n
5	18516	岸上	àn shàng	s
5	18517	朗读	lǎng dú	v
5	18973	大纲	dà gāng	n
5	19095	胶水	jiāo shuǐ	n
5	19358	共计	gòng jì	v
5	19360	时事	shí shì	n
5	19734	园林	yuán lín	n
5	19915	灾区	zāi qū	n
5	20158	启事	qǐ shì	n
5	20539	相等	xiāng děng	v
5	20691	比重	bǐ zhòng	n
5	20703	受灾	shòu zāi	v,vn
5	20918	辞典	cí diǎn	n
5	21111	大熊猫	dà xióng māo	n
5	21406	雄伟	xióng wěi	a
5	21664	差点儿	chà diǎn r	d
5	22338	两岸	liǎng àn	n
5	22936	中药	zhōng yào	n
5	23326	盒饭	hé fàn	n
5	23725	池子	chí zi	n
5	24273	扇子	shàn zi	n
5	24609	成语	chéng yǔ	n
5	24642	不免	bù miǎn	d
5	25234	起到	qǐ dào	v
5	25241	虚心	xū xīn	a,ad
5	25577	救灾	jiù zāi	vn,v
5	25731	个儿	gè r	n
5	26178	闭幕	bì mù	v,vn
5	26304	叉子	chā zi	n
5	26976	选修	xuǎn xiū	v
5	28090	烤鸭	kǎo yā	n
5	28359	水灾	shuǐ zāi	n
5	29421	慌忙	huāng máng	ad
5	29894	剪子	jiǎn zi	n
5	31619	书柜	shū guì	n
5	31932	只见	zhǐ jiàn	v
5	32890	酸甜苦辣	suān tián kǔ là	l
5	33655	便条	biàn tiáo	n
5	34114	闭幕式	bì mù shì	n
5	34641	厂长	chǎng zhǎng	n
5	35004	不敢当	bù gǎn dāng	v
5	35576	桃树	táo shù	n
5	35678	阅览室	yuè lǎn shì	n
5	35984	月饼	yuè bǐng	n
5	37036	羽绒服	yǔ róng fú	n
5	37393	毛笔	máo bǐ	n
5	37535	豆制品	dòu zhì pǐn	n
5	41495	脸盆	liǎn pén	q,n
5	44601	中秋节	Zhōng qiū jié	t
5	46413	正版	zhèng bǎn	b,n
5	48366	电子版	diàn zǐ bǎn	n
5	52358	差一点儿	chà yī diǎn r	d
5	88712	电饭锅	diàn fàn guō	n
5	147151	小偷儿	xiǎotōur5	
5	165503	胡同儿	hútòngr5	
5	1000000	二维码	èr wéi mǎ	
5	1000000	杀毒	shā dú	
5	1000000	微博	wēi bó	
6	147	与	yú / yǔ / yù	p,cc
6	246	啦	lā / la	y
6	246	于	Yú / yú	p,g
6	399	如	rú	v,c
6	442	同	tóng / tòng	p,v,d
6	483	作	zuō / zuò	v,g
6	508	有关	yǒu guān	vn,p,v
6	541	另	lìng	r,d
6	614	嘛	má / ma	y
6	647	超	chāo	v,h
6	679	因	yīn	p,c,g
6	695	特	tè	g,d
6	756	入	rù	v
6	762	哇	wā / wa	y,o
6	811	便	biàn / pián	d,g
6	898	最终	zuì zhōng	d,b
6	952	不再	bù zài	d
6	956	死亡	sǐ wáng	v,vn
6	1000	据	jù / jū	p,g
6	1019	清	Qīng / qīng	a,v,tg
6	1089	投票	tóu piào	v,vn
6	1108	犯罪	fàn zuì	vn,v
6	1122	逼	bī	v
6	1178	原	Yuán / yuán	b,d
6	1181	赛	sài	vn,v
6	1190	集	jí	q,g
6	1198	权	Quán / quán	n
6	1228	尽	jǐn / jìn	v,d
6	1239	利	Lì / lì	n,g
6	1325	副	fù	b,q
6	1349	若	ruò	c,v,g
6	1380	之类	zhī lèi	r
6	1484	队伍	duì wǔ	n
6	1484	命	mìng	n,g
6	1522	招	zhāo	v,q,n
6	1544	藏	Zàng / cáng / zàng	v,b
6	1553	英雄	yīng xióng	n
6	1564	威胁	wēi xié	v,vn
6	1579	攻击	gōng jī	v,vn
6	1583	镇	zhèn	n
6	1611	允许	yǔn xǔ	v,vn
6	1616	错过	cuò guò	v
6	1634	自我	zì wǒ	r
6	1635	犯	fàn	v,g
6	1682	服	fú / fù	v,q
6	1699	样	yàng	q,g,u
6	1714	理	lǐ	v,n
6	1720	股	gǔ	q,n
6	1740	说实话	shuō shí huà	v
6	1749	剑	jiàn	n
6	1772	爆炸	bào zhà	v,vn
6	1810	情绪	qíng xù	n
6	1816	岛	dǎo	n
6	1835	最佳	zuì jiā	z
6	1849	混	hún / hùn	v,ad,a
6	1868	军队	jūn duì	n
6	1893	学会	xué huì	v,n
6	1908	遗憾	yí hàn	a,an
6	1909	部队	bù duì	n
6	1948	为何	wèi hé	r
6	1953	爆	bào	v,vn
6	1971	解	Xiè / jiě / jiè / xiè	v
6	1978	罪	zuì	n
6	1983	觉	jiào / jué	v,g,q
6	1985	承诺	chéng nuò	v,vn
6	2032	算是	suàn shì	v
6	2035	滴	dī	v,q
6	2047	党	Dǎng / dǎng	n
6	2082	印	Yìn / yìn	v,b,g
6	2090	时期	shí qī	n
6	2094	剧	jù	n,g
6	2111	酷	kù	g,d
6	2130	拖	tuō	v
6	2163	塞	Sāi / sāi / sài / sè	v,b,g
6	2163	赚	zhuàn / zuàn	v
6	2178	品牌	pǐn pái	n
6	2197	炒	chǎo	v
6	2198	塔	tǎ	n,b
6	2211	惊喜	jīng xǐ	a,an
6	2220	搭	dā	v
6	2229	权力	quán lì	n
6	2258	泡	pāo / pào	v,n,q
6	2263	爽	shuǎng	g
6	2270	疾病	jí bìng	n
6	2283	娱乐	yú lè	vn,v,n
6	2302	聊	liáo	v
6	2305	政策	zhèng cè	n
6	2329	法庭	fǎ tíng	n
6	2330	踢	tī	v
6	2339	联盟	lián méng	n,v
6	2351	母	mǔ	b,g
6	2371	仪式	yí shì	n
6	2376	能否	néng fǒu	v
6	2382	进攻	jìn gōng	v,vn
6	2395	再说	zài shuō	v,c
6	2398	除	chú	p,v
6	2403	负	fù	v,b,m
6	2405	本身	běn shēn	r
6	2412	端	duān	v,q,g
6	2412	上帝	Shàng dì	n
6	2421	不见	bù jiàn	v
6	2421	扣	kòu	v,g
6	2445	球员	qiú yuán	n
6	2449	挖	wā	v
6	2454	要么	yào me	c
6	2465	将军	Jiāng jūn / jiāng jūn	n
6	2467	透露	tòu lù	v
6	2493	侧	cè / zhāi	v,g,f,q
6	2500	团队	tuán duì	n
6	2503	闭	bì	v
6	2505	异常	yì cháng	a,d,an
6	2507	足	jù / zú	a,d,g
6	2512	档案	dàng àn	n
6	2517	协会	xié huì	n
6	2520	公	gōng	g,b
6	2532	细胞	xì bāo	n
6	2533	托	tuō	v,g
6	2536	症状	zhèng zhuàng	n
6	2539	患者	huàn zhě	n
6	2560	军事	jūn shì	n
6	2562	杆	gān / gǎn	g,q
6	2570	至于	zhì yú	p
6	2597	绝	jué	d,g
6	2626	料	liào	n,v
6	2628	公众	gōng zhòng	n
6	2663	心脏	xīn zàng	n
6	2672	斗争	dòu zhēng	vn,v
6	2680	给予	jǐ yǔ	v
6	2684	舞蹈	wǔ dǎo	n
6	2700	露	Lù / lòu / lù	v,g
6	2704	因素	yīn sù	n
6	2706	为此	wèi cǐ	d,l
6	2731	股票	gǔ piào	n
6	2736	血液	xuè yè	n
6	2745	形	xíng	g
6	2754	原谅	yuán liàng	v,vn
6	2764	公主	gōng zhǔ	n
6	2765	市民	shì mín	n
6	2768	咨询	zī xún	vn,v
6	2776	大赛	dà sài	vn
6	2776	埋	mái / mán	v
6	2780	顺	shùn	v,a
6	2790	妇女	fù nǚ	n
6	2794	野	yě	b,a,g,ad,an
6	2822	激情	jī qíng	n
6	2823	愉快	yú kuài	a,ad,an
6	2829	煮	zhǔ	v
6	2848	餐	cān	g,qv
6	2852	族	zú	g,q
6	2855	装备	zhuāng bèi	n,v
6	2857	圣诞节	Shèng dàn jié	t
6	2859	障碍	zhàng ài	n
6	2862	全新	quán xīn	b,d
6	2869	危机	wēi jī	n
6	2909	护	hù	v
6	2931	精	jīng	a,ad,g
6	2932	毁	huǐ	v
6	2983	晕	yūn / yùn	v
6	2985	就算	jiù suàn	d,v
6	2987	孤独	gū dú	a,an
6	2991	贡献	gòng xiàn	n,v
6	2992	赌	dǔ	v
6	2993	蒙	méng / mēng / Méng / Měng	v,b
6	2995	暴力	bào lì	n
6	3016	物品	wù pǐn	n
6	3023	骄傲	jiāo ào	an,a
6	3025	止	zhǐ	v
6	3027	界	jiè	n,k
6	3034	平衡	píng héng	a,an,v
6	3051	偏	piān	d,a,v
6	3059	主持人	zhǔ chí rén	n
6	3062	涉及	shè jí	v,vn
6	3064	炸	zhá / zhà	v
6	3087	踩	cǎi	v
6	3096	策略	cè lu:è	n
6	3100	牺牲	xī shēng	v,vn
6	3104	选举	xuǎn jǔ	v,vn
6	3109	陷入	xiàn rù	v
6	3110	档	dǎng / dàng	g,q,n
6	3114	肯	kěn	v,b
6	3127	愤怒	fèn nù	a,an,ad,v
6	3150	宫	Gōng / gōng	g,nr
6	3160	气氛	qì fēn	n
6	3164	全力	quán lì	d,n
6	3168	道歉	dào qiàn	v,vn
6	3168	心灵	xīn líng	n
6	3174	趟	tāng / tàng	qv,v
6	3183	天堂	tiān táng	n
6	3191	通道	Tōng dào / tōng dào	n
6	3192	田	Tián / tián	n,nr
6	3209	混乱	hùn luàn	a,an
6	3214	创意	chuàng yì	n,v
6	3215	火箭	huǒ jiàn	n
6	3232	大师	dà shī	n
6	3234	海军	hǎi jūn	n
6	3235	起诉	qǐ sù	v,vn
6	3247	智慧	zhì huì	n
6	3275	提升	tí shēng	v,vn
6	3278	战略	zhàn lu:è	n
6	3279	章	Zhāng / zhāng	q,n
6	3300	定位	dìng wèi	v,vn,n
6	3301	撑	chēng	v
6	3320	遭到	zāo dào	v
6	3326	职责	zhí zé	n
6	3328	远远	yuǎn yuǎn	d
6	3342	无关	wú guān	v,b
6	3353	肺	fèi	n
6	3363	民主	mín zhǔ	a,an,ad
6	3386	监督	jiān dū	vn,v
6	3393	厕所	cè suǒ	n
6	3395	遭遇	zāo yù	n,v
6	3398	猛	měng	a,d
6	3419	险	xiǎn	a,g
6	3431	药品	yào pǐn	n
6	3442	踏	tā / tà	v
6	3444	当作	dàng zuò	v
6	3448	运作	yùn zuò	v,vn
6	3453	判	pàn	v
6	3453	炸弹	zhà dàn	n
6	3458	爆发	bào fā	v,vn
6	3459	宗教	zōng jiào	n
6	3462	夺	duó	v
6	3477	本地	běn dì	r
6	3481	核心	hé xīn	n
6	3490	扎	zhā / zhá / zā	v
6	3531	一时	yī shí	t,m
6	3538	屏幕	píng mù	n
6	3563	惨	cǎn	a,ad
6	3565	毒品	dú pǐn	n
6	3585	升级	shēng jí	v,vn
6	3586	国王	guó wáng	n
6	3610	播	bō	v
6	3612	作战	zuò zhàn	v,vn
6	3627	税	shuì	n
6	3628	当天	dāng tiān / dàng tiān	t
6	3630	井	Jǐng / jǐng	n
6	3630	赚钱	zhuàn qián	v,a
6	3631	王子	wáng zǐ	n,nr
6	3642	钻	zuàn / zuān	v
6	3643	被告	bèi gào	n
6	3654	大街	dà jiē	n
6	3669	收藏	shōu cáng	v,vn
6	3671	佛	Fó / fú	n
6	3672	幻想	huàn xiǎng	n,v
6	3681	一番	yì fān	mq
6	3702	暴露	bào lù	v,vn
6	3710	机械	jī xiè	n,a
6	3710	伤口	shāng kǒu	n
6	3716	电力	diàn lì	n
6	3717	设计师	shè jì shī	n
6	3724	协助	xié zhù	v,vn
6	3740	防守	fáng shǒu	v,vn
6	3747	主角	zhǔ jué	n
6	3759	潜力	qián lì	n
6	3767	总部	zǒng bù	n
6	3774	笑容	xiào róng	n
6	3788	地板	dì bǎn	n
6	3807	罢了	bà le / bà liǎo	y
6	3811	通讯	tōng xùn	n
6	3821	隐藏	yǐn cáng	v
6	3829	算了	suàn le	
6	3832	狠	hěn	a,d
6	3835	策划	cè huà	v,vn
6	3836	蹲	dūn	v
6	3847	牵	qiān	v
6	3852	账户	zhàng hù	n
6	3853	当成	dàng chéng	v
6	3854	远离	yuǎn lí	v
6	3855	天下	tiān xià	n
6	3864	适当	shì dàng	a,ad
6	3883	和谐	hé xié	a,an,ad
6	3886	高手	gāo shǒu	n
6	3896	参赛	cān sài	v,vn
6	3910	刮	guā	v
6	3912	信仰	xìn yǎng	vn,n,v
6	3924	录像	lù xiàng	n,v
6	3929	查看	chá kàn	v
6	3934	大道	dà dào	n
6	3944	疼痛	téng tòng	an,a,n
6	3950	混合	hùn hé	vn,v
6	3957	领袖	lǐng xiù	n
6	3958	会见	huì jiàn	v,vn
6	3962	合约	hé yuē	n
6	3970	机关	jī guān	n
6	3988	富有	fù yǒu	v,a
6	3997	倾向	qīng xiàng	n,v
6	4007	救命	jiù mìng	v,vn
6	4039	持有	chí yǒu	v,vn
6	4043	沿着	yán zhe	p
6	4061	探索	tàn suǒ	v,vn
6	4063	对抗	duì kàng	v,vn
6	4065	灭	miè	v
6	4069	支援	zhī yuán	v,vn
6	4070	线路	xiàn lù	n
6	4071	血管	xuè guǎn	n
6	4084	热线	rè xiàn	n
6	4084	娃娃	wá wa	n
6	4086	关联	guān lián	vn,v
6	4100	捡	jiǎn	v
6	4100	金钱	jīn qián	n
6	4105	消灭	xiāo miè	v
6	4114	街头	jiē tóu	s
6	4117	惊人	jīng rén	a
6	4118	路过	lù guò	v
6	4121	海洋	hǎi yáng	n
6	4125	金融	jīn róng	n
6	4140	首席	shǒu xí	n
6	4143	成分	chéng fèn	n
6	4145	同一	tóng yī	b
6	4192	循环	xún huán	vn,v
6	4196	从没	cóng méi	d
6	4200	鉴定	jiàn dìng	vn,v
6	4200	协调	xié tiáo	v,vn,a,ad,an
6	4209	膜	mó	n
6	4209	铺	pù / pū	v
6	4211	泥	ní / nì	n,v
6	4233	场景	chǎng jǐng	n
6	4234	跨	kuà	v
6	4242	战术	zhàn shù	n
6	4243	救援	jiù yuán	vn,v
6	4284	跌	diē	v
6	4286	仿佛	fǎng fú	d,v
6	4292	妙	miào	a,ad,an
6	4303	足以	zú yǐ	d
6	4334	祖国	zǔ guó	n
6	4364	凶	xiōng	a,g
6	4371	约定	yuē dìng	v,vn
6	4384	抵抗	dǐ kàng	v,vn
6	4393	虽	suī	c
6	4393	援助	yuán zhù	vn,v
6	4394	侵犯	qīn fàn	v,vn
6	4405	战场	zhàn chǎng	n
6	4410	知名	zhī míng	a
6	4420	推出	tuī chū	v
6	4428	出场	chū chǎng	v,vn
6	4446	节奏	jié zòu	n
6	4446	外科	wài kē	n
6	4447	名义	míng yì	n
6	4450	从不	cóng bù	d
6	4469	肿	zhǒng	v
6	4471	途径	tú jìng	n
6	4480	遭受	zāo shòu	v
6	4482	康复	kāng fù	v,vn
6	4493	轨道	guǐ dào	n
6	4497	城镇	chéng zhèn	n
6	4499	企图	qǐ tú	v,vn
6	4529	前来	qián lái	v
6	4530	平台	píng tái	n
6	4539	国会	Guó huì	n
6	4563	扑	pū	v,o
6	4566	抵达	dǐ dá	v
6	4573	肝	gān	n
6	4582	留言	liú yán	n,v,vn
6	4602	忽略	hū lu:è	v
6	4602	捐	juān	v
6	4623	此次	cǐ cì	r
6	4625	酱	jiàng	n
6	4627	支撑	zhī chēng	v,vn
6	4635	边缘	biān yuán	n,b
6	4636	元素	yuán sù	n
6	4644	开通	kāi tōng / kāi tong	v
6	4648	宠物	chǒng wù	n
6	4649	浮	fú	v,a
6	4649	四处	sì chù	d
6	4657	直升机	zhí shēng jī	n
6	4658	仓库	cāng kù	n
6	4668	病情	bìng qíng	n
6	4669	岗位	gǎng wèi	n
6	4671	磨	mó / mò	v,n
6	4675	清洁	qīng jié	a,v,an,ad
6	4676	内衣	nèi yī	n
6	4682	焦点	jiāo diǎn	n
6	4686	回应	huí yìng	v,vn
6	4690	故障	gù zhàng	n
6	4691	联赛	lián sài	n
6	4710	上演	shàng yǎn	v,vn
6	4731	欺负	qī fu	v,vn
6	4734	吊	diào	v,q
6	4756	指定	zhǐ dìng	v,vn
6	4758	无效	wú xiào	v,vn
6	4761	融入	róng rù	v,vn
6	4775	新人	xīn rén	n
6	4782	刚好	gāng hǎo	d
6	4795	高层	gāo céng	n
6	4796	飞船	fēi chuán	n
6	4797	孤儿	gū ér	n
6	4824	正当	zhèng dāng / zhèng dàng	a,p,v,ad
6	4838	常规	cháng guī	n
6	4839	依赖	yī lài	v,vn
6	4841	此事	cǐ shì	r
6	4850	误	wù	v,d,g
6	4852	添	tiān	v
6	4859	争夺	zhēng duó	v,vn
6	4860	分裂	fēn liè	v,vn
6	4866	空军	kōng jūn	n
6	4871	出事	chū shì	v,vn
6	4873	园	Yuán / yuán	g
6	4909	抱歉	bào qiàn	a,an,ad
6	4910	抗议	kàng yì	v,vn
6	4920	尖	jiān	a,g
6	4920	箭	jiàn	n
6	4948	扭	niǔ	v
6	4952	搭配	dā pèi	v,vn
6	4961	活跃	huó yuè	v,a
6	4961	净	jìng	a,d
6	4970	沿	yán	p,f,v
6	4971	诞生	dàn shēng	v,vn
6	4978	用品	yòng pǐn	n
6	4998	重建	chóng jiàn	v,vn
6	5006	阴谋	yīn móu	n,v
6	5008	串	chuàn	q,v,n
6	5014	横	héng / hèng	g,v,n,a,d
6	5015	看好	kān hǎo / kàn hǎo	v
6	5028	占据	zhàn jù	v
6	5028	哲学	zhé xué	n
6	5040	管道	guǎn dào	n
6	5044	薯条	shǔ tiáo	n
6	5045	凶手	xiōng shǒu	n
6	5046	赶上	gǎn shàng	v
6	5047	嘉宾	jiā bīn	n
6	5049	时装	shí zhuāng	n
6	5068	掏	tāo	v
6	5072	赌博	dǔ bó	v,vn
6	5084	本质	běn zhì	n
6	5090	股东	gǔ dōng	n
6	5092	残酷	cán kù	a,ad,an
6	5107	实践	shí jiàn	v,vn
6	5108	好转	hǎo zhuǎn	v,vn
6	5160	窗口	chuāng kǒu	s
6	5172	债	zhài	n
6	5185	指数	zhǐ shù	n
6	5189	极端	jí duān	n,d,a
6	5215	理智	lǐ zhì	n,a
6	5216	风暴	fēng bào	n
6	5218	扁	Piān / biǎn / piān	a
6	5227	捐赠	juān zèng	v,vn
6	5233	皇帝	huáng dì	n
6	5237	搭档	dā dàng	n,v
6	5249	深深	shēn shēn	d,z,a
6	5260	住宅	zhù zhái	n
6	5269	丧失	sàng shī	v,vn
6	5279	旋转	xuán zhuǎn	v,vn
6	5282	吞	tūn	v
6	5287	反抗	fǎn kàng	v,vn
6	5310	办公	bàn gōng	vn,v
6	5311	跪	guì	v
6	5314	细菌	xì jūn	n
6	5317	棉	mián	g,n
6	5338	晓得	xiǎo de	v
6	5341	顾	Gù / gù	v,nr
6	5343	掌声	zhǎng shēng	n
6	5350	接收	jiē shōu	v,vn
6	5374	大使	dà shǐ	n
6	5376	崇拜	chóng bài	v,vn
6	5421	打造	dǎ zào	v
6	5422	影响力	yǐng xiǎng lì	n
6	5435	想不到	xiǎng bu dào	v
6	5438	首相	shǒu xiàng	n
6	5443	上市	shàng shì	v,vn
6	5451	会长	huì zhǎng	n
6	5460	发起	fā qǐ	v,vn
6	5466	场地	chǎng dì	n
6	5475	审查	shěn chá	v,vn
6	5477	港口	gǎng kǒu	n
6	5499	驻	zhù	v
6	5503	渠道	qú dào	n
6	5505	花费	huā fèi	v,n
6	5509	景	Jǐng / jǐng	g,nr
6	5509	伤亡	shāng wáng	vn,v
6	5523	歌词	gē cí	n
6	5536	缺陷	quē xiàn	n
6	5557	查出	chá chū	v
6	5588	阴影	yīn yǐng	n
6	5592	炮	bāo / páo / pào	n,q
6	5598	仪器	yí qì	n
6	5632	流感	liú gǎn	n
6	5642	超出	chāo chū	v
6	5643	教堂	jiào táng	n
6	5645	纠正	jiū zhèng	v,vn
6	5648	难忘	nán wàng	a,v
6	5685	用心	yòng xīn	ad,n,a,v
6	5701	奉献	fèng xiàn	v,vn,n
6	5706	番	Pān / fān	qv,g
6	5720	挨	āi / ái	v
6	5722	心脏病	xīn zàng bìng	n
6	5739	救助	jiù zhù	v,vn
6	5754	一同	yī tóng	d
6	5766	珠宝	zhū bǎo	n
6	5768	提交	tí jiāo	v
6	5773	游行	yóu xíng	vn,v
6	5777	赖	Lài / lài	v,a
6	5778	洋	yáng	g
6	5782	冲击	chōng jī	vn,v
6	5785	水泥	shuǐ ní	n
6	5789	信用	xìn yòng	n,a
6	5804	都市	dū shì	n
6	5805	重组	chóng zǔ	v,vn
6	5813	专用	zhuān yòng	vn,v
6	5855	认同	rèn tóng	v,vn
6	5865	外出	wài chū	v,vn
6	5914	派出	pài chū	v,vn
6	5935	矿	kuàng	n
6	5947	意愿	yì yuàn	n
6	5952	织	zhī	v
6	5961	通话	tōng huà	v,vn
6	5962	头疼	tóu téng	a
6	5967	担忧	dān yōu	v,vn
6	5972	飞行员	fēi xíng yuán	n
6	5973	嫌	xián	v,g
6	5983	车展	chē zhǎn	
6	6000	犯规	fàn guī	v,vn
6	6003	融合	róng hé	v,vn
6	6012	牢	láo	a,g
6	6032	同胞	tóng bāo	n
6	6036	变形	biàn xíng	v,vn
6	6036	大力	dà lì	d,n
6	6043	种种	zhǒng zhǒng	q
6	6069	长久	cháng jiǔ	a,ad
6	6070	决策	jué cè	n,vn,v
6	6107	贫困	pín kùn	a,an
6	6114	家园	jiā yuán	n
6	6124	清洗	qīng xǐ	v,vn
6	6130	传出	chuán chū	v
6	6130	上台	shàng tái	v
6	6163	不仅仅	bù jǐn jǐn	d
6	6167	对外	duì wài	v,vn
6	6175	渡	dù	v
6	6202	杂	zá	a,ad,v
6	6204	捉	zhuō	v
6	6207	打断	dǎ duàn	v
6	6238	懒	lǎn	a
6	6251	撤销	chè xiāo	v,vn
6	6261	演奏	yǎn zòu	v,vn
6	6281	拨打	bō dǎ	v
6	6285	干涉	gān shè	v,vn
6	6296	操纵	cāo zòng	v,vn
6	6301	行程	xíng chéng	n,v
6	6315	前方	qián fāng	s,f,n
6	6323	天然	tiān rán	b
6	6336	罪恶	zuì è	n
6	6344	金额	jīn é	n
6	6358	舌头	shé tou	n
6	6377	原告	yuán gào	n
6	6379	美容	měi róng	vn,v
6	6391	特意	tè yì	d
6	6397	捐款	juān kuǎn	v,n,vn
6	6422	病房	bìng fáng	n
6	6428	研发	yán fā	v
6	6447	吸毒	xī dú	v,vn
6	6449	拿走	ná zǒu	v
6	6454	过后	guò hòu	t,v
6	6465	墓	mù	n
6	6466	传输	chuán shū	vn,v
6	6466	感人	gǎn rén	a
6	6467	同行	tóng háng / tóng xíng	n,v
6	6468	高档	gāo dàng	b
6	6487	应急	yìng jí	vn,v
6	6489	急救	jí jiù	vn,v
6	6491	灵活	líng huó	a,ad
6	6507	官司	guān si	n
6	6509	没收	mò shōu	v
6	6523	恰恰	qià qià	d
6	6526	村庄	cūn zhuāng	n
6	6530	外部	wài bù	f
6	6556	打动	dǎ dòng	v
6	6574	预约	yù yuē	v,vn
6	6618	亲眼	qīn yǎn	d
6	6630	医药	yī yào	n
6	6644	总监	zǒng jiān	n
6	6645	供给	gōng jǐ	vn,v
6	6671	撤离	chè lí	v
6	6676	听取	tīng qǔ	v
6	6701	艺人	yì rén	n
6	6706	出名	chū míng	a,v
6	6721	杰出	jié chū	a
6	6744	消耗	xiāo hào	v,vn
6	6747	平凡	píng fán	a
6	6750	花生	huā shēng	n
6	6762	评	píng	v
6	6774	发言人	fā yán rén	n
6	6796	隐私	yǐn sī	n
6	6821	通报	tōng bào	v,n
6	6833	出路	chū lù	n
6	6835	券	quàn	g
6	6859	宴会	yàn huì	n
6	6882	次数	cì shù	n
6	6892	素质	sù zhì	n
6	6898	纠纷	jiū fēn	n
6	6901	起点	qǐ diǎn	n
6	6904	创建	chuàng jiàn	v,vn
6	6907	走私	zǒu sī	v,vn
6	6930	租金	zū jīn	n
6	6939	差异	chā yì	n
6	6953	裂	liè	v
6	6967	粥	yù / zhōu	n
6	6981	账	zhàng	n
6	6982	有事	yǒu shì	v
6	6992	层面	céng miàn	n
6	7011	协商	xié shāng	v,vn
6	7020	应对	yìng duì	v,vn
6	7042	外来	wài lái	b
6	7054	波动	bō dòng	vn,v,n
6	7061	传言	chuán yán	n,v
6	7063	开头	kāi tóu	n,v
6	7080	出动	chū dòng	v
6	7107	探讨	tàn tǎo	v,vn
6	7116	一次性	yī cì xìng	b,d
6	7136	烟花	yān huā	n
6	7144	海报	hǎi bào	n
6	7146	拐	guǎi	v,g
6	7155	发放	fā fàng	v,vn
6	7156	学员	xué yuán	n
6	7181	互动	hù dòng	vn,v
6	7195	热水	rè shuǐ	n
6	7200	歌唱	gē chàng	v,vn
6	7240	维生素	wéi shēng sù	n
6	7252	笑声	xiào shēng	n
6	7278	海底	hǎi dǐ	n
6	7283	赛场	sài chǎng	n
6	7299	一贯	yī guàn	d,b
6	7321	低头	dī tóu	v
6	7321	政权	zhèng quán	n
6	7345	强势	qiáng shì	n
6	7350	面向	miàn xiàng	v
6	7364	迎来	yíng lái	v
6	7384	再生	zài shēng	v,vn
6	7388	高峰	gāo fēng	n,nr
6	7452	船长	chuán zhǎng	n
6	7455	奇妙	qí miào	a,an
6	7489	枝	zhī	q,g
6	7493	悬	xuán	v,g
6	7516	车牌	chē pái	n
6	7538	陆军	lù jūn	n
6	7554	薪水	xīn shuǐ	n
6	7561	衡量	héng liáng	v,vn
6	7563	师父	shī fu	n
6	7597	压迫	yā pò	vn,v
6	7605	好不容易	hǎo bù róng yì	l
6	7627	绝大多数	jué dà duō shù	m
6	7642	户外	hù wài	s
6	7656	炸药	zhà yào	n
6	7660	本土	běn tǔ	n
6	7676	恰当	qià dàng	a,ad
6	7699	监测	jiān cè	vn,v
6	7709	追究	zhuī jiū	v,vn
6	7713	防范	fáng fàn	v,vn
6	7719	马车	mǎ chē	n
6	7737	看作	kàn zuò	v
6	7738	开关	kāi guān	n
6	7746	古典	gǔ diǎn	b
6	7794	不通	bù tōng	a
6	7796	壶	hú	g,q
6	7798	名誉	míng yù	n
6	7804	图书	tú shū	n
6	7821	厨师	chú shī	n
6	7826	电器	diàn qì	n
6	7832	选拔	xuǎn bá	v,vn
6	7841	人权	rén quán	n
6	7865	要不然	yào bù rán	c
6	7876	恰好	qià hǎo	d
6	7899	便是	biàn shì	v
6	7906	洪水	hóng shuǐ	n
6	7927	自在	zì zai	a,ad
6	7938	寺	sì	g
6	7942	缘故	yuán gù	n
6	7950	心愿	xīn yuàn	n
6	7967	识	shí / zhì	v,g
6	7978	往后	wǎng hòu	t
6	7980	处处	chù chù	d,q
6	7982	不至于	bù zhì yú	d
6	7991	海外	hǎi wài	s
6	8000	醋	cù	n
6	8001	罢工	bà gōng	vn,v
6	8003	不便	bù biàn	an,a,ad,v
6	8004	招聘	zhāo pìn	v,vn
6	8021	不禁	bù jīn	d
6	8073	早晚	zǎo wǎn	d,t
6	8092	坡	pō	n
6	8105	面对面	miàn duì miàn	l
6	8135	父子	fù zǐ	n
6	8154	悲惨	bēi cǎn	a
6	8168	昏	hūn	v,tg,a
6	8175	收养	shōu yǎng	v,vn
6	8179	一模一样	yī mú yī yàng	l
6	8182	残疾人	cán jí rén	n
6	8206	入学	rù xué	v,vn
6	8208	收取	shōu qǔ	v,vn
6	8212	强化	qiáng huà	v,vn
6	8232	夺取	duó qǔ	v
6	8288	特地	tè dì	d
6	8294	强壮	qiáng zhuàng	a,v
6	8296	出入	chū rù	v,n,vn
6	8298	区分	qū fēn	v,vn
6	8367	富人	fù rén	n
6	8390	捕	bǔ	v
6	8415	光辉	guāng huī	a,n
6	8424	船员	chuán yuán	n
6	8434	黑夜	hēi yè	n
6	8462	过渡	guò dù	v,vn
6	8483	假日	jià rì	n
6	8507	电动	diàn dòng	b
6	8516	联手	lián shǒu	v
6	8536	总经理	zǒng jīng lǐ	n
6	8543	战友	zhàn yǒu	n
6	8548	主流	zhǔ liú	n
6	8559	陪同	péi tóng	v,vn
6	8572	中等	zhōng děng	b
6	8613	一道	yī dào	d
6	8632	番茄	fān qié	n
6	8649	精美	jīng měi	a
6	8658	储存	chǔ cún	v,vn
6	8666	到期	dào qī	v
6	8683	事后	shì hòu	t
6	8686	不怎么	bù zěn me	v
6	8720	往来	wǎng lái	v,vn
6	8726	此处	cǐ chù	s
6	8734	来往	lái wǎng	v,vn
6	8737	动画	dòng huà	n
6	8741	关爱	guān ài	v,vn
6	8759	凡是	fán shì	d,nz
6	8774	小麦	xiǎo mài	n
6	8778	氧气	yǎng qì	n
6	8782	保健	bǎo jiàn	n
6	8844	野生	yě shēng	b,v
6	8855	就是说	jiù shì shuō	c
6	8859	出行	chū xíng	v,vn
6	8861	残疾	cán jí	n
6	8868	长远	cháng yuǎn	a,ad,an
6	8959	明日	míng rì	t
6	8984	去掉	qù diào	v
6	8987	巧妙	qiǎo miào	a,ad
6	9012	传媒	chuán méi	n
6	9027	通行	tōng xíng	v,vn
6	9102	一代	yī dài	n
6	9104	繁殖	fán zhí	v,vn
6	9108	铅笔	qiān bǐ	n
6	9160	眼看	yǎn kàn	v,d
6	9178	聘请	pìn qǐng	v
6	9217	免得	miǎn de	v
6	9243	特大	tè dà	b
6	9293	诸位	zhū wèi	r
6	9296	奏	zòu	v
6	9297	改装	gǎi zhuāng	v,vn
6	9303	笑脸	xiào liǎn	n
6	9317	截止	jié zhǐ	v,vn
6	9341	发病	fā bìng	v,vn
6	9349	复苏	fù sū	v,vn
6	9360	高等	gāo děng	b
6	9373	地下室	dì xià shì	n
6	9377	法语	Fǎ yǔ	nz
6	9386	观光	guān guāng	v,vn
6	9409	强盗	qiáng dào	n
6	9432	海湾	Hǎi wān / hǎi wān	n
6	9461	敢于	gǎn yú	v
6	9549	书房	shū fáng	n
6	9551	打发	dǎ fa	v
6	9572	出面	chū miàn	v
6	9573	奔跑	bēn pǎo	v,vn
6	9589	绘画	huì huà	n,v
6	9598	照样	zhào yàng	d
6	9621	理财	lǐ cái	vn,v
6	9629	上当	shàng dàng	v
6	9640	桥梁	qiáo liáng	n
6	9650	宇航员	yǔ háng yuán	n
6	9674	中期	zhōng qī	f
6	9699	开创	kāi chuàng	v
6	9701	壮观	zhuàng guān	a,an
6	9707	谦虚	qiān xū	a,ad
6	9732	科研	kē yán	n
6	9736	奶牛	nǎi niú	n
6	9776	国旗	guó qí	n
6	9778	网页	wǎng yè	n
6	9834	此前	cǐ qián	t
6	9856	巩固	gǒng gù	v,vn
6	9885	广阔	guǎng kuò	a
6	9931	祝愿	zhù yuàn	v,vn
6	9945	过时	guò shí	a
6	9958	大米	dà mǐ	n
6	9979	傍晚	bàng wǎn	t
6	9984	背着	bēi zhe / bèi zhe	v
6	9985	一路上	yī lù shàng	
6	9997	顽强	wán qiáng	a,ad
6	10026	要素	yào sù	n
6	10054	不成	bù chéng	v,y
6	10072	必将	bì jiāng	d
6	10100	背心	bèi xīn	n
6	10119	领取	lǐng qǔ	v
6	10146	揭	Jiē / jiē	v
6	10174	弯曲	wān qū	a,an
6	10181	亲属	qīn shǔ	n
6	10184	发电	fā diàn	v,vn
6	10196	创办	chuàng bàn	v,vn
6	10210	山谷	shān gǔ	n
6	10215	太阳能	tài yáng néng	n
6	10235	多半	duō bàn	d,m
6	10239	远方	yuǎn fāng	s
6	10248	名额	míng é	n
6	10298	优质	yōu zhì	b
6	10303	盼望	pàn wàng	v
6	10344	拖鞋	tuō xié	n
6	10372	变更	biàn gēng	v,vn
6	10372	配置	pèi zhì	v,vn,n
6	10384	切实	qiè shí	a,ad
6	10435	意想不到	yì xiǎng bù dào	v
6	10437	船只	chuán zhī	n
6	10520	半决赛	bàn jué sài	n
6	10577	姑姑	gū gu	n
6	10577	说明书	shuō míng shū	n
6	10602	评选	píng xuǎn	v,vn
6	10675	开设	kāi shè	v
6	10677	百分点	bǎi fēn diǎn	n
6	10682	首脑	shǒu nǎo	n
6	10722	站台	zhàn tái	n
6	10742	勺	sháo	q,g
6	10769	变换	biàn huàn	v,vn
6	10773	茄子	qié zi	n
6	10778	低温	dī wēn	n
6	10782	暴雨	bào yǔ	n
6	10800	吉利	Jí lì / jí lì	a,n
6	10815	高考	gāo kǎo	v,vn
6	10818	微波炉	wēi bō lú	n
6	10842	日语	Rì yǔ	nz
6	10885	补助	bǔ zhù	n,vn,v
6	10916	热点	rè diǎn	n
6	10956	先锋	xiān fēng	n
6	11026	自来水	zì lái shuǐ	n
6	11048	蓝天	lán tiān	n
6	11071	短片	duǎn piàn	n
6	11088	基督教	Jī dū jiào	nz
6	11131	养老	yǎng lǎo	vn,v
6	11183	花瓶	huā píng	n
6	11185	挨着	āi zhe	v
6	11254	打牌	dǎ pái	v
6	11281	酱油	jiàng yóu	n
6	11302	捐助	juān zhù	v,vn
6	11329	反响	fǎn xiǎng	n
6	11332	祖父	zǔ fù	n
6	11348	球星	qiú xīng	n
6	11404	整顿	zhěng dùn	v,vn
6	11418	外衣	wài yī	n
6	11446	秘书长	mì shū zhǎng	n
6	11460	很难说	hěn nánshuō	v
6	11462	峰会	fēng huì	n
6	11481	白领	bái lǐng	b,n
6	11544	仰	Yǎng / yǎng	v
6	11560	徒弟	tú dì	n
6	11594	如一	rú yī	
6	11704	测定	cè dìng	v,vn
6	11743	产量	chǎn liàng	n
6	11762	治病	zhì bìng	v,vn
6	11792	盲人	máng rén	n
6	11821	办事处	bàn shì chù	n
6	11824	要好	yào hǎo	a
6	11892	伤员	shāng yuán	n
6	11993	影迷	yǐng mí	n
6	12038	编制	biān zhì	n,v,vn
6	12054	冷水	lěng shuǐ	n
6	12143	用处	yòng chu	n
6	12188	化解	huà jiě	v
6	12201	排行榜	pái háng bǎng	n
6	12255	母女	mǔ nǚ	n
6	12281	日夜	rì yè	d,n
6	12302	城区	chéng qū	n
6	12318	大批	dà pī	m
6	12339	厂商	chǎng shāng	n
6	12389	食欲	shí yù	n
6	12428	祖母	zǔ mǔ	n
6	12437	布满	bù mǎn	v
6	12593	外观	wài guān	n
6	12604	采纳	cǎi nà	v,vn
6	12623	分工	fēn gōng	vn,v
6	12675	影星	yǐng xīng	n
6	12675	政党	zhèng dǎng	n
6	12727	阔	kuò	a
6	12755	跳水	tiào shuǐ	vn,v
6	12772	钟头	zhōng tóu	n
6	12805	调研	diào yán	vn,v
6	12813	栏目	lán mù	n
6	12862	田径	tián jìng	n
6	12897	构建	gòu jiàn	v,vn
6	12917	解说	jiě shuō	v,vn
6	13080	儿科	ér kē	n
6	13107	看得见	kàn dé jiàn	v
6	13160	歌星	gē xīng	n
6	13175	网吧	wǎng bā	n
6	13177	游戏机	yóu xì jī	n
6	13231	脚印	jiǎo yìn	n
6	13327	母子	mǔ zǐ	n
6	13331	佛教	Fó jiào	nz
6	13372	革新	gé xīn	vn,v
6	13413	商城	Shāng chéng / shāng chéng	n
6	13419	一行	yī xíng	n
6	13463	成品	chéng pǐn	n
6	13479	炒作	chǎo zuò	v
6	13487	觉悟	jué wù	n,v
6	13522	一齐	yī qí	d
6	13534	自言自语	zì yán zì yǔ	l
6	13550	山坡	shān pō	n
6	13619	增进	zēng jìn	v
6	13620	只顾	zhǐ gù	v,d
6	13627	议题	yì tí	n
6	13653	音量	yīn liàng	n
6	13665	安检	ān jiǎn	n
6	13714	盗版	dào bǎn	vn,n,v
6	13764	定价	dìng jià	v,n,vn
6	13787	精品	jīng pǐn	n
6	13871	三明治	sān míng zhì	n,nz
6	13888	依次	yī cì	d
6	13894	景点	jǐng diǎn	n
6	13897	照耀	zhào yào	v,vn
6	13920	加盟	jiā méng	v,vn
6	13949	畅通	chàng tōng	a,an
6	13952	截至	jié zhì	v
6	13957	公安	gōng ān	n
6	13957	楼房	lóu fáng	n
6	13978	暴风雨	bào fēng yǔ	n
6	14044	民意	mín yì	n
6	14055	识字	shí zì	v,vn
6	14079	送礼	sòng lǐ	v,vn
6	14110	打官司	dǎ guān si	v
6	14122	好似	hǎo sì	v
6	14141	显出	xiǎn chū	v
6	14297	长假	cháng jià	n
6	14319	定时	dìng shí	d,b
6	14403	升值	shēng zhí	v,vn
6	14461	电车	diàn chē	n
6	14483	海浪	hǎi làng	n
6	14508	音像	yīn xiàng	n
6	14592	踏实	tā shi	a
6	14622	出台	chū tái	v,vn
6	14655	简介	jiǎn jiè	n
6	14663	生活费	shēng huó fèi	n
6	14733	座谈会	zuò tán huì	n
6	14780	借鉴	jiè jiàn	v,vn
6	14801	旅店	lǚ diàn	n
6	14847	近日	jìn rì	t
6	14919	地名	dì míng	n
6	14936	老乡	lǎo xiāng	n
6	14977	内外	nèi wài	f
6	15011	取款	qǔ kuǎn	v,vn
6	15011	时节	shí jié	n
6	15045	作废	zuò fèi	v
6	15046	房价	fáng jià	n
6	15103	报刊	bào kān	n
6	15204	挨打	ái dǎ	v
6	15228	只得	zhǐ dé	d
6	15257	清洁工	qīng jié gōng	n
6	15273	省钱	shěng qián	a,v
6	15276	小于	xiǎo yú	v
6	15310	多媒体	duō méi tǐ	n
6	15322	稿子	gǎo zi	n
6	15370	打印机	dǎ yìn jī	n
6	15380	王后	wáng hòu	n
6	15403	工商	gōng shāng	n
6	15404	奶粉	nǎi fěn	n
6	15431	波浪	bō làng	n
6	15439	自学	zì xué	v,vn
6	15468	修车	xiū chē	v,vn
6	15475	墨水	mò shuǐ	n
6	15502	父女	fù nǚ	n
6	15531	礼堂	lǐ táng	n
6	15579	时而	shí ér	d
6	15583	柱子	zhù zi	n
6	15592	岁数	suì shu	n
6	15618	指头	zhǐ tou	n
6	15623	试点	shì diǎn	n,v,vn
6	15636	讲课	jiǎng kè	v,vn
6	15676	往年	wǎng nián	t
6	15697	节能	jié néng	vn,v
6	15697	看管	kān guǎn	v,vn
6	15697	时时	shí shí	d
6	15701	只管	zhǐ guǎn	d
6	15824	更是	gèng shì	d
6	15871	忠心	zhōng xīn	n
6	15990	公鸡	gōng jī	n
6	16028	军舰	jūn jiàn	n
6	16119	平方米	píng fāng mǐ	q
6	16284	教育部	Jiào yù bù	nt
6	16300	客车	kè chē	n
6	16304	盛行	shèng xíng	v
6	16373	待会儿	dāi huì r	d
6	16439	单打	dān dǎ	n
6	16470	拆迁	chāi qiān	v,vn
6	16474	处长	chù zhǎng	n
6	16507	馒头	mán tou	n
6	16527	乌云	wū yún	n,nr
6	16557	内地	Nèi dì / nèi dì	s
6	16569	外头	wài tou	f
6	16584	吉祥	jí xiáng	n
6	16584	求职	qiú zhí	vn,v
6	16716	扎实	zhā shi	a
6	16743	响声	xiǎng shēng	n
6	16754	不值	bù zhí	
6	16796	国歌	guó gē	n
6	16827	师生	shī shēng	n
6	16867	游玩	yóu wán	v
6	16912	两侧	liǎng cè	f
6	16970	乐曲	yuè qǔ	n
6	16985	母鸡	mǔ jī	n
6	17047	酒水	jiǔ shuǐ	n
6	17047	新兴	Xīn xīng / xīn xīng	b
6	17067	发炎	fā yán	v
6	17138	发怒	fā nù	v
6	17278	叹气	tàn qì	v
6	17330	赶不上	gǎn bù shàng	
6	17349	台灯	tái dēng	n
6	17358	小费	xiǎo fèi	nr,n
6	17382	西班牙语	Xī bān yá yǔ	nz
6	17873	反问	fǎn wèn	v
6	17875	国产	guó chǎn	b
6	18075	热水器	rè shuǐ qì	n
6	18095	同期	tóng qī	f
6	18186	常年	cháng nián	d,b,t
6	18209	快车	kuài chē	n
6	18215	无边	wú biān	z
6	18234	山峰	shān fēng	n
6	18297	民工	mín gōng	n
6	18458	整治	zhěng zhì	v,vn
6	18474	民歌	mín gē	n
6	18506	这就是说	zhè jiù shì shuō	c
6	18637	宽阔	kuān kuò	a
6	18679	遍地	biàn dì	v,vn
6	18747	少儿	shào ér	n
6	18763	机动车	jī dòng chē	n
6	18764	皮球	pí qiú	n
6	19063	节假日	jié jià rì	t
6	19210	增值	zēng zhí	v,vn
6	19357	宏大	hóng dà	a
6	19365	长跑	cháng pǎo	vn,v
6	19472	中外	zhōng wài	b
6	19517	特快	tè kuài	b
6	19695	梅花	méi huā	n
6	19748	近视	jìn shì	a,an
6	19839	顽皮	wán pí	a
6	19867	录音机	lù yīn jī	n
6	20004	送行	sòng xíng	v
6	20305	总量	zǒng liàng	n
6	20591	首次	shǒu cì	m
6	20869	凉鞋	liáng xié	n
6	20997	本期	běn qī	r
6	21132	兴旺	xīng wàng	a,an
6	21239	手续费	shǒu xù fèi	n
6	21285	通红	tōng hóng	z
6	21349	中华	Zhōng huá	nz
6	21790	恩人	ēn rén	n
6	22013	补习	bǔ xí	v,vn
6	22207	多方面	duō fāng miàn	n
6	22453	补课	bǔ kè	v,vn
6	22555	晕车	yùn chē	v
6	22737	不怎么样	bù zěn me yàng	
6	22887	楼道	lóu dào	n
6	22891	绿化	lǜ huà	v,vn
6	22940	长短	cháng duǎn	n
6	23321	参展	cān zhǎn	vn,v
6	23538	写字楼	xiě zì lóu	n
6	23626	雨衣	yǔ yī	n
6	23743	报考	bào kǎo	v,vn
6	23852	冷气	lěng qì	n
6	24178	铜牌	tóng pái	n
6	24751	用得着	yòng de zháo	
6	24817	双打	shuāng dǎ	n
6	24894	退票	tuì piào	v
6	25242	果酱	guǒ jiàng	n
6	25376	不料	bù liào	d
6	25608	笔试	bǐ shì	n
6	25696	沿海	yán hǎi	f
6	25711	升学	shēng xué	v,vn
6	25915	球拍	qiú pāi	n
6	26049	民警	mín jǐng	n
6	26098	游人	yóu rén	n
6	26237	清明节	Qīng míng jié	
6	26371	补考	bǔ kǎo	v,vn
6	26506	上班族	shàng bān zú	n
6	26687	外币	wài bì	n
6	26869	炒股	chǎo gǔ	v
6	27143	深化	shēn huà	v
6	27239	洗衣粉	xǐ yī fěn	n
6	27717	袖珍	xiù zhēn	b
6	27863	场馆	chǎng guǎn	n
6	27890	乳制品	rǔ zhì pǐn	n
6	28097	考场	kǎo chǎng	n
6	28429	高科技	gāo kē jì	n
6	28444	圆珠笔	yuán zhū bǐ	n
6	28543	两手	liǎng shǒu	mq
6	28753	赶忙	gǎn máng	d
6	28758	城乡	chéng xiāng	n
6	29179	出访	chū fǎng	v,vn
6	29232	用法	yòng fǎ	n,v
6	29710	果树	guǒ shù	n
6	29771	名胜	míng shèng	n
6	30180	蓝领	lán lǐng	b
6	30196	家电	jiā diàn	n
6	30322	好容易	hǎo róng yì	d
6	30450	卧铺	wò pù	n
6	30866	道教	Dào jiào	nz
6	31027	司长	sī zhǎng	n
6	32332	园地	yuán dì	n
6	33457	让座	ràng zuò	v
6	34927	文娱	wén yú	n
6	34947	车号	chē hào	n
6	37233	口试	kǒu shì	v
6	39106	写字台	xiě zì tái	n
6	39363	必修	bì xiū	vn,v
6	39394	昌盛	chāng shèng	an,a
6	39436	办学	bàn xué	vn
6	39797	外资	wài zī	n
6	42625	看得起	kàn de qǐ	v
6	43360	望见	wàng jiàn	v
6	44976	考题	kǎo tí	n
6	46627	戏曲	xì qǔ	n
6	49415	好学	hǎo xué / hào xué	a
6	49510	开夜车	kāi yè chē	v
6	50440	初等	chū děng	b
6	52449	慢车	màn chē	n
6	55695	此致	cǐ zhì	v
6	56867	端午节	Duān wǔ jié	t
6	102289	聊天儿	liáo tiān r	
6	1000000	表面上	biǎo miàn shang	
6	1000000	取款机	qǔ kuǎn jī	
6	1000000	却是	què shì	
6	1000000	薯片	shǔ piàn	
6	1000000	有没有	yǒu méi yǒu	
6	1000000	指着	zhǐzhe	
7	160	之	zhī	u,r,g
7	166	以	yǐ / Yǐ	p,c,b
7	186	哦	é / ó / ò / o	o,e
7	678	及	jí	cc,v
7	752	未	wèi	d
7	768	主	zhǔ	g,n,b
7	939	感	gǎn	g
7	966	情	qíng	n,g
7	966	则	zé	d,c,q,g
7	1174	德	Dé / dé	n,b
7	1228	同志	tóng zhì	n
7	1377	而已	ér yǐ	y,u
7	1391	文	Wén / wén	g,v
7	1410	经	Jīng / jīng	p,g,v
7	1487	不知	bù zhī	v
7	1528	即	jí	v,d,c
7	1556	唯	wéi / wěi	d
7	1558	丝	sī	n,q
7	1616	所谓	suǒ wèi	v,vn
7	1617	案件	àn jiàn	n
7	1623	恐怖	kǒng bù	a,an
7	1631	需	xū	v,g
7	1653	罗	Luó / luó	b,nr,v
7	1659	委员会	wěi yuán huì	n
7	1674	格	gé	n,b,g
7	1676	有所	yǒu suǒ	v
7	1741	时尚	shí shàng	n
7	1757	家伙	jiā huo	n
7	1984	袭击	xí jī	v,vn
7	2006	感染	gǎn rǎn	v,vn
7	2016	一一	yī yī	d
7	2026	灵	líng	a,g
7	2037	砸	zá	v
7	2038	许	Xǔ / xǔ	v,m,g,nr
7	2058	婚姻	hūn yīn	n
7	2092	哎	āi	e
7	2117	生物	shēng wù	n
7	2131	娘	niáng	n
7	2144	且	qiě	c,d
7	2168	推荐	tuī jiàn	v,vn
7	2196	注	zhù	v,g
7	2244	毫无	háo wú	v
7	2245	制	zhì	v,k,g
7	2274	供	gōng / gòng	v
7	2298	探	tàn	v,vn
7	2300	嫁	jià	v,vn
7	2403	并非	bìng fēi	v,d
7	2403	非法	fēi fǎ	b,d
7	2421	狼	láng	n
7	2459	领域	lǐng yù	n
7	2464	盯	dīng	v
7	2480	恭喜	gōng xǐ	v
7	2483	尸体	shī tǐ	n
7	2506	粉	fěn	n,g,b,a
7	2509	曲	Qū / qū / qǔ	g,n,q,v
7	2512	唉	āi / ài	e
7	2512	设	shè	v
7	2535	一面	yī miàn	n,d,f
7	2539	拨	bō	v,q
7	2548	艘	sōu	q
7	2568	粉丝	fěn sī	n
7	2579	灵魂	líng hún	n
7	2581	患	huàn	v,g
7	2591	枚	Méi / méi	q
7	2595	凌晨	líng chén	t
7	2605	勒	lè / lēi	v
7	2618	素	sù	g,n,a
7	2618	他人	tā rén	r
7	2620	淘汰	táo tài	v,vn
7	2630	释放	shì fàng	v,vn
7	2635	获胜	huò shèng	v,vn
7	2662	撒	sā / sǎ	v
7	2672	家族	jiā zú	n
7	2677	魅力	mèi lì	n
7	2710	单身	dān shēn	n
7	2729	嘿	hēi	e
7	2732	哼	hēng	e,v
7	2734	真心	zhēn xīn	d,n
7	2773	剂	jì	q,g
7	2786	率	lǜ / shuài	v,k
7	2794	半场	bàn chǎng	
7	2797	吻	wěn	v
7	2798	主义	zhǔ yì	n
7	2823	从未	cóng wèi	d
7	2831	业	Yè / yè	g,k
7	2833	码	mǎ	q,v
7	2877	惊	jīng	v,vn
7	2886	情报	qíng bào	n
7	2899	尿	niào / suī	n,v
7	2909	金属	jīn shǔ	n
7	2911	眼神	yǎn shén	n
7	2914	灰	huī	g,n,a
7	2925	计	Jì / jì	v,g
7	2960	斗	Dǒu / dǒu / dòu	v,n,q
7	2963	公寓	gōng yù	n
7	2970	产	chǎn	v,g
7	2983	基因	jī yīn	n
7	2986	革命	gé mìng	vn,v
7	2991	官员	guān yuán	n
7	3013	尴尬	gān gà	a,an
7	3024	穿着	chuān zhuó	n,v
7	3041	婴儿	yīng ér	n
7	3070	耍	Shuǎ / shuǎ	v
7	3076	置	zhì	v
7	3092	告	gào	v
7	3144	原本	yuán běn	d,n
7	3152	武装	wǔ zhuāng	n,vn,v
7	3163	跟踪	gēn zōng	v,vn
7	3165	望	wàng	v
7	3183	惹	rě	v
7	3200	也就是说	yě jiù shì shuō	v
7	3211	丁	Dīng / dīng	nr,o,g,Mg
7	3229	惊讶	jīng yà	a,an,ad,nz,v
7	3230	肿瘤	zhǒng liú	n
7	3233	核	hé	n,g
7	3242	得知	dé zhī	v
7	3246	拳	quán	n,qv
7	3249	结局	jié jú	n
7	3252	创	chuàng / chuāng	g,v
7	3252	竟	jìng	d,g
7	3256	之所以	zhī suǒ yǐ	c
7	3258	醒来	xǐng lái	v
7	3258	致	zhì	v
7	3259	烤	kǎo	v,vn
7	3295	天使	tiān shǐ	n
7	3298	老大	lǎo dà	n
7	3299	怀孕	huái yùn	v,vn
7	3300	一阵	yī zhèn	mq
7	3313	即便	jí biàn	c
7	3319	幕	mù	q,n
7	3333	失踪	shī zōng	v,vn
7	3334	执法	zhí fǎ	vn,v
7	3339	监控	jiān kòng	vn,v
7	3341	抢劫	qiǎng jié	v,vn
7	3345	奇迹	qí jì	n
7	3353	蛮	mán	d,a
7	3354	钥匙	yào shi	n
7	3370	栋	dòng	q,g
7	3404	引发	yǐn fā	v
7	3419	恐惧	kǒng jù	an,a
7	3423	砍	kǎn	v
7	3434	完毕	wán bì	v
7	3440	扯	chě	v
7	3445	监狱	jiān yù	n
7	3459	孤单	gū dān	a,an
7	3463	房地产	fáng dì chǎn	n
7	3465	能源	néng yuán	n
7	3485	持	chí	v
7	3491	保障	bǎo zhàng	vn,v
7	3491	吼	hǒu	v
7	3498	汁	zhī	g
7	3500	皆	jiē	d
7	3510	善	shàn	g,v
7	3517	当事人	dāng shì rén	n
7	3524	开口	kāi kǒu	v
7	3534	温柔	wēn róu	a,an,ad
7	3536	恶	ě / è / wù	a,g,ad,an
7	3537	伴	bàn	v,g
7	3539	抛	pāo	v,nr
7	3545	注定	zhù dìng	v
7	3548	诉讼	sù sòng	vn,v
7	3554	脖子	bó zi	n
7	3559	夜晚	yè wǎn	t,n
7	3574	联邦	lián bāng	n
7	3580	董事会	dǒng shì huì	n
7	3580	寂寞	jì mò	a,an
7	3587	堂	táng	q,g
7	3594	人体	rén tǐ	n
7	3595	桶	tǒng	n,q
7	3599	港	Gǎng / gǎng	n
7	3606	寻	xún	v
7	3618	豪华	háo huá	a,an
7	3630	改革开放	gǎi gé kāi fàng	
7	3635	独	dú	d,a
7	3639	判决	pàn jué	vn,v
7	3640	粘	nián / zhān	v
7	3668	荣誉	róng yù	n
7	3672	甩	shuǎi	v
7	3673	相对	xiāng duì	d,v,b
7	3684	基于	jī yú	p,v
7	3692	感激	gǎn jī	v,vn
7	3698	涂	tú / Tú	v
7	3704	乖	guāi	a
7	3705	逮捕	dài bǔ	v,vn
7	3712	瞬间	shùn jiān	t,n
7	3722	瓦	wǎ	n,q
7	3723	杀手	shā shǒu	n
7	3723	依	yī	v,p,nr
7	3733	轿车	jiào chē	n
7	3741	审判	shěn pàn	vn,v
7	3745	财务	cái wù	n
7	3746	损伤	sǔn shāng	vn,v
7	3748	标	biāo	v,g,n,q
7	3752	娶	qǔ	v
7	3773	发型	fà xíng	n
7	3782	折磨	zhé mó	v,vn
7	3786	慈善	cí shàn	a,an
7	3796	顺便	shùn biàn	d
7	3807	贼	zéi	n,g,a
7	3808	啦啦队	lā lā duì	n
7	3816	尚	Shàng / shàng	d,g,nr
7	3827	授权	shòu quán	v,vn
7	3840	预算	yù suàn	n
7	3841	冒险	mào xiǎn	v,vn
7	3843	行政	xíng zhèng	n
7	3845	司法	sī fǎ	n
7	3871	宇宙	yǔ zhòu	n
7	3877	传奇	chuán qí	n,a
7	3885	要不	yào bù	c
7	3891	呈现	chéng xiàn	v
7	3895	无比	wú bǐ	z
7	3923	评委	píng wěi	n
7	3924	不准	bù zhǔn	v
7	3926	少女	shào nǚ	n
7	3929	免	miǎn / wèn	v,d
7	3932	瞎	xiā	d,v,a
7	3953	坑	kēng	n,v
7	3955	导弹	dǎo dàn	n
7	3956	勋章	xūn zhāng	n
7	3964	玫瑰	méi guī	n
7	3966	头部	tóu bù	n
7	3969	挥	huī	v
7	3970	回归	huí guī	v,vn
7	3970	亦	yì	d
7	3992	绑架	bǎng jià	v,vn
7	3992	宗	Zōng / zōng	q,g
7	3997	诱惑	yòu huò	vn,v
7	4003	实话	shí huà	n
7	4038	烦恼	fán nǎo	an,a
7	4038	情人	qíng rén	n
7	4043	趁	chèn	p,v
7	4056	嫉妒	jí dù	v
7	4062	财政	cái zhèng	n
7	4065	迹象	jì xiàng	n
7	4066	秩序	zhì xù	n
7	4078	贱	jiàn	a
7	4083	兼	jiān	v
7	4100	何时	hé shí	r
7	4105	签署	qiān shǔ	v,vn
7	4109	欺骗	qī piàn	v,vn
7	4119	质疑	zhì yí	v,vn
7	4120	都会	dū huì	n
7	4153	攻	gōng	v,vn
7	4154	痕迹	hén jì	n
7	4158	移植	yí zhí	vn,v
7	4162	事务所	shì wù suǒ	n
7	4172	借口	jiè kǒu	n,v
7	4176	肾	shèn	n
7	4178	清晰	qīng xī	a,ad
7	4187	拯救	zhěng jiù	v,vn
7	4192	崩溃	bēng kuì	v,vn
7	4219	民众	mín zhòng	n
7	4227	穿越	chuān yuè	v,vn
7	4229	抛弃	pāo qì	v,vn
7	4243	临床	lín chuáng	vn,v,b
7	4257	优雅	yōu yǎ	a,an
7	4261	欲望	yù wàng	n
7	4269	浪	làng	n,g
7	4278	美味	měi wèi	n
7	4295	狮子	Shī zǐ / shī zi	n
7	4299	议员	yì yuán	n
7	4300	邪恶	xié è	a,an
7	4308	应付	yìng fu	v,vn
7	4316	购	gòu	g,v
7	4332	雾	wù	n
7	4335	芯片	xīn piàn	n
7	4353	惩罚	chéng fá	v,vn
7	4355	附	fù	v
7	4356	事务	shì wù	n
7	4370	在意	zài yì	v
7	4390	驾	Jià / jià	v,q,g
7	4393	讨	tǎo	v
7	4401	生涯	shēng yá	n
7	4418	熬	āo / áo	v
7	4418	货车	huò chē	n
7	4442	拍卖	pāi mài	v,vn
7	4444	化妆	huà zhuāng	v,vn
7	4450	桩	zhuāng	q,n
7	4451	角落	jiǎo luò	n
7	4455	口味	kǒu wèi	n
7	4464	姿势	zī shì	n
7	4476	体系	tǐ xì	n
7	4482	谨慎	jǐn shèn	a,ad
7	4488	陌生	mò shēng	a,ad
7	4489	穿过	chuān guò	v
7	4500	车祸	chē huò	n
7	4501	脆弱	cuì ruò	a,an
7	4502	引擎	yǐn qíng	n
7	4503	爹	diē	n
7	4511	窝	wō	n,q,v
7	4518	肩膀	jiān bǎng	n
7	4521	上场	shàng chǎng	v,vn
7	4534	祈祷	qí dǎo	v,vn
7	4551	羡慕	xiàn mù	v,vn
7	4555	弥补	mí bǔ	v,vn
7	4560	残	cán	a,g
7	4564	天生	tiān shēng	d,b
7	4564	须	xū	d,g
7	4565	催	cuī	v
7	4575	怪物	guài wu	n
7	4583	登陆	dēng lù	v,vn
7	4591	灵感	líng gǎn	n
7	4600	抹	mā / mǒ / mò	v,q
7	4610	假装	jiǎ zhuāng	v
7	4626	牙齿	yá chǐ	n
7	4633	来临	lái lín	v,vn
7	4642	敬	jìng	v
7	4646	别墅	bié shù	n
7	4653	缝	féng / fèng	v,n
7	4654	奖品	jiǎng pǐn	n
7	4656	钻石	zuàn shí	n
7	4661	有意	yǒu yì	d,v
7	4676	烫	tàng	v,a
7	4679	裸	luǒ	g
7	4679	统治	tǒng zhì	vn,v
7	4680	甜蜜	tián mì	a,an
7	4689	不可思议	bù kě sī yì	l
7	4690	宁愿	nìng yuàn	d,c,v
7	4700	拼命	pīn mìng	d,v,vn
7	4704	免疫	miǎn yì	vn,v,b
7	4707	戒指	jiè zhi	n
7	4712	骨折	gǔ zhé	v,vn
7	4717	割	gē	v
7	4725	假设	jiǎ shè	v,n
7	4727	保佑	bǎo yòu	v,vn
7	4727	切除	qiē chú	v,vn
7	4733	好笑	hǎo xiào	a
7	4735	手臂	shǒu bì	n
7	4735	逃避	táo bì	v,vn
7	4736	级别	jí bié	n
7	4738	携带	xié dài	v
7	4749	聚集	jù jí	v,vn
7	4759	癌症	ái zhèng	n
7	4772	哎呀	āi yā	e
7	4775	激励	jī lì	v,vn
7	4781	粒	lì	q,g
7	4800	与此同时	yǔ cǐ tóng shí	c
7	4814	无论如何	wú lùn rú hé	l
7	4821	定义	dìng yì	n,v
7	4824	图像	tú xiàng	n
7	4825	逗	dòu	v
7	4833	飘	piāo	v
7	4835	清除	qīng chú	v,vn
7	4837	挣扎	zhēng zhá	v,vn
7	4856	履行	lǚ xíng	v,vn
7	4857	捏	niē	v
7	4864	扫描	sǎo miáo	vn,v
7	4867	理念	lǐ niàn	n
7	4871	频率	pín lǜ	n
7	4880	报复	bào fù	v,vn
7	4880	纤维	xiān wéi	n
7	4882	护理	hù lǐ	vn,v
7	4885	采	cǎi / cài	v
7	4885	罐	guàn	g,q
7	4891	提议	tí yì	n,v,vn
7	4898	众人	zhòng rén	n
7	4902	当晚	dāng wǎn / dàng wǎn	t
7	4910	取决于	qǔ jué yú	v
7	4913	轮胎	lún tāi	n
7	4916	铜	tóng	n
7	4925	距	jù	p,v,g
7	4931	监管	jiān guǎn	vn,v
7	4931	劫	jié	v,g
7	4939	谈论	tán lùn	v,vn
7	4946	条例	tiáo lì	n
7	4951	监视	jiān shì	v,vn
7	4961	蜜	mì	n
7	4965	焦	Jiāo / jiāo	a,g
7	4988	麻	má / Má	n,a
7	4996	候选人	hòu xuǎn rén	n
7	4999	擅长	shàn cháng	v
7	5003	绑	bǎng	v
7	5005	告知	gào zhī	v,vn
7	5012	无辜	wú gū	n,a
7	5014	磅	bàng	q
7	5015	谎言	huǎng yán	n
7	5017	背叛	bèi pàn	v,vn
7	5017	声称	shēng chēng	v
7	5025	帝国	dì guó	n
7	5029	夸张	kuā zhāng	v,n,vn
7	5032	介入	jiè rù	v,vn
7	5039	片子	piān zi / piàn zi	n
7	5040	股份	gǔ fèn	n
7	5042	开工	kāi gōng	v,vn
7	5045	低调	dī diào	n
7	5046	卡车	kǎ chē	n,q
7	5050	效应	xiào yìng	n
7	5053	优	yōu	g
7	5061	筹	chóu	v
7	5061	辐射	fú shè	v,vn,n
7	5063	功	gōng	n
7	5070	趴	pā	v
7	5076	亲戚	qīn qi	n
7	5078	到位	dào wèi	v,vn
7	5080	涉嫌	shè xián	v,vn
7	5083	姜	Jiāng / jiāng	nr,n
7	5099	治愈	zhì yù	v,vn
7	5102	晃	huǎng / huàng	v
7	5112	闷	mēn / mèn	v,a
7	5113	戳	chuō	v
7	5114	曝光	bào guāng	v,vn
7	5116	浑身	hún shēn	n
7	5123	宪法	xiàn fǎ	n
7	5126	钉	dīng / dìng	v
7	5132	尽情	jìn qíng	d
7	5134	讲述	jiǎng shù	v,vn
7	5137	防御	fáng yù	vn,v
7	5139	外表	wài biǎo	n
7	5140	赛车	sài chē	n,vn,v
7	5144	人格	rén gé	n
7	5148	腐败	fǔ bài	an,a
7	5148	杀害	shā hài	v,vn
7	5148	忠诚	zhōng chéng	a,an,v,ad
7	5156	发作	fā zuò	v,vn
7	5156	震撼	zhèn hàn	v,vn
7	5159	鉴于	jiàn yú	p
7	5167	魂	hún	n
7	5167	局势	jú shì	n
7	5170	大厦	dà shà	n
7	5170	隧道	suì dào	n
7	5178	尚未	shàng wèi	d
7	5184	抑制	yì zhì	v,vn
7	5186	精心	jīng xīn	ad,a
7	5189	提名	tí míng	v,vn
7	5194	理性	lǐ xìng	n
7	5195	耐	nài	v
7	5195	鹰	yīng	n
7	5197	服用	fú yòng	v
7	5202	流氓	liú máng	n
7	5203	影像	yǐng xiàng	n
7	5208	略	lu:è	d,g
7	5211	竞选	jìng xuǎn	vn,v
7	5225	撤	chè	v
7	5230	着手	zhuó shǒu	v
7	5232	指望	zhǐ wàng	v,n
7	5244	使命	shǐ mìng	n
7	5245	议会	yì huì	n
7	5246	交谈	jiāo tán	v,vn
7	5247	残忍	cán rěn	a,an
7	5252	倒霉	dǎo méi	a,an
7	5252	取代	qǔ dài	v
7	5256	胳膊	gē bo	n
7	5259	模拟	mó nǐ	vn,v,b
7	5273	傻瓜	shǎ guā	n
7	5274	追踪	zhuī zōng	v,vn
7	5285	致命	zhì mìng	v,vn,a
7	5294	难怪	nán guài	d
7	5294	正面	zhèng miàn	d,n,b,f
7	5300	隔离	gé lí	vn,v
7	5302	人性	rén xìng	n
7	5303	毫不	háo bù	d
7	5303	人选	rén xuǎn	n
7	5307	美妙	měi miào	a,an
7	5307	歪	wāi / wǎi	a,v
7	5307	作风	zuò fēng	n
7	5314	出血	chū xuè	v,vn
7	5325	情侣	qíng lǚ	n
7	5335	纯粹	chún cuì	d,a,b
7	5340	缠	chán	v
7	5340	废	fèi	g,v
7	5342	英镑	Yīng bàng	q,n
7	5343	押	yā	v
7	5345	服务器	fú wù qì	n
7	5345	规矩	guī ju	n,a
7	5345	困境	kùn jìng	n
7	5349	短暂	duǎn zàn	a,ad
7	5353	评审	píng shěn	v,vn
7	5364	鹿	lù	n
7	5366	幢	chuáng / zhuàng	q
7	5370	数据库	shù jù kù	n
7	5380	担	dān / dàn	v,q,g
7	5381	出手	chū shǒu	v
7	5382	保姆	bǎo mǔ	n
7	5383	颁奖	bān jiǎng	vn,v
7	5397	兹	zī	Rg
7	5399	虾	há / xiā	n
7	5400	翘	qiáo / qiào	v
7	5401	锁定	suǒ dìng	v
7	5402	地狱	dì yù	n
7	5407	消	xiāo	v
7	5414	举报	jǔ bào	v,vn
7	5417	气息	qì xī	n
7	5425	潜在	qián zài	b
7	5431	度假	dù jià	v,vn
7	5431	演绎	yǎn yì	v,vn
7	5446	灌	guàn	v,g
7	5448	震	zhèn	v,g
7	5450	吻合	wěn hé	v
7	5453	随机	suí jī	d,b,z
7	5461	生理	shēng lǐ	n
7	5463	拜托	bài tuō	v
7	5466	滋味	zī wèi	n
7	5472	脂肪	zhī fáng	n
7	5484	丝毫	sī háo	m,a,n
7	5490	挖掘	wā jué	v,vn
7	5493	权威	quán wēi	n,a
7	5497	债务	zhài wù	n
7	5498	谱	pǔ	g,v
7	5499	覆盖	fù gài	v,vn
7	5499	永恒	yǒng héng	z
7	5503	反击	fǎn jī	v,vn
7	5504	凡	fán	d
7	5505	气质	qì zhì	n
7	5506	尊严	zūn yán	n
7	5508	再度	zài dù	d
7	5513	下手	xià shǒu	v,n
7	5520	见识	jiàn shi	n,v
7	5527	宰	zǎi	v
7	5532	交叉	jiāo chā	v,vn,d
7	5549	酒精	jiǔ jīng	n
7	5557	沾	zhān	v
7	5564	限	xiàn	v,g
7	5565	可笑	kě xiào	a,an
7	5566	捞	lāo	v
7	5572	顶级	dǐng jí	b,n
7	5572	动脉	dòng mài	n
7	5576	蠢	chǔn	a
7	5576	多年来	duō nián lái	
7	5578	凤凰	Fèng huáng / fèng huáng	n,ns
7	5578	睁	zhēng	v
7	5579	扩散	kuò sàn	v,vn
7	5580	条款	tiáo kuǎn	n
7	5582	心思	xīn si	n
7	5584	贿赂	huì lù	v,n,vn
7	5591	硬盘	yìng pán	n
7	5601	无线	wú xiàn	b
7	5606	封锁	fēng suǒ	v,vn
7	5608	命名	mìng míng	v,vn
7	5610	部署	bù shǔ	v,vn
7	5611	样本	yàng běn	n
7	5614	赋予	fù yǔ	v
7	5615	进程	jìn chéng	n
7	5633	氧	yǎng	n
7	5635	见证	jiàn zhèng	n,v
7	5637	血压	xuè yā	n
7	5639	钩	gōu	n,v
7	5640	盗	dào	g
7	5643	识别	shí bié	vn,v
7	5644	异性	yì xìng	n
7	5653	颇	Pō / pō	d
7	5657	开枪	kāi qiāng	v,vn
7	5658	钢	gāng	n
7	5659	溜	liū / liù	v,q,g
7	5660	农场	nóng chǎng	n
7	5660	摇滚	yáo gǔn	n,v
7	5671	魔鬼	mó guǐ	n
7	5677	陪伴	péi bàn	v,vn
7	5680	开启	kāi qǐ	v,vn
7	5682	疯子	fēng zi	n
7	5683	底线	dǐ xiàn	n
7	5684	摧毁	cuī huǐ	v
7	5693	拦	lán	v,vn
7	5700	国土	guó tǔ	n
7	5706	槽	cáo	g
7	5707	相遇	xiāng yù	v,vn
7	5713	但愿	dàn yuàn	v
7	5716	温馨	wēn xīn	a,an
7	5724	视觉	shì jué	n
7	5727	封面	fēng miàn	n
7	5728	辩护	biàn hù	v,vn
7	5735	幸好	xìng hǎo	d
7	5737	香水	xiāng shuǐ	n
7	5739	多余	duō yú	a
7	5745	货物	huò wù	n
7	5746	奥运会	Aò yùn huì	n
7	5747	走廊	zǒu láng	n
7	5750	人质	rén zhì	n
7	5750	嘴唇	zuǐ chún	n
7	5758	训	xùn	v,g
7	5763	强制	qiáng zhì	v,vn
7	5764	愚蠢	yú chǔn	a,an
7	5770	盗窃	dào qiè	v,vn
7	5771	设定	shè dìng	v,vn
7	5778	奔	bēn / bèn	v
7	5778	自私	zì sī	a,an
7	5780	凑	còu	v
7	5785	警惕	jǐng tì	v,an,vn
7	5789	降临	jiàng lín	v,vn
7	5791	截	jié	v,q
7	5796	生死	shēng sǐ	n,v
7	5803	膝盖	xī gài	n
7	5805	狂欢	kuáng huān	v,vn
7	5805	入侵	rù qīn	v,vn
7	5811	乃	nǎi	v,c
7	5814	撕	sī	v
7	5816	笨蛋	bèn dàn	n
7	5826	语气	yǔ qì	n
7	5833	极度	jí dù	d
7	5838	舱	cāng	n
7	5848	处置	chǔ zhì	v,vn
7	5855	思路	sī lù	n
7	5858	念头	niàn tou	n
7	5867	每当	měi dāng	p
7	5870	皇后	huáng hòu	n
7	5877	视线	shì xiàn	n
7	5886	间谍	jiàn dié	n
7	5890	首批	shǒu pī	
7	5892	虚	xū	a,d,g
7	5895	壳	qiào	g,n
7	5901	罪犯	zuì fàn	n
7	5903	投降	tóu xiáng	v,vn
7	5903	巡逻	xún luó	v,vn
7	5908	煎	jiān	v,vn
7	5916	继	jì	g
7	5922	疫苗	yì miáo	n
7	5923	删	shān	v
7	5935	喉咙	hóu lóng	n
7	5938	身子	shēn zi	n
7	5941	邪	xié	a,g,y
7	5943	海岸	hǎi àn	n
7	5943	军官	jūn guān	n
7	5947	隐瞒	yǐn mán	v,vn
7	5950	工会	gōng huì	n
7	5955	陈述	chén shù	v,vn
7	5958	地道	dì dào / dì dao	a,n
7	5964	精英	jīng yīng	n
7	5964	迈	mài	v
7	5967	外婆	wài pó	n
7	5968	垫	diàn	v
7	5971	席	Xí / xí	qt,g
7	5974	赞同	zàn tóng	v,vn
7	5982	确切	què qiè	a,ad
7	5983	不惜	bù xī	v
7	5983	揭晓	jiē xiǎo	v,vn
7	5986	发誓	fā shì	v
7	5989	永不	yǒng bù	d
7	5992	安心	ān xīn	a,ad
7	5994	坏事	huài shì	n
7	6001	缩	suō	v
7	6002	婚纱	hūn shā	n
7	6007	困惑	kùn huò	a,an
7	6011	焦虑	jiāo lǜ	a,an
7	6011	盛大	shèng dà	b,a
7	6016	平民	píng mín	n
7	6020	空白	kòng bái	n
7	6020	天赋	tiān fù	n,v
7	6021	疗法	liáo fǎ	n
7	6035	故	gù	c,g,n
7	6036	无力	wú lì	v
7	6037	地步	dì bù	n
7	6043	驾车	jià chē	v
7	6046	顺着	shùn zhe	p
7	6047	伴随	bàn suí	v
7	6047	扬	Yáng / yáng	g,v
7	6059	悲哀	bēi āi	an,a
7	6063	欢呼	huān hū	v,vn
7	6067	阳性	yáng xìng	n
7	6069	壮	Zhuàng / zhuàng	v,a,b
7	6073	辞	cí	v,g
7	6077	预定	yù dìng	v,vn
7	6079	审	shěn	v,vn
7	6082	称呼	chēng hu	v,n
7	6083	倒数	dào shǔ / dào shù	v,vn
7	6087	说道	shuō dào / shuō dao	v
7	6087	屋顶	wū dǐng	n
7	6091	临	lín	v,g
7	6095	指引	zhǐ yǐn	v,vn
7	6097	嘲笑	cháo xiào	v,vn
7	6101	公积金	gōng jī jīn	
7	6107	罩	zhào	v
7	6116	新生	xīn shēng	n,nr,v
7	6119	爵士	jué shì	n
7	6127	留意	liú yì	v,vn
7	6127	遥远	yáo yuǎn	a
7	6129	棉花	mián hua	n
7	6133	神圣	shén shèng	a,ad
7	6138	恶化	è huà	v,vn
7	6144	口气	kǒu qì	n
7	6144	捧	pěng	v,q
7	6156	指令	zhǐ lìng	n,v
7	6157	勾	Gōu / gōu / gòu	v
7	6160	出局	chū jú	v
7	6166	贵族	guì zú	n
7	6167	制服	zhì fú	n,v
7	6172	吉他	jí tā	n
7	6175	癌	ái	n
7	6178	勉强	miǎn qiǎng	ad,v,a
7	6180	证人	zhèng rén	n
7	6183	大地	dà dì	n
7	6186	砖	zhuān	n
7	6188	清新	Qīng xīn / qīng xīn	a,an
7	6191	征	zhēng	v,nr
7	6200	注入	zhù rù	v
7	6208	坦克	tǎn kè	n
7	6216	自称	zì chēng	v
7	6217	毁灭	huǐ miè	v,vn
7	6219	被捕	bèi bǔ	v,vn
7	6221	乐意	lè yì	v
7	6226	哭泣	kū qì	v,vn
7	6228	筹码	chóu mǎ	n
7	6229	瞄准	miáo zhǔn	v,vn
7	6229	脑海	nǎo hǎi	n
7	6229	水晶	shuǐ jīng	n
7	6239	双重	shuāng chóng	b,d
7	6239	有助于	yǒu zhù yú	v
7	6249	捅	tǒng	v
7	6255	掩饰	yǎn shì	v,vn
7	6257	掩盖	yǎn gài	v,vn
7	6258	标签	biāo qiān	n
7	6261	演习	yǎn xí	vn,v
7	6270	艾滋病	ài zī bìng	n
7	6271	陷阱	xiàn jǐng	n
7	6274	用力	yòng lì	ad,a,v
7	6282	胎	tāi	g,qv
7	6283	来电	lái diàn	v,n
7	6284	筒	tǒng	g,q
7	6285	组建	zǔ jiàn	v,vn
7	6288	制止	zhì zhǐ	v,vn
7	6290	货币	huò bì	n
7	6294	华丽	huá lì	a
7	6298	激发	jī fā	v,vn
7	6299	遗忘	yí wàng	v
7	6312	同伴	tóng bàn	n
7	6313	积	jī	v
7	6315	不已	bù yǐ	v
7	6318	及其	jí qí	cc
7	6318	准则	zhǔn zé	n
7	6322	报酬	bào chou	n
7	6325	可疑	kě yí	a
7	6329	丫头	yā tou	n
7	6330	搅	jiǎo	v
7	6343	极限	jí xiàn	n
7	6348	讽刺	fěng cì	v,vn
7	6349	赐	cì	v,vn
7	6353	星座	xīng zuò	n
7	6358	违背	wéi bèi	v
7	6373	工地	gōng dì	n
7	6374	呕吐	ǒu tù	v,vn
7	6380	周边	zhōu biān	n,nr
7	6384	糖尿病	táng niào bìng	n
7	6384	揍	zòu	v,vn
7	6391	性命	xìng mìng	n
7	6397	糊涂	hú tu	a
7	6397	主演	zhǔ yǎn	
7	6408	同步	tóng bù	v,vn,b
7	6408	预料	yù liào	v,vn
7	6418	何必	hé bì	d,r
7	6421	麻醉	má zuì	v,vn
7	6421	团伙	tuán huǒ	n
7	6425	共识	gòng shí	n
7	6429	抵押	dǐ yā	vn,v
7	6441	首要	shǒu yào	b
7	6445	曲线	qū xiàn	n
7	6445	伪装	wěi zhuāng	v,n,vn
7	6446	喘	chuǎn	v
7	6451	独家	dú jiā	d,b
7	6454	恶劣	è liè	a,an
7	6455	任意	rèn yì	d,b
7	6459	开除	kāi chú	v,vn
7	6459	拽	yè / zhuāi / zhuǎi / zhuài	v
7	6465	忙碌	máng lù	a,v,an
7	6466	陷	xiàn	v
7	6470	废话	fèi huà	n
7	6471	激光	jī guāng	n
7	6478	抖	dǒu	v
7	6484	时空	shí kōng	n
7	6484	损	sǔn	g,vn
7	6485	霜	shuāng	n
7	6486	流血	liú xuè	v,vn
7	6489	销量	xiāo liàng	n
7	6491	八卦	bā guà	n
7	6491	是非	shì fēi	n
7	6492	言论	yán lùn	n
7	6501	辣椒	là jiāo	n
7	6502	无敌	wú dí	v,vn
7	6505	罕见	hǎn jiàn	a
7	6505	昏迷	hūn mí	v,vn
7	6506	运转	yùn zhuǎn	v,vn
7	6514	辉煌	huī huáng	a,an
7	6514	嫩	nèn	a
7	6517	流浪	liú làng	v,vn
7	6517	沙滩	shā tān	n
7	6518	手枪	shǒu qiāng	n
7	6523	感恩	gǎn ēn	v
7	6526	良心	liáng xīn	n
7	6541	火炬	huǒ jù	n
7	6544	友情	yǒu qíng	n
7	6550	出卖	chū mài	v,vn
7	6550	发布会	fā bù huì	n
7	6553	梦幻	mèng huàn	n
7	6558	鲜血	xiān xuè	n
7	6559	魔术	mó shù	n
7	6559	争吵	zhēng chǎo	v,vn
7	6561	与众不同	yǔ zhòng bù tóng	v
7	6563	地毯	dì tǎn	n
7	6579	深夜	shēn yè	t
7	6580	透过	tòu guò	v
7	6581	甜美	tián měi	a,an
7	6583	雇	gù	v
7	6583	受害人	shòu hài rén	n
7	6591	发育	fā yù	v,vn
7	6591	乐园	lè yuán	n
7	6592	吓人	xià rén	a,v
7	6593	光芒	guāng máng	n
7	6593	海滩	hǎi tān	n
7	6599	额外	é wài	b,d
7	6603	精确	jīng què	a,ad
7	6606	面部	miàn bù	n
7	6607	压抑	yā yì	v,a,an,vn
7	6608	丢失	diū shī	v,vn
7	6608	伪造	wěi zào	v,vn
7	6613	召集	zhào jí	v
7	6620	骚扰	sāo rǎo	v
7	6638	花样	huā yàng	n
7	6642	亲手	qīn shǒu	d
7	6647	激活	jī huó	v
7	6654	上诉	shàng sù	v,vn
7	6654	未经	wèi jīng	d
7	6662	憋	biē	v
7	6664	摊	tān	g,n,q,v
7	6667	环球	huán qiú	n,nz
7	6667	任命	rèn mìng	v,vn
7	6668	轰	hōng	v,o
7	6668	突发	tū fā	vn,v
7	6677	地理	dì lǐ	n
7	6678	无情	wú qíng	a,ad
7	6680	为人	wéi rén / wèi rén	n,v
7	6681	翅膀	chì bǎng	n
7	6684	开场	kāi chǎng	v,vn
7	6689	容忍	róng rěn	v,vn
7	6690	权益	quán yì	n
7	6694	散发	sàn fā	v
7	6695	邀	yāo	v,vn
7	6699	防护	fáng hù	vn,v
7	6699	丸	wán	g
7	6704	坚信	jiān xìn	v,vn
7	6707	折腾	zhē teng	v,vn
7	6708	寻常	xún cháng	a
7	6712	侮辱	wǔ rǔ	v,vn
7	6716	项链	xiàng liàn	n
7	6719	一早	yī zǎo	t
7	6725	鼓舞	gǔ wǔ	v,vn
7	6727	兜	dōu	v,q,n
7	6727	棍	gùn	g
7	6729	佩服	pèi fú	v
7	6731	许可证	xǔ kě zhèng	n
7	6734	致力于	zhìlìyú	
7	6735	树立	shù lì	v
7	6738	扮	bàn	v
7	6740	意图	yì tú	n,v
7	6741	火焰	huǒ yàn	n
7	6742	妨碍	fáng ài	v,vn
7	6746	以免	yǐ miǎn	c,v
7	6755	恶意	è yì	d,n
7	6757	盼	pàn	v
7	6757	听话	tīng huà	a
7	6766	上司	shàng si	n
7	6767	高贵	gāo guì	a,nr,an
7	6767	荣幸	róng xìng	a,an
7	6769	蜂蜜	fēng mì	n
7	6772	缓慢	huǎn màn	a,ad
7	6773	处境	chǔ jìng	n
7	6774	创伤	chuāng shāng	n
7	6775	行走	xíng zǒu	v,vn
7	6776	哄	hōng / hǒng / hòng	v,o
7	6776	说谎	shuō huǎng	v
7	6783	回想	huí xiǎng	v,vn
7	6789	祭	Zhài / jì	v,vn
7	6793	警官	jǐng guān	n
7	6794	幕后	mù hòu	s
7	6795	沮丧	jǔ sàng	a,an
7	6803	倒下	dǎo xià	v
7	6804	庞大	páng dà	a
7	6810	极为	jí wéi	d
7	6816	糖果	táng guǒ	n
7	6817	发掘	fā jué	v,vn
7	6821	储备	chǔ bèi	vn,n,v
7	6827	液体	yè tǐ	n
7	6831	害羞	hài xiū	a
7	6832	占用	zhàn yòng	v
7	6833	炖	dùn	v
7	6835	肝脏	gān zàng	n
7	6842	盲目	máng mù	a,ad
7	6843	迟早	chí zǎo	d,a
7	6845	出自	chū zì	v
7	6848	谜	mèi / mí	n,g
7	6849	充	chōng	v
7	6851	伴侣	bàn lǚ	n
7	6855	瞒	mán	v
7	6859	公车	gōng chē	n
7	6862	书面	shū miàn	b,d,n
7	6867	步伐	bù fá	n
7	6868	宽容	kuān róng	v,vn,a
7	6871	美人	měi rén	n
7	6871	香烟	xiāng yān	n
7	6872	强行	qiáng xíng	d
7	6873	剧院	jù yuàn	n
7	6879	手脚	shǒu jiǎo	n
7	6879	有机	yǒu jī	b,d
7	6885	普通人	pǔ tōng rén	n
7	6886	姿态	zī tài	n
7	6888	响起	xiǎng qǐ	v
7	6893	朝着	cháo zhe	p
7	6894	社交	shè jiāo	n
7	6898	浴室	yù shì	n
7	6900	通往	tōng wǎng	v
7	6902	榜样	bǎng yàng	n
7	6903	随身	suí shēn	d,b
7	6903	幼稚	yòu zhì	a,an
7	6906	后者	hòu zhě	r
7	6909	诈骗	zhà piàn	vn,v
7	6910	尽头	jìn tóu	f
7	6916	挽救	wǎn jiù	v,vn
7	6918	扩张	kuò zhāng	v,vn
7	6919	眼下	yǎn xià	t
7	6929	剩余	shèng yú	vn,v
7	6933	歧视	qí shì	vn,v
7	6937	放过	fàng guò	v
7	6937	润	rùn	v,a,an
7	6944	无意	wú yì	v
7	6948	气味	qì wèi	n
7	6954	推测	tuī cè	v,vn
7	6954	效力	xiào lì	n,v
7	6960	思念	sī niàn	v,vn
7	6961	除此之外	chú cǐ zhī wài	l,c
7	6961	刹车	shā chē	n,v,vn
7	6964	侵略	qīn lu:è	v,vn
7	6969	腹部	fù bù	n
7	6974	宣称	xuān chēng	v
7	6981	威力	wēi lì	n
7	6982	小区	xiǎo qū	n
7	6983	别说	bié shuō	
7	6996	施工	shī gōng	v,vn
7	6999	勿	wù	d
7	7000	激素	jī sù	n
7	7000	隆重	lóng zhòng	a,ad
7	7002	破裂	pò liè	v,vn
7	7003	盛	Shèng / chéng / shèng	v,a,ad,g
7	7005	废物	fèi wù	n
7	7005	迷失	mí shī	v,vn
7	7005	体制	tǐ zhì	n
7	7007	守护	shǒu hù	v,vn
7	7019	视野	shì yě	n
7	7019	委员	wěi yuán	n
7	7020	咳嗽	ké sou	v
7	7023	蹦	bèng	v
7	7037	样品	yàng pǐn	n
7	7040	关节	guān jié	n
7	7042	边界	biān jiè	n
7	7043	嫌疑	xián yí	n
7	7054	海盗	hǎi dào	n
7	7057	导师	dǎo shī	n
7	7060	往事	wǎng shì	n
7	7060	与否	yǔ fǒu	u
7	7062	何况	hé kuàng	c,d
7	7063	倾听	qīng tīng	v
7	7065	传闻	chuán wén	n
7	7065	简称	jiǎn chēng	v,n
7	7068	发泄	fā xiè	v
7	7075	预言	yù yán	v,n
7	7077	失控	shī kòng	v,vn
7	7079	噪音	zào yīn	n
7	7087	删除	shān chú	v
7	7090	妥协	tuǒ xié	v,vn
7	7101	枕头	zhěn tou	n
7	7103	瞪	dèng	v
7	7107	来回	lái huí	v,n,d
7	7108	终结	zhōng jié	v,vn
7	7109	可恶	kě wù	a
7	7113	泡沫	pào mò	n
7	7116	车厢	chē xiāng	n
7	7122	谴责	qiǎn zé	v,vn
7	7125	论坛	lùn tán	n
7	7129	力度	lì dù	n
7	7131	分歧	fēn qí	n
7	7131	目的地	mù dì dì	n
7	7134	失眠	shī mián	v,vn
7	7139	烧烤	shāo kǎo	vn,v
7	7142	纠缠	jiū chán	v,vn
7	7153	备用	bèi yòng	vn,v
7	7153	机密	jī mì	n,a
7	7156	排练	pái liàn	v,vn
7	7156	弱点	ruò diǎn	n
7	7159	专注	zhuān zhù	v,vn
7	7161	绳子	shéng zi	n
7	7162	剧情	jù qíng	n
7	7167	灿烂	càn làn	a
7	7169	损坏	sǔn huài	v,vn
7	7172	才华	cái huá	n
7	7172	自行	zì xíng	d,b
7	7174	验证	yàn zhèng	v,vn
7	7175	拘留	jū liú	v,vn
7	7177	水面	shuǐ miàn	n
7	7177	孕妇	yùn fù	n
7	7178	栏	lán	n
7	7193	传染	chuán rǎn	v,vn
7	7193	怀着	huáizhe	v
7	7193	腔	qiāng	g,q
7	7196	复合	fù hé	v,vn
7	7196	切断	qiē duàn	v
7	7197	下场	xià chǎng / xià chang	n,v
7	7203	匹配	pǐ pèi	v,vn
7	7205	傲	ào	g,a,ad
7	7210	介意	jiè yì	v
7	7219	编号	biān hào	n,v
7	7220	一体	yī tǐ	n
7	7221	求助	qiú zhù	v,vn
7	7224	原地	yuán dì	n
7	7226	辩	biàn	g
7	7228	蛋白质	dàn bái zhì	n
7	7230	巧合	qiǎo hé	v,vn
7	7231	古怪	gǔ guài	a
7	7234	岩石	yán shí	n
7	7241	裹	guǒ	v
7	7241	克隆	kè lóng	v,vn
7	7246	皱	zhòu	v,n
7	7248	豹	bào	n,g
7	7249	进度	jìn dù	n
7	7253	流泪	liú lèi	v
7	7254	精致	jīng zhì	a,ad
7	7255	直至	zhí zhì	v
7	7256	出身	chū shēn	v,vn
7	7257	柔软	róu ruǎn	a,an
7	7260	何处	hé chù	r
7	7261	头号	tóu hào	b
7	7263	王国	wáng guó	n,nr
7	7266	墨	Mò / mò	n,b
7	7268	丢掉	diū diào	v
7	7275	动静	dòng jìng	n
7	7275	授予	shòu yǔ	v
7	7281	赴	fù	v
7	7284	下令	xià lìng	v
7	7284	直觉	zhí jué	n
7	7286	诊所	zhěn suǒ	n
7	7287	掐	qiā	v
7	7292	前线	qián xiàn	s
7	7293	运营	yùn yíng	vn,v
7	7296	忠实	zhōng shí	a,ad,v
7	7302	亲近	qīn jìn	v,a
7	7305	保管	bǎo guǎn	v,vn
7	7305	卡片	kǎ piàn	n
7	7305	视力	shì lì	n
7	7305	延	Yán / yán	g,b
7	7310	缓	huǎn	v,a,ad
7	7310	坦白	tǎn bái	v,a
7	7317	社会主义	shè huì zhǔ yì	n
7	7317	掩护	yǎn hù	v,vn
7	7319	胎儿	tāi ér	n
7	7321	虐待	nu:è dài	v,vn
7	7322	心目	xīn mù	n
7	7322	宣言	xuān yán	n
7	7323	滑雪	huá xuě	vn,v
7	7324	胃口	wèi kǒu	n
7	7327	瘾	yǐn	n,g
7	7332	窒息	zhì xī	v,vn
7	7335	负面	fù miàn	b
7	7339	漆	qī	n,v
7	7339	熏	xūn	v
7	7340	赞美	zàn měi	v,vn
7	7341	虚假	xū jiǎ	a,ad
7	7342	永久	yǒng jiǔ	b,d,nz
7	7348	采集	cǎi jí	v,vn
7	7348	伸手	shēn shǒu	v
7	7348	一瞬间	yī shùn jiān	t,m
7	7348	种族	zhǒng zú	n
7	7352	扭曲	niǔ qū	v,vn
7	7354	生态	shēng tài	n
7	7358	人情	rén qíng	n
7	7359	民办	mín bàn	
7	7362	编剧	biān jù	n,v
7	7367	痒	yǎng	a
7	7368	处方	chǔ fāng	n,v
7	7373	碰上	pèng shàng	v
7	7377	安定	Ān dìng / ān dìng	a,an,v
7	7377	默契	mò qì	a,an
7	7378	续	xù	v
7	7383	礼服	lǐ fú	n
7	7383	舔	tiǎn	v
7	7384	崭新	zhǎn xīn	b
7	7389	叠	dié	v,q
7	7391	耗	hào	v,g
7	7391	一线	yī xiàn	n
7	7392	智商	zhì shāng	n
7	7395	漫	màn	v
7	7400	片段	piàn duàn	n
7	7419	躲避	duǒ bì	v
7	7419	疲劳	pí láo	a,an,ad
7	7420	骗人	piàn rén	v
7	7424	温泉	Wēn quán / wēn quán	n
7	7428	副作用	fù zuò yòng	n
7	7441	目录	mù lù	n
7	7441	追逐	zhuī zhú	v,vn
7	7443	涌	chōng / yǒng	v
7	7445	耽误	dān wu	v
7	7448	淋	lín / lìn	v
7	7455	归来	guī lái	v,vn
7	7456	奴隶	nú lì	n
7	7457	彩虹	cǎi hóng	n
7	7459	上方	shàng fāng	f,b
7	7469	后退	hòu tuì	v
7	7481	卧	wò	v
7	7481	争执	zhēng zhí	vn,v
7	7482	集会	jí huì	vn,v
7	7482	剧组	jù zǔ	n
7	7484	无知	wú zhī	a,an
7	7485	剥夺	bō duó	v,vn
7	7485	橡胶	xiàng jiāo	n
7	7486	万分	wàn fēn	d
7	7488	指向	zhǐ xiàng	v,vn
7	7490	私下	sī xià	d
7	7490	协定	xié dìng	n
7	7492	旗帜	qí zhì	n
7	7494	水准	shuǐ zhǔn	n
7	7498	纯洁	chún jié	a,v,an
7	7498	柜台	guì tái	n
7	7499	揭露	jiē lù	v,vn
7	7516	吩咐	fēn fù	v,vn
7	7517	物体	wù tǐ	n
7	7519	职员	zhí yuán	n
7	7522	导航	dǎo háng	vn,v
7	7522	强劲	qiáng jìng	a,ad
7	7524	挽回	wǎn huí	v
7	7525	剥	bāo / bō	v
7	7530	旅途	lǚ tú	n
7	7531	庆幸	qìng xìng	v,vn
7	7531	三角	sān jiǎo	n
7	7534	条约	tiáo yuē	n
7	7536	享	xiǎng	g
7	7537	本能	běn néng	n,d
7	7539	塑造	sù zào	v,vn
7	7541	恐慌	kǒng huāng	an,a
7	7543	旺	wàng	a,ad
7	7545	连锁	lián suǒ	vn,v
7	7547	轻微	qīng wēi	a,ad
7	7547	伤感	shāng gǎn	a,an
7	7555	疲惫	pí bèi	a,an,v,ad
7	7556	拧	níng / nǐng / nìng	v
7	7558	莫名其妙	mò míng qí miào	l
7	7559	廉价	lián jià	a,ad
7	7564	束缚	shù fù	v,vn
7	7571	一大早	yī dà zǎo	t
7	7572	撞击	zhuàng jī	v,vn
7	7583	垮	kuǎ	v,g
7	7584	当真	dàng zhēn	d,v
7	7585	复活	fù huó	v,vn
7	7587	心爱	xīn ài	b
7	7596	怪不得	guài bu de	d
7	7596	体温	tǐ wēn	n
7	7596	突击	tū jī	v,vn
7	7604	棋	qí	n
7	7608	芝士	zhī shì	nr
7	7609	蔓延	màn yán	v,vn
7	7611	巨人	jù rén	n
7	7616	设法	shè fǎ	v
7	7618	强硬	qiáng yìng	a
7	7619	心意	xīn yì	n
7	7621	道具	dào jù	n
7	7624	碳	tàn	n,g
7	7625	不妨	bù fáng	d,v
7	7633	有益	yǒu yì	a
7	7637	靴子	xuē zi	n
7	7641	辅导	fǔ dǎo	v,vn
7	7641	终究	zhōng jiū	d
7	7646	会面	huì miàn	v,vn
7	7646	失落	shī luò	v,vn,a
7	7649	急需	jí xū	v,vn
7	7652	建筑物	jiàn zhù wù	n
7	7653	解脱	jiě tuō	v,vn
7	7654	受益	shòu yì	v,vn
7	7656	旅程	lǚ chéng	n
7	7656	小人	xiǎo rén	n
7	7667	表决	biǎo jué	v,vn
7	7670	享有	xiǎng yǒu	v
7	7670	阻挡	zǔ dǎng	v
7	7683	疑惑	yí huò	v,vn
7	7685	仇恨	chóu hèn	n,vn,v
7	7692	后备	hòu bèi	b,n
7	7693	凭借	píng jiè	p
7	7694	开支	kāi zhī	n,v
7	7694	擅自	shàn zì	d
7	7707	浏览	liú lǎn	v,vn
7	7713	目睹	mù dǔ	v
7	7714	手腕	shǒu wàn	n
7	7717	税收	shuì shōu	n
7	7718	清单	qīng dān	n
7	7721	明智	míng zhì	a,an
7	7728	铅	qiān	n
7	7729	非凡	fēi fán	z
7	7731	刊登	kān dēng	v
7	7731	泄露	xiè lù	v
7	7732	拖延	tuō yán	v,vn
7	7733	文物	wén wù	n
7	7738	诱人	yòu rén	a,v
7	7741	鹅	é	n
7	7742	仇	Qiú / chóu / qiú	n,g
7	7743	昂贵	áng guì	a
7	7748	橘子	jú zi	n
7	7750	冷漠	lěng mò	a,an
7	7754	忘掉	wàng diào	v
7	7760	卡通	kǎ tōng	n
7	7760	圈子	quān zi	n
7	7764	天地	tiān dì	n
7	7767	厌倦	yàn juàn	v,vn
7	7774	饶	Ráo / ráo	v
7	7783	手册	shǒu cè	n
7	7784	进出	jìn chū	v,vn
7	7789	体贴	tǐ tiē	v,vn
7	7791	生效	shēng xiào	v
7	7795	服饰	fú shì	n
7	7803	浇	jiāo	v
7	7815	垂	chuí	v
7	7817	退役	tuì yì	v,vn
7	7819	兑现	duì xiàn	v,vn
7	7819	肌肤	jī fū	n
7	7820	步骤	bù zhòu	n
7	7820	订单	dìng dān	n
7	7826	拳头	quán tou	n
7	7828	遵循	zūn xún	v
7	7829	远程	yuǎn chéng	b,d
7	7830	抗生素	kàng shēng sù	n
7	7832	下属	xià shǔ	v,vn,n
7	7842	人事	rén shì	n
7	7843	当今	dāng jīn	t
7	7844	出版社	chū bǎn shè	n
7	7847	可行	kě xíng	a
7	7848	喜悦	xǐ yuè	an,a
7	7850	大气	dà qì	n
7	7851	引用	yǐn yòng	v,vn
7	7858	查明	chá míng	v
7	7866	一手	yī shǒu	d,n
7	7869	怪异	guài yì	a,an
7	7871	认证	rèn zhèng	vn,v
7	7875	作弊	zuò bì	v,vn
7	7877	蜡烛	là zhú	n
7	7880	惊奇	jīng qí	a,an
7	7880	可悲	kě bēi	a
7	7889	精神病	jīng shén bìng	n
7	7895	从来不	cóng lái bù	d
7	7896	和尚	hé shang	n
7	7901	警车	jǐng chē	n
7	7902	扛	gāng / káng	v
7	7905	出示	chū shì	v
7	7907	偿还	cháng huán	v,vn
7	7908	验	yàn	v
7	7910	炫耀	xuàn yào	v
7	7914	人身	rén shēn	n
7	7919	一旁	yī páng	f,s
7	7921	停电	tíng diàn	v,vn
7	7924	后台	hòu tái	n
7	7931	打招呼	dǎ zhāo hu	v,vn
7	7933	改编	gǎi biān	v,vn
7	7933	啃	kěn	v
7	7936	吸取	xī qǔ	v
7	7940	帐篷	zhàng peng	n
7	7942	低估	dī gū	v
7	7946	话语	huà yǔ	n
7	7946	偏偏	piān piān	d
7	7954	股市	gǔ shì	n
7	7954	上映	shàng yìng	v,vn
7	7958	统统	tǒng tǒng	d
7	7958	主编	zhǔ biān	n,v
7	7960	要命	yào mìng	v,a
7	7960	至关重要	zhì guān zhòng yào	l
7	7961	颤抖	chàn dǒu	v
7	7962	打倒	dǎ dǎo	v
7	7964	充实	chōng shí	v,a
7	7964	董事	dǒng shì	n
7	7964	解剖	jiě pōu	v,vn
7	7970	风情	fēng qíng	n
7	7978	雕塑	diāo sù	n
7	7983	同类	tóng lèi	n
7	7990	国防	guó fáng	n
7	7999	搜查	sōu chá	v,vn
7	8000	核武器	hé wǔ qì	n
7	8001	着想	zhuó xiǎng	v
7	8003	颁发	bān fā	v
7	8004	身心	shēn xīn	n
7	8009	腾	téng	v,o
7	8011	夸	kuā	v
7	8013	干燥	gān zào	a,an,ad
7	8013	呼吁	hū yù	v,vn
7	8015	铝	lǚ	n
7	8016	堕落	duò luò	v,vn
7	8020	解救	jiě jiù	v,vn
7	8024	妥	tuǒ	a,ad
7	8030	几率	jī lǜ	n
7	8030	嗓子	sǎng zi	n
7	8043	歹徒	dǎi tú	n
7	8048	野蛮	yě mán	a,an
7	8057	敞开	chǎng kāi	v
7	8061	全程	quán chéng	n
7	8061	认知	rèn zhī	vn,v
7	8064	代理人	dài lǐ rén	n
7	8064	巨星	jù xīng	n
7	8064	名声	míng shēng	n
7	8064	挪	nuó	v,b
7	8065	丑闻	chǒu wén	n
7	8077	卸	xiè	v
7	8080	潜艇	qián tǐng	n
7	8081	公关	gōng guān	n
7	8091	以至于	yǐ zhì yú	c
7	8094	氛围	fēn wéi	n
7	8094	业绩	yè jì	n
7	8095	求婚	qiú hūn	v,vn
7	8102	指南	zhǐ nán	n
7	8118	融	róng	v
7	8119	信赖	xìn lài	v,vn
7	8124	澄清	chéng qīng / dèng qīng	v,vn
7	8135	裂缝	liè fèng	n
7	8135	外星人	wài xīng rén	n
7	8137	上空	shàng kōng	s,n
7	8138	境界	jìng jiè	n
7	8140	救护车	jiù hù chē	n
7	8140	伤痕	shāng hén	n
7	8140	生育	shēng yù	vn,v
7	8141	泄漏	xiè lòu	v,vn
7	8142	劈	pī / pǐ	v
7	8143	蜜蜂	mì fēng	n
7	8152	行使	xíng shǐ	v,vn
7	8155	早日	zǎo rì	d
7	8156	品尝	pǐn cháng	v
7	8160	动用	dòng yòng	v
7	8160	粉碎	fěn suì	v,z
7	8163	撒谎	sā huǎng	v
7	8164	忧郁	yōu yù	a,an
7	8167	虚拟	xū nǐ	vn,v
7	8186	掀起	xiān qǐ	v
7	8187	界限	jiè xiàn	n
7	8193	前所未有	qián suǒ wèi yǒu	v
7	8194	品位	pǐn wèi	n
7	8205	少见	shǎo jiàn	a
7	8207	旋律	xuán lǜ	n
7	8209	固执	gù zhí	a,an,v
7	8213	借助	jiè zhù	v
7	8213	刻意	kè yì	d
7	8224	淘	táo	v
7	8224	源头	yuán tóu	n
7	8225	一度	yī dù	d
7	8230	察觉	chá jué	v,vn
7	8234	宁可	nìng kě	d,c
7	8235	侧面	cè miàn	f
7	8242	萝卜	luó bo	n
7	8251	内阁	nèi gé	n
7	8253	局部	jú bù	n
7	8262	黑客	hēi kè	n
7	8262	渗透	shèn tòu	v,vn
7	8262	迎	yíng	v
7	8266	付费	fù fèi	v,vn
7	8276	塌	tā	v
7	8279	俗	sú	a,ad,g
7	8282	裁决	cái jué	vn,v
7	8282	运送	yùn sòng	v,vn
7	8284	使者	shǐ zhě	n
7	8288	打仗	dǎ zhàng	v
7	8289	龟	guī / jūn / qiū	n,g
7	8289	决议	jué yì	n
7	8289	期盼	qī pàn	v,vn
7	8291	把手	bǎ shǒu / bǎ shou	n
7	8291	余	Yú / yú	m,g,Rg,v
7	8293	过错	guò cuò	n
7	8294	软弱	ruǎn ruò	a
7	8297	和解	hé jiě	v,vn
7	8298	抑郁	yì yù	a
7	8300	报社	bào shè	n
7	8300	解散	jiě sàn	v,vn
7	8302	筹备	chóu bèi	v,vn
7	8307	装扮	zhuāng bàn	v,vn
7	8310	良	liáng	g,d
7	8314	结尾	jié wěi	n,v
7	8320	严密	yán mì	a,ad
7	8330	排斥	pái chì	v,vn
7	8331	长相	zhǎng xiàng	n
7	8334	报仇	bào chóu	v,vn
7	8334	收缩	shōu suō	v,vn
7	8341	帖子	tiě zi	
7	8342	钓鱼	diào yú	v,vn
7	8347	嚼	jiáo / jiào	v
7	8347	牌照	pái zhào	n
7	8349	搜寻	sōu xún	v,vn
7	8358	抚养	fǔ yǎng	v,vn
7	8359	打交道	dǎ jiāo dào	v
7	8366	万能	wàn néng	b
7	8368	兼职	jiān zhí	v,vn
7	8378	宠	chǒng	v,vn
7	8379	较量	jiào liàng	vn,v
7	8381	谣言	yáo yán	n
7	8381	重返	chóng fǎn	v
7	8384	非得	fēi děi	d
7	8385	过节	guò jié	v,vn
7	8391	好感	hǎo gǎn	n
7	8392	搜集	sōu jí	v,vn
7	8394	探测	tàn cè	v,vn
7	8395	位子	wèi zi	n
7	8399	演戏	yǎn xì	v
7	8400	零件	líng jiàn	n
7	8401	夺冠	duó guàn	v,vn
7	8402	自尊	zì zūn	v,vn
7	8408	瘫痪	tān huàn	v,vn
7	8415	雇佣	gù yōng	v,vn
7	8420	逮	dǎi / dài	v
7	8421	上报	shàng bào	v
7	8424	低下	dī xià	a,an
7	8426	大臣	dà chén	n
7	8426	迫使	pò shǐ	v
7	8426	阴性	yīn xìng	n
7	8428	钙	gài	n
7	8444	高尔夫球	gāo ěr fū qiú	n
7	8447	招待	zhāo dài	v,vn
7	8453	敷	fū	v
7	8454	欣慰	xīn wèi	a,an
7	8462	俊	jùn / zùn	nr
7	8466	末日	Mò rì / mò rì	n
7	8470	鄙视	bǐ shì	v,vn
7	8471	元首	yuán shǒu	n
7	8482	纱	shā	n
7	8484	阶级	jiē jí	n
7	8484	头晕	tóu yūn	v
7	8486	中途	zhōng tú	d,s
7	8489	映	yìng	v
7	8494	独一无二	dú yī wú èr	l
7	8497	经受	jīng shòu	v
7	8499	亮相	liàng xiàng	v
7	8500	懒得	lǎn dé	v
7	8502	少量	shǎo liàng	m
7	8508	捐献	juān xiàn	v,vn
7	8509	接手	jiē shǒu	v
7	8510	即可	jí kě	v
7	8510	小品	xiǎo pǐn	n
7	8512	线条	xiàn tiáo	n
7	8512	栽	zāi	v
7	8513	取胜	qǔ shèng	v,vn
7	8520	遗体	yí tǐ	n
7	8521	入选	rù xuǎn	v,vn
7	8526	残留	cán liú	vn,v
7	8530	震动	zhèn dòng	vn,v
7	8531	角逐	jué zhú	vn,v
7	8533	特权	tè quán	n
7	8534	可不是	kě bu shì	
7	8534	密度	mì dù	n
7	8536	巨额	jù é	b
7	8536	口水	kǒu shuǐ	n
7	8536	热带	rè dài	n
7	8539	发光	fā guāng	v,vn
7	8541	遮	zhē	v,vn
7	8554	扒	bā / pá	v
7	8557	蘑菇	mó gu	n
7	8558	飞往	fēi wǎng	v
7	8559	向往	xiàng wǎng	v,vn
7	8563	时髦	shí máo	a
7	8563	音响	yīn xiǎng	n
7	8564	急性	jí xìng	b,d
7	8565	钞票	chāo piào	n
7	8568	虽说	suī shuō	c
7	8577	风云	fēng yún	n
7	8578	徘徊	pái huái	v,vn
7	8579	拥挤	yōng jǐ	a,v
7	8581	显现	xiǎn xiàn	v,vn
7	8582	雇员	gù yuán	n
7	8582	净化	jìng huà	v,vn
7	8584	马桶	mǎ tǒng	n
7	8584	演示	yǎn shì	v,vn
7	8585	迷惑	mí huo	v,an,a
7	8587	黎明	lí míng	t
7	8588	步入	bù rù	v
7	8592	屠杀	tú shā	vn,v
7	8593	琢磨	zhuó mó / zuó mo	v
7	8598	致敬	zhì jìng	v
7	8599	表态	biǎo tài	v,vn
7	8599	心声	xīn shēng	n
7	8600	预见	yù jiàn	v,n,vn
7	8603	双胞胎	shuāng bāo tāi	n
7	8604	殴打	ōu dǎ	v,vn
7	8607	支票	zhī piào	n
7	8618	领土	lǐng tǔ	n
7	8621	生前	shēng qián	t
7	8622	窄	zhǎi	a
7	8624	反馈	fǎn kuì	v,vn
7	8624	下落	xià luò	n,v
7	8626	无能为力	wú néng wéi lì	v
7	8628	点心	diǎn xin	n
7	8629	老人家	lǎo rén jiā	n
7	8644	比喻	bǐ yù	n,v
7	8646	跳跃	tiào yuè	v,vn
7	8651	挫折	cuò zhé	n,vn,v
7	8652	坠	zhuì	v
7	8657	本性	běn xìng	n
7	8658	相识	xiāng shí	v
7	8664	不可避免	bù kě bì miǎn	v
7	8670	惯例	guàn lì	n
7	8678	储蓄	chǔ xù	vn,n,v
7	8680	必定	bì dìng	d
7	8691	事宜	shì yí	n
7	8692	弦	xián	n
7	8694	看重	kàn zhòng	v
7	8697	迫不及待	pò bù jí dài	l
7	8699	囚犯	qiú fàn	n
7	8706	虚伪	xū wěi	a,an
7	8707	分泌	fēn mì	v,vn
7	8707	予以	yǔ yǐ	v
7	8717	触摸	chù mō	v,vn
7	8720	好比	hǎo bǐ	v
7	8720	起步	qǐ bù	v,vn
7	8721	后代	hòu dài	n
7	8721	余地	yú dì	n
7	8722	修正	xiū zhèng	v,vn
7	8723	好心	hǎo xīn	n,a
7	8723	制品	zhì pǐn	n
7	8724	欺诈	qī zhà	vn,v
7	8733	扭转	niǔ zhuǎn	v,vn
7	8734	狂热	kuáng rè	a,an
7	8735	硬币	yìng bì	n
7	8740	未成年人	wèi chéng nián rén	n
7	8746	压制	yā zhì	
7	8749	香味	xiāng wèi	n
7	8750	窜	cuàn	v
7	8753	前任	qián rèn	b,n
7	8756	内涵	nèi hán	n
7	8762	沙龙	shā lóng	n,nr
7	8773	起初	qǐ chū	d,t
7	8775	备受	bèi shòu	v
7	8775	头顶	tóu dǐng	n,v
7	8775	住处	zhù chù	n
7	8789	推翻	tuī fān	v
7	8792	弹性	tán xìng	n
7	8792	疏散	shū sàn	v,vn
7	8802	境内	jìng nèi	s
7	8806	富裕	Fù yù / fù yù	a,an
7	8809	成年	chéng nián	vn,n,b
7	8810	日益	rì yì	d
7	8812	庆典	qìng diǎn	n
7	8814	光彩	guāng cǎi	a,n
7	8826	造就	zào jiù	v
7	8828	株	zhū	q
7	8831	隐形	yǐn xíng	b
7	8834	大局	dà jú	n
7	8837	人手	rén shǒu	n
7	8838	暂	zàn	d
7	8841	不适	bù shì	a
7	8841	滥用	làn yòng	v,vn
7	8844	冻结	dòng jié	v,vn
7	8852	概率	gài lǜ	n
7	8852	愈合	yù hé	v,vn
7	8857	草坪	cǎo píng	n
7	8857	营造	yíng zào	v
7	8860	越过	yuè guò	v
7	8871	迷路	mí lù	v,n
7	8877	稍后	shāo hòu	d,f
7	8878	丢人	diū rén	a
7	8879	怀里	huái lǐ	s
7	8880	挠	náo	v
7	8886	落地	luò dì	v,vn
7	8888	公务	gōng wù	n
7	8891	来访	lái fǎng	v,vn
7	8893	穆斯林	Mù sī lín	nz
7	8894	口音	kǒu yīn / kǒu yin	n
7	8894	稀	xī	a,g
7	8907	乱七八糟	luàn qī bā zāo	l
7	8907	贫穷	pín qióng	a,an
7	8907	外形	wài xíng	n
7	8910	肥胖	féi pàng	a,an
7	8915	判处	pàn chǔ	v
7	8920	英俊	yīng jùn	a
7	8922	行列	háng liè	n
7	8927	变异	biàn yì	n,v
7	8932	电线	diàn xiàn	n
7	8935	持久	chí jiǔ	a,ad
7	8935	麻痹	má bì	a,v,vn
7	8936	制裁	zhì cái	vn,v
7	8938	日程	rì chéng	n
7	8938	招募	zhāo mù	v,vn
7	8940	称作	chēng zuò	v
7	8942	预感	yù gǎn	n,v
7	8945	绅士	shēn shì	n
7	8946	引领	yǐn lǐng	
7	8948	开张	kāi zhāng	v,vn
7	8952	抗拒	kàng jù	v,vn
7	8959	评判	píng pàn	v,vn
7	8963	不堪	bù kān	v
7	8970	别扭	biè niu	a,an
7	8972	大片	dà piàn	n
7	8976	轰炸	hōng zhà	v,vn
7	8983	融化	róng huà	v
7	8983	盏	zhǎn	q,g
7	8984	款式	kuǎn shì / kuǎn shi	n
7	8985	揉	róu	v
7	8987	感性	gǎn xìng	n
7	8987	流程	liú chéng	n
7	8989	探险	tàn xiǎn	vn,v
7	8993	在线	zài xiàn	vn,b
7	8995	完蛋	wán dàn	v
7	8996	河流	hé liú	n
7	8997	呼唤	hū huàn	v,vn
7	9001	主力	zhǔ lì	n
7	9004	盈利	yíng lì	v,n,vn
7	9005	书籍	shū jí	n
7	9009	上述	shàng shù	b
7	9011	顶尖	dǐng jiān	b,n
7	9015	放置	fàng zhì	v,vn
7	9017	选民	xuǎn mín	n
7	9019	碰撞	pèng zhuàng	vn,v
7	9020	入手	rù shǒu	v
7	9024	录制	lù zhì	v,vn
7	9028	确信	què xìn	v
7	9028	销毁	xiāo huǐ	v,vn
7	9029	况且	kuàng qiě	c
7	9035	鲨鱼	shā yú	n
7	9037	车间	chē jiān	n
7	9038	丰厚	fēng hòu	a
7	9038	口径	kǒu jìng	n
7	9041	访谈	fǎng tán	vn,v
7	9042	通告	tōng gào	n,v
7	9043	资本主义	zī běn zhǔ yì	n
7	9045	付款	fù kuǎn	v,vn
7	9047	忍耐	rěn nài	v,vn
7	9051	削	xiāo / xuē	v,vn
7	9053	铲	chǎn	v
7	9053	奖杯	jiǎng bēi	n
7	9053	破碎	pò suì	a,v,vn
7	9054	除去	chú qù	v
7	9054	恐龙	kǒng lóng	n
7	9058	土壤	tǔ rǎng	n
7	9060	通宵	tōng xiāo	n
7	9069	值钱	zhí qián	a
7	9070	眉毛	méi mao	n
7	9075	理会	lǐ huì	v
7	9076	南瓜	nán guā	n
7	9077	发热	fā rè	v,vn
7	9083	抵制	dǐ zhì	v,vn
7	9085	境地	jìng dì	n
7	9086	贪婪	tān lán	a,an
7	9088	逆	nì	g
7	9089	学历	xué lì	n
7	9103	得罪	dé zuì / dé zui	v
7	9104	跨越	kuà yuè	v,vn
7	9105	保重	bǎo zhòng	v
7	9105	加重	jiā zhòng	v,vn
7	9105	奢侈	shē chǐ	a,an
7	9107	信件	xìn jiàn	n
7	9112	奇特	qí tè	a,nz
7	9120	严峻	yán jùn	a
7	9130	粪	fèn	n
7	9131	框	kuàng	g,v
7	9132	惯	guàn	v
7	9147	纪念日	jì niàn rì	n
7	9147	舆论	yú lùn	n
7	9150	侦察	zhēn chá	v,vn
7	9152	当面	dāng miàn	d
7	9153	预告	yù gào	v
7	9156	禁区	jìn qū	n
7	9157	身影	shēn yǐng	n
7	9158	倾斜	qīng xié	v,vn
7	9158	事迹	shì jì	n
7	9159	晚间	wǎn jiān	t
7	9163	黑白	hēi bái	b,n
7	9165	物资	wù zī	n
7	9171	时段	shí duàn	n
7	9172	犹如	yóu rú	v
7	9174	招牌	zhāo pai	n
7	9179	价值观	jià zhí guān	n
7	9179	迄今为止	qì jīn wéi zhǐ	l
7	9180	支柱	zhī zhù	n
7	9182	异议	yì yì	n
7	9183	一心	yī xīn	d,nr
7	9185	饥饿	jī è	n
7	9186	宣告	xuān gào	v
7	9187	弓	Gōng / gōng	n,v
7	9187	一头	yī tóu	mq,d,n,nr
7	9189	变革	biàn gé	vn,v
7	9191	空虚	kōng xū	a
7	9191	竖	shù	v,n
7	9192	责任感	zé rèn gǎn	n
7	9209	代言人	dài yán rén	n
7	9211	喇叭	lǎ ba	n
7	9214	露面	lòu miàn	v
7	9217	实质	shí zhì	n
7	9222	暗中	àn zhōng	d,s
7	9224	坚守	jiān shǒu	v
7	9224	人为	rén wéi	b,d
7	9225	计较	jì jiào	v
7	9231	帆	fān	n
7	9246	捆	kǔn	v,q
7	9252	贩卖	fàn mài	v,vn
7	9252	无能	wú néng	a
7	9253	添加	tiān jiā	v,vn
7	9258	至此	zhì cǐ	d
7	9259	产物	chǎn wù	n
7	9259	关掉	guān diào	v
7	9264	耀眼	yào yǎn	a
7	9266	慢性	màn xìng	b
7	9267	富翁	fù wēng	n
7	9269	蒸	zhēng	v
7	9270	流畅	liú chàng	a
7	9271	树木	shù mù	n
7	9272	崛起	jué qǐ	v,vn
7	9273	点子	diǎn zi	n
7	9274	苍蝇	cāng ying	n
7	9275	平面	píng miàn	n
7	9276	过头	guò tóu	a
7	9276	煤矿	méi kuàng	n
7	9281	搂	lōu / lǒu	v
7	9283	葬礼	zàng lǐ	n
7	9285	包袱	bāo fu	n
7	9290	引人注目	yǐn rén zhù mù	v
7	9294	发脾气	fā pí qì	v
7	9297	要点	yào diǎn	n
7	9307	缴	jiǎo	v
7	9308	核实	hé shí	v,vn
7	9308	乡下	xiāng xia	s
7	9313	咽	yān / yàn / yè	v
7	9324	冷冻	lěng dòng	v,vn
7	9330	畸形	jī xíng	n,v
7	9334	鸽子	gē zi	n
7	9336	发财	fā cái	v,vn
7	9342	匆匆	cōng cōng	z,d
7	9345	查找	chá zhǎo	v,vn
7	9346	往常	wǎng cháng	t
7	9346	隐蔽	yǐn bì	a,v
7	9347	救济	jiù jì	n,vn,v
7	9351	糊	hú / hù	v
7	9351	终生	zhōng shēng	m,d,b
7	9352	跑车	pǎo chē	n
7	9356	竞技	jìng jì	n,vn,v
7	9363	当下	dāng xià	t,d
7	9363	专栏	zhuān lán	n
7	9364	熬夜	áo yè	v
7	9367	分辨	fēn biàn	v,vn
7	9367	描绘	miáo huì	v,vn
7	9377	贵宾	guì bīn	n
7	9379	实体	shí tǐ	n
7	9382	诺言	nuò yán	n
7	9387	迷恋	mí liàn	v,vn
7	9387	赞扬	zàn yáng	v,vn
7	9390	筹集	chóu jí	v,vn
7	9393	借用	jiè yòng	v,vn
7	9393	派遣	pài qiǎn	v,vn
7	9394	揪	jiū	v
7	9396	折扣	zhé kòu	n
7	9397	舅舅	jiù jiu	n
7	9398	时速	shí sù	n
7	9399	首饰	shǒu shì	n
7	9399	锡	xī	n,b
7	9405	深受	shēn shòu	v
7	9409	不容	bù róng	v
7	9411	临近	lín jìn	v,vn
7	9412	架子	jià zi	n
7	9416	一如既往	yī rú jì wǎng	v
7	9417	安宁	Ān níng / ān níng	an,a
7	9417	时不时	shí bù shí	d
7	9418	卷入	juǎn rù	v
7	9421	契约	qì yuē	n
7	9426	携手	xié shǒu	v
7	9427	归还	guī huán	v
7	9428	倾诉	qīng sù	v,vn
7	9439	情愿	qíng yuàn	v
7	9443	头衔	tóu xián	n
7	9446	相连	xiāng lián	v
7	9447	心事	xīn shì	n
7	9449	肢体	zhī tǐ	n
7	9450	牙膏	yá gāo	n
7	9451	限于	xiàn yú	v
7	9452	捕捉	bǔ zhuō	v
7	9454	出演	chū yǎn	v,vn
7	9458	筋	jīn	n
7	9459	遇难	yù nàn	v,vn
7	9461	过不去	guò bu qù	v
7	9463	公益	gōng yì	n
7	9468	乐器	yuè qì	n
7	9468	肇事	zhào shì	vn,v
7	9469	气势	qì shì	n
7	9472	斩	zhǎn	v
7	9479	车道	chē dào	n
7	9483	事项	shì xiàng	n
7	9488	猎人	liè rén	n
7	9491	丢脸	diū liǎn	a
7	9496	慎重	shèn zhòng	a,ad
7	9497	医务	yī wù	b
7	9498	水管	shuǐ guǎn	n
7	9500	虚弱	xū ruò	a
7	9503	火花	huǒ huā	n
7	9507	集装箱	jí zhuāng xiāng	n
7	9514	全力以赴	quán lì yǐ fù	v
7	9515	航天	háng tiān	n
7	9517	猜想	cāi xiǎng	v,vn
7	9517	协作	xié zuò	v,vn
7	9519	无线电	wú xiàn diàn	n
7	9520	大队	dà duì	n
7	9527	解读	jiě dú	v,vn
7	9530	资讯	zī xùn	n
7	9531	对准	duì zhǔn	v
7	9534	蹭	cèng	v
7	9535	误导	wù dǎo	v,vn
7	9536	孤立	gū lì	v,a,an,ad
7	9537	器材	qì cái	n
7	9542	航行	háng xíng	v,vn
7	9542	无穷	wú qióng	z
7	9545	大选	dà xuǎn	vn,v
7	9548	前辈	qián bèi	n
7	9549	红灯	hóng dēng	n
7	9553	牢牢	láo láo	d
7	9559	难以置信	nán yǐ zhì xìn	v
7	9562	起草	qǐ cǎo	v,vn
7	9568	麻木	má mù	a,v,an
7	9569	重伤	zhòng shāng	n
7	9570	青蛙	qīng wā	n
7	9571	葱	cōng	n
7	9572	通风	tōng fēng	v,vn
7	9578	减弱	jiǎn ruò	v
7	9580	收视率	shōu shì lǜ	n
7	9583	料到	liào dào	v
7	9593	整合	zhěng hé	v,vn
7	9595	出众	chū zhòng	a,an
7	9596	合影	hé yǐng	n,v
7	9597	后期	hòu qī	f,t
7	9598	反感	fǎn gǎn	v,an
7	9598	营救	yíng jiù	v,vn
7	9599	棒球	bàng qiú	n
7	9604	餐桌	cān zhuō	n
7	9604	沉浸	chén jìn	v
7	9604	食用	shí yòng	v,vn
7	9612	从头	cóng tóu	d
7	9612	客房	kè fáng	n
7	9613	怀抱	huái bào	n,v
7	9614	野兽	yě shòu	n
7	9615	当心	dāng xīn	v
7	9615	水源	shuǐ yuán	n
7	9618	衰老	shuāi lǎo	a,an
7	9619	同感	tóng gǎn	n
7	9620	操心	cāo xīn	v
7	9620	时间表	shí jiān biǎo	n
7	9622	学业	xué yè	n
7	9622	总的来说	zǒng de lái shuō	c,l
7	9626	轰动	hōng dòng	vn,v
7	9626	亩	mǔ	q
7	9629	苦难	kǔ nàn	n
7	9630	撬	qiào	v
7	9630	演技	yǎn jì	n
7	9636	过期	guò qī	v,vn
7	9637	筛选	shāi xuǎn	v,vn
7	9642	猛烈	měng liè	a,ad
7	9642	手势	shǒu shì	n
7	9643	裁	cái	v
7	9643	管家	guǎn jiā	n
7	9643	好坏	hǎo huài	n
7	9654	有待	yǒu dài	v
7	9662	缝合	féng hé	v,vn
7	9664	手动	shǒu dòng	b
7	9675	示威	shì wēi	vn,v
7	9676	歌舞	gē wǔ	n
7	9677	观赏	guān shǎng	v,vn
7	9678	视角	shì jiǎo	n
7	9679	重心	zhòng xīn	n
7	9694	议	yì	v
7	9697	慷慨	kāng kǎi	a,ad
7	9700	烦躁	fán zào	a
7	9700	巨型	jù xíng	b
7	9702	存放	cún fàng	v,vn
7	9707	逢	féng	v
7	9718	好说	hǎo shuō	a
7	9719	对策	duì cè	n
7	9719	扰乱	rǎo luàn	v
7	9722	源于	yuán yú	v
7	9723	启示	qǐ shì	vn,v
7	9726	社团	shè tuán	n
7	9731	渡过	dù guò	v
7	9739	转悠	zhuàn you	v
7	9741	手头	shǒu tóu	n
7	9742	测验	cè yàn	vn,v
7	9742	溅	jiàn	v
7	9745	资深	zī shēn	b
7	9751	缓缓	huǎn huǎn	d
7	9753	确诊	què zhěn	v
7	9754	崇高	chóng gāo	a
7	9755	特质	tè zhì	n
7	9762	做生意	zuò shēng yì	
7	9764	高效	gāo xiào	b,d
7	9764	届时	jiè shí	d
7	9766	寝室	qǐn shì	n
7	9769	密封	mì fēng	vn,v
7	9773	高明	Gāo míng / gāo míng	a,nr
7	9773	获悉	huò xī	v
7	9776	胆子	dǎn zi	n
7	9777	叼	diāo	v
7	9777	堵塞	dǔ sè	v,vn
7	9779	漂	piāo / piǎo / piào	v
7	9780	磕	kē / kè	v
7	9781	分明	fēn míng	a,d
7	9786	料理	liào lǐ	v,vn
7	9790	礼品	lǐ pǐn	n
7	9792	剧烈	jù liè	a,ad,an
7	9801	填补	tián bǔ	v,vn
7	9804	起伏	qǐ fú	v,vn
7	9804	手掌	shǒu zhǎng	n
7	9806	否决	fǒu jué	v,vn
7	9809	中止	zhōng zhǐ	v,vn
7	9811	移交	yí jiāo	v,vn
7	9812	挑衅	tiǎo xìn	v,vn
7	9813	功劳	gōng láo	n
7	9817	有幸	yǒu xìng	v
7	9826	复发	fù fā	v
7	9828	丛林	cóng lín	n
7	9829	演变	yǎn biàn	v,vn
7	9834	精华	jīng huá	n
7	9839	火热	huǒ rè	z,a
7	9839	膨胀	péng zhàng	v,vn
7	9840	更改	gēng gǎi	v,vn
7	9841	成千上万	chéng qiān shàng wàn	v
7	9842	丙	bǐng	Mg
7	9842	缺席	quē xí	v,vn
7	9844	标本	biāo běn	n
7	9849	伤势	shāng shì	n
7	9853	挑起	tiǎo qǐ	v
7	9859	堤	dī	n
7	9875	拌	bàn	v
7	9881	机动	jī dòng	b,a
7	9883	幻觉	huàn jué	n,v
7	9883	艰辛	jiān xīn	a,an
7	9885	过滤	guò lǜ	v,vn
7	9888	偏见	piān jiàn	n
7	9894	攀	pān	v
7	9895	气愤	qì fèn	a
7	9897	保暖	bǎo nuǎn	a,an,v
7	9906	阶层	jiē céng	n
7	9913	抽屉	chōu ti	n
7	9918	会场	huì chǎng	n
7	9920	知觉	zhī jué	n
7	9924	审核	shěn hé	v,vn
7	9925	飞翔	fēi xiáng	v,vn
7	9934	大吃一惊	dà chī yī jīng	v
7	9935	零售	líng shòu	vn,v
7	9937	叙述	xù shù	v,vn
7	9938	山顶	shān dǐng	n
7	9945	敏锐	mǐn ruì	a,an,ad
7	9946	附加	fù jiā	vn,v
7	9950	路程	lù chéng	n
7	9951	粗糙	cū cāo	a
7	9952	税务	shuì wù	n
7	9956	破解	pò jiě	v
7	9959	引入	yǐn rù	v
7	9962	化验	huà yàn	v,vn
7	9964	暗杀	àn shā	v,vn
7	9965	坦诚	tǎn chéng	a,ad
7	9969	无私	wú sī	b,v,d,an
7	9973	劫持	jié chí	v
7	9985	皮带	pí dài	n
7	9988	声誉	shēng yù	n
7	9989	掺	chān / shǎn	v
7	9989	相伴	xiāng bàn	v
7	9992	众所周知	zhòng suǒ zhōu zhī	v
7	9994	人造	rén zào	b
7	9995	蚊子	wén zi	n
7	10002	传染病	chuán rǎn bìng	n
7	10005	现任	xiàn rèn	b,v
7	10008	亲生	qīn shēng	b
7	10010	胡说	hú shuō	v,vn
7	10013	根源	gēn yuán	n,v
7	10016	席位	xí wèi	n
7	10019	妄想	wàng xiǎng	v,vn
7	10020	榨	zhà	v
7	10025	匆忙	cōng máng	a,ad
7	10026	玩耍	wán shuǎ	v
7	10028	笼罩	lǒng zhào	v,vn
7	10029	卓越	zhuó yuè	a,an
7	10030	全局	quán jú	n
7	10031	减速	jiǎn sù	v,vn
7	10032	响应	xiǎng yìng	v,vn
7	10033	瀑布	pù bù	n
7	10035	失恋	shī liàn	v
7	10038	顾虑	gù lǜ	n,v
7	10041	监护	jiān hù	vn,v
7	10043	鳄鱼	è yú	n,nz
7	10053	恐吓	kǒng hè	v,vn
7	10054	混凝土	hùn níng tǔ	n
7	10056	百合	bǎi hé	n,nr
7	10064	诚意	chéng yì	n
7	10068	理所当然	lǐ suǒ dāng rán	l
7	10069	痰	tán	n
7	10074	数额	shù é	n
7	10075	部件	bù jiàn	n
7	10078	悲痛	bēi tòng	an,a
7	10081	景观	jǐng guān	n
7	10088	所属	suǒ shǔ	n,v,vn
7	10096	潇洒	xiāo sǎ	a,ad
7	10105	了结	liǎo jié	v
7	10111	车型	chē xíng	n
7	10111	倒计时	dào jì shí	
7	10112	狡猾	jiǎo huá	a,an
7	10116	闪烁	shǎn shuò	v
7	10123	卵	luǎn	n
7	10126	可信	kě xìn	a,an
7	10131	白白	bái bái	d
7	10133	填写	tián xiě	v
7	10140	通行证	tōng xíng zhèng	n
7	10144	秘诀	mì jué	n
7	10148	同盟	tóng méng	n
7	10150	野外	yě wài	s
7	10153	挑剔	tiāo ti	v,a,vn
7	10160	器械	qì xiè	n
7	10164	触动	chù dòng	v,vn
7	10165	内幕	nèi mù	n
7	10169	细心	xì xīn	a,ad,an
7	10170	历程	lì chéng	n
7	10171	望远镜	wàng yuǎn jìng	n
7	10172	要紧	yào jǐn	a
7	10173	重申	chóng shēn	v
7	10174	庙	miào	n
7	10179	棺材	guān cai	n
7	10181	俘虏	fú lǔ	n,v
7	10182	信誉	xìn yù	n
7	10183	耻辱	chǐ rǔ	n
7	10185	初次	chū cì	d
7	10185	镇定	zhèn dìng	a,vn
7	10185	租赁	zū lìn	vn,v
7	10186	破案	pò àn	v,vn
7	10197	外公	wài gōng	n
7	10199	丧生	sàng shēng	v
7	10217	乒乓球	pīng pāng qiú	n
7	10219	平淡	píng dàn	a
7	10221	高压	gāo yā	n
7	10227	管用	guǎn yòng	a,v
7	10227	推理	tuī lǐ	vn,v
7	10234	礼仪	lǐ yí	n
7	10234	潜水	qián shuǐ	vn,v
7	10238	深情	shēn qíng	n,d,a
7	10239	凹	āo / wā	a
7	10247	唠叨	láo dao	v,vn
7	10247	新手	xīn shǒu	n
7	10248	简短	jiǎn duǎn	a,ad
7	10249	风尚	fēng shàng	n
7	10252	转播	zhuǎn bō	vn,v
7	10253	积蓄	jī xù	n,v
7	10253	展出	zhǎn chū	v
7	10255	管辖	guǎn xiá	v,vn
7	10256	坟墓	fén mù	n
7	10257	衰竭	shuāi jié	v
7	10260	路人	lù rén	n
7	10261	解答	jiě dá	v,vn
7	10263	求救	qiú jiù	v,vn
7	10264	苦恼	kǔ nǎo	a,an
7	10265	团聚	tuán jù	v,vn
7	10266	丑陋	chǒu lòu	a,an
7	10267	充当	chōng dāng	v
7	10269	遍布	biàn bù	v
7	10271	泥土	ní tǔ	n
7	10271	修补	xiū bǔ	v,vn
7	10274	抚摸	fǔ mō	v
7	10276	颈部	jǐng bù	
7	10277	光滑	guāng huá	a
7	10281	同伙	tóng huǒ	n
7	10286	发抖	fā dǒu	v
7	10293	衷心	zhōng xīn	d,b
7	10296	司令	sī lìng	n
7	10301	灰尘	huī chén	n
7	10305	若干	ruò gān	m
7	10309	电报	diàn bào	n
7	10319	揭示	jiē shì	v
7	10320	轮流	lún liú	v
7	10321	标语	biāo yǔ	n
7	10324	批判	pī pàn	v,vn
7	10332	筑	Zhù / zhù	v
7	10339	追赶	zhuī gǎn	v,vn
7	10345	阵营	zhèn yíng	n
7	10347	难堪	nán kān	a,v,an
7	10347	武力	wǔ lì	n
7	10349	演说	yǎn shuō	vn,v
7	10351	激起	jī qǐ	v
7	10351	纳税人	nà shuì rén	n
7	10351	野心	yě xīn	n
7	10358	纳税	nà shuì	v,vn
7	10362	炼	liàn	v
7	10368	关照	guān zhào	v,vn
7	10368	诸多	zhū duō	m
7	10373	天鹅	tiān é	n
7	10374	木材	mù cái	n
7	10375	断裂	duàn liè	v,vn
7	10375	闻名	wén míng	v
7	10375	止血	zhǐ xuè	v,vn
7	10388	古董	gǔ dǒng	n
7	10388	金字塔	jīn zì tǎ	n
7	10399	拟	nǐ	v
7	10407	反弹	fǎn tán	v,vn
7	10408	懂事	dǒng shì	a,v
7	10410	奋力	fèn lì	d
7	10411	追随	zhuī suí	v
7	10412	代号	dài hào	n
7	10416	绯闻	fēi wén	n
7	10422	可耻	kě chǐ	a
7	10424	古人	gǔ rén	n
7	10426	微妙	wēi miào	a
7	10426	幸亏	xìng kuī	d
7	10429	反省	fǎn xǐng	v,vn
7	10429	皇上	huáng shang	n
7	10431	本色	běn sè / běn shǎi	n
7	10431	登机	dēng jī	v,vn
7	10434	鉴别	jiàn bié	v,vn
7	10439	背面	bèi miàn	f
7	10439	恰恰相反	qià qià xiāng fǎn	c
7	10443	直径	zhí jìng	n
7	10449	过往	guò wǎng	vn,v
7	10449	换取	huàn qǔ	v
7	10450	好评	hǎo píng	n
7	10450	忽悠	hū you	z
7	10451	心血	xīn xuè	n
7	10453	忧虑	yōu lǜ	v,vn
7	10457	显而易见	xiǎn ér yì jiàn	l
7	10458	防卫	fáng wèi	vn,v
7	10458	养老金	yǎng lǎo jīn	n
7	10460	预先	yù xiān	d
7	10467	人气	rén qì	n
7	10470	墓地	mù dì	n
7	10475	看样子	kàn yàng zi	v
7	10479	侵害	qīn hài	v,vn
7	10481	表白	biǎo bái	v
7	10481	前期	qián qī	f
7	10482	患有	huàn yǒu	v
7	10484	带头	dài tóu	v,vn
7	10488	还原	huán yuán	v
7	10489	酥	sū	a
7	10490	不用说	bù yòng shuō	v
7	10494	接通	jiē tōng	v
7	10494	陶瓷	táo cí	n
7	10495	监察	jiān chá	vn,v
7	10495	讨好	tǎo hǎo	v
7	10499	发火	fā huǒ	v
7	10502	丰满	Fēng mǎn / fēng mǎn	a,ns
7	10508	任职	rèn zhí	v,vn
7	10511	不宜	bù yí	v
7	10519	出境	chū jìng	v,vn
7	10526	创始人	chuàng shǐ rén	n
7	10528	提早	tí zǎo	d,v
7	10533	玄	xuán	a
7	10534	帮手	bāng shǒu	n
7	10541	仿	fǎng	v,n
7	10543	以致	yǐ zhì	c
7	10558	化身	huà shēn	n,v
7	10560	编排	biān pái	v,vn
7	10562	实地	shí dì	d,s,n
7	10567	立体	lì tǐ	b,d
7	10568	精明	jīng míng	a,an
7	10569	滑稽	huá jī	a
7	10570	高涨	gāo zhǎng	a,an
7	10577	善意	shàn yì	n
7	10577	宗旨	zōng zhǐ	n
7	10579	上游	shàng yóu	f
7	10580	上任	shàng rèn	v
7	10583	探望	tàn wàng	v,vn
7	10585	举止	jǔ zhǐ	n
7	10588	聘	pìn	v
7	10589	忠于	zhōng yú	v
7	10591	胜任	shèng rèn	v
7	10593	悲观	bēi guān	a,ad
7	10596	下跌	xià diē	v
7	10598	荒谬	huāng miù	a,an
7	10602	拓展	tuò zhǎn	v,vn
7	10602	替换	tì huàn	v
7	10605	回馈	huí kuì	
7	10610	浓缩	nóng suō	v,vn
7	10612	放映	fàng yìng	v,vn
7	10615	自助	zì zhù	b,d
7	10616	虚构	xū gòu	v,vn
7	10617	祖先	zǔ xiān	n
7	10619	肥皂	féi zào	n
7	10624	泄	xiè	g
7	10626	活儿	huó r	n
7	10626	委屈	wěi qu	a,v,an,vn,ad
7	10629	特长	tè cháng	n
7	10632	贪	tān	v
7	10641	果断	guǒ duàn	a,ad
7	10642	失效	shī xiào	v
7	10644	账号	zhàng hào	n
7	10653	振奋	zhèn fèn	v,vn
7	10655	雕	diāo	g,v
7	10658	卑鄙	bēi bǐ	a
7	10660	耳光	ěr guāng	n
7	10669	披露	pī lù	v,vn
7	10672	判定	pàn dìng	v,vn
7	10677	务必	wù bì	d
7	10679	惊叹	jīng tàn	v,vn
7	10681	拥护	yōng hù	v,vn
7	10688	意料	yì liào	v,vn
7	10691	空前	kōng qián	a,ad
7	10696	董事长	dǒng shì zhǎng	n
7	10696	油画	yóu huà	n
7	10698	旺盛	wàng shèng	a
7	10703	住宿	zhù sù	v,vn
7	10705	进场	jìn chǎng	v,n
7	10707	克制	kè zhì	v,vn
7	10708	包容	bāo róng	v,vn
7	10710	驳回	bó huí	v,vn
7	10714	无形	wú xíng	b,a
7	10715	用餐	yòng cān	v,vn
7	10725	张扬	Zhāng Yáng / zhāng yáng	v,nr
7	10726	不肯	bù kěn	v
7	10726	风味	fēng wèi	n
7	10726	看似	kàn sì	v
7	10727	档次	dàng cì	n
7	10727	跑道	pǎo dào	n
7	10730	歌剧	gē jù	n
7	10734	让步	ràng bù	v,vn
7	10738	士气	shì qì	n
7	10739	过日子	guò rì zi	v
7	10740	听从	tīng cóng	v
7	10742	繁忙	fán máng	a,an
7	10745	订婚	dìng hūn	v,vn
7	10746	不同寻常	bù tóng xún cháng	v
7	10746	推断	tuī duàn	v,vn
7	10747	领养	lǐng yǎng	v,vn
7	10748	习俗	xí sú	n
7	10749	货运	huò yùn	n
7	10752	遗弃	yí qì	v,vn
7	10752	芝麻	zhī ma	n
7	10756	正直	zhèng zhí	a
7	10764	平息	píng xī	v,vn
7	10765	狭窄	xiá zhǎi	a
7	10768	敬意	jìng yì	n
7	10770	布局	bù jú	n,v
7	10770	贪污	tān wū	v,vn
7	10772	自如	zì rú	a
7	10780	金子	Jīn zǐ / jīn zi	n
7	10785	雇主	gù zhǔ	n
7	10789	峡谷	xiá gǔ	n
7	10796	受理	shòu lǐ	v,vn
7	10802	重现	chóng xiàn	v,vn
7	10813	口腔	kǒu qiāng	n
7	10820	紊乱	wěn luàn	a,an
7	10824	废墟	fèi xū	n
7	10824	萎缩	wěi suō	v,vn
7	10825	扶持	fú chí	v,vn
7	10828	真情	zhēn qíng	n
7	10830	人品	rén pǐn	n
7	10831	平和	Píng hé / píng hé	a,an
7	10832	稍稍	shāo shāo	d
7	10833	沉迷	chén mí	v
7	10836	票房	piào fáng	n
7	10838	寿命	shòu mìng	n
7	10845	反驳	fǎn bó	v,vn
7	10852	重量级	zhòng liàng jí	b
7	10857	去向	qù xiàng	n
7	10861	开办	kāi bàn	v
7	10861	脱颖而出	tuō yǐng ér chū	v
7	10869	亮点	liàng diǎn	n
7	10869	牵挂	qiān guà	v,vn
7	10871	不理	bù lǐ	v
7	10871	火山	huǒ shān	n
7	10875	环绕	huán rào	v,vn
7	10878	驱逐	qū zhú	v,vn
7	10891	踹	chuài	v
7	10891	苛刻	kē kè	a
7	10896	不知不觉	bù zhī bù jué	l
7	10902	梳	shū	v
7	10904	裁定	cái dìng	v,vn
7	10905	地域	dì yù	n
7	10908	圆形	yuán xíng	n
7	10909	再现	zài xiàn	v,vn
7	10912	责怪	zé guài	v
7	10915	尽早	jǐn zǎo	d
7	10916	对照	duì zhào	v,vn
7	10918	锯	jū / jù	v,n
7	10921	纳入	nà rù	v
7	10922	辨认	biàn rèn	v,vn
7	10933	奖项	jiǎng xiàng	n
7	10935	家教	jiā jiào	n,v
7	10935	人行道	rén xíng dào	n
7	10935	天性	tiān xìng	n
7	10937	悬崖	xuán yá	n
7	10938	埋怨	mán yuàn	v,vn
7	10942	冷战	Lěng zhàn / lěng zhàn / lěng zhan	n
7	10943	住户	zhù hù	n
7	10947	轨迹	guǐ jì	n
7	10947	指点	zhǐ diǎn	v,vn
7	10949	周到	zhōu dào	a
7	10951	行情	háng qíng	n
7	10954	整洁	zhěng jié	a,an
7	10955	过失	guò shī	n
7	10956	苗	Miáo / miáo	n,nr,b
7	10957	常人	cháng rén	n
7	10963	摆放	bǎi fàng	v,vn
7	10963	搅拌	jiǎo bàn	v,vn
7	10963	宣誓	xuān shì	v,vn
7	10964	全能	quán néng	n
7	10966	颠覆	diān fù	v,vn
7	10967	低价	dī jià	n,ad
7	10968	精通	jīng tōng	v,a
7	10969	小丑	xiǎo chǒu	n
7	10973	海滨	hǎi bīn	s,n
7	10974	气管	qì guǎn	n
7	10983	利率	lì lǜ	n
7	10986	看中	kàn zhòng	v
7	10987	牵涉	qiān shè	v
7	10988	分支	fēn zhī	n
7	10988	去除	qù chú	v
7	10995	流水	liú shuǐ	n
7	10998	腐蚀	fǔ shí	v,vn
7	10998	公道	gōng dào / gōng dao	a,an
7	11000	公款	gōng kuǎn	n
7	11000	辜负	gū fù	v
7	11001	活该	huó gāi	d
7	11007	试用	shì yòng	v,vn
7	11014	一塌糊涂	yī tā hú tu	l
7	11015	上瘾	shàng yǐn	v,vn
7	11016	来宾	Lái bīn / lái bīn	n
7	11017	忍心	rěn xīn	v
7	11020	太平	Tài píng / tài píng	a,ns
7	11022	可谓	kě wèi	v
7	11026	树枝	shù zhī	n
7	11028	不如说	bùrú shuō	c
7	11030	后续	hòu xù	vn,v
7	11031	微弱	wēi ruò	a
7	11039	垄断	lǒng duàn	v,vn
7	11044	开采	kāi cǎi	v,vn
7	11045	晕倒	yūn dǎo	v
7	11050	见解	jiàn jiě	n
7	11051	抵挡	dǐ dǎng	v
7	11052	瞩目	zhǔ mù	v,vn
7	11059	酝酿	yùn niàng	v
7	11061	揭发	jiē fā	v
7	11061	跳动	tiào dòng	v,vn
7	11064	出头	chū tóu	v,m,n
7	11067	阵容	zhèn róng	n
7	11071	烧毁	shāo huǐ	v
7	11074	饲料	sì liào	n
7	11078	同等	tóng děng	b,d
7	11081	极力	jí lì	d
7	11085	儒家	Rú jiā	
7	11087	畅销	chàng xiāo	v,a,an
7	11088	除外	chú wài	v
7	11088	名气	míng qì	n
7	11089	拣	jiǎn	v
7	11091	递交	dì jiāo	v
7	11092	倒塌	dǎo tā	v,vn
7	11094	附属	fù shǔ	vn,v
7	11095	适宜	shì yí	v,a
7	11097	屈服	qū fú	v
7	11101	捍卫	hàn wèi	
7	11102	点火	diǎn huǒ	v,vn
7	11102	订购	dìng gòu	v,vn
7	11107	急于	jí yú	v
7	11114	不算	bù suàn	v
7	11115	雪山	xuě shān	n
7	11117	毫不犹豫	háo bù yóu yù	l
7	11120	沸腾	fèi téng	v,vn
7	11120	满怀	mǎn huái	v
7	11121	君子	jūn zǐ	n
7	11123	势头	shì tóu	n
7	11124	拎	līn	v
7	11125	小心翼翼	xiǎo xīn yì yì	l
7	11129	风采	fēng cǎi	n
7	11136	插手	chā shǒu	v
7	11138	直奔	zhí bèn	v
7	11139	合伙	hé huǒ	v,vn
7	11148	前台	qián tái	n
7	11148	全心全意	quán xīn quán yì	l
7	11150	驾驭	jià yù	v,vn
7	11154	共鸣	gòng míng	vn,v
7	11156	绷	bēng / běng	v
7	11160	假冒	jiǎ mào	v,vn
7	11169	扳	bān / pān	v
7	11171	乞丐	qǐ gài	n
7	11173	高空	gāo kōng	s,n
7	11173	敬请	jìng qǐng	v
7	11175	放纵	fàng zòng	v,vn
7	11184	申报	shēn bào	v,vn
7	11187	冒充	mào chōng	v
7	11192	流失	liú shī	vn,v
7	11195	高雅	gāo yǎ	a,an
7	11195	来源于	lái yuán yú	v
7	11196	事态	shì tài	n
7	11197	驱动	qū dòng	vn,v
7	11199	恶性	è xìng	b
7	11201	担当	dān dāng	v
7	11202	差错	chā cuò	n
7	11202	罐头	guàn tou	n
7	11207	路面	lù miàn	n
7	11208	攒	cuán / zǎn	v
7	11213	美景	měi jǐng	n
7	11218	局限	jú xiàn	v,vn
7	11223	比不上	bǐ bù shàng	v
7	11225	救治	jiù zhì	v,vn
7	11228	方向盘	fāng xiàng pán	n
7	11235	板块	bǎn kuài	n
7	11240	接纳	jiē nà	v
7	11242	归属	guī shǔ	vn,v
7	11247	动感	dòng gǎn	n
7	11249	棘手	jí shǒu	a
7	11251	尖锐	jiān ruì	a,ad
7	11253	休克	xiū kè	vn,v
7	11259	宽松	kuān sōng	a
7	11259	削弱	xuē ruò	v
7	11261	虔诚	qián chéng	a,an
7	11262	宣读	xuān dú	v
7	11269	着眼	zhuó yǎn	v
7	11270	牢固	láo gù	a
7	11273	恨不得	hèn bu de	d
7	11273	亲热	qīn rè	a,an
7	11274	分量	fēn liàng / fèn liang	n
7	11279	兑换	duì huàn	v,vn
7	11284	遗留	yí liú	v,vn
7	11290	露天	lù tiān	n
7	11291	巨头	jù tóu	n
7	11299	赢家	yíng jiā	
7	11301	简洁	jiǎn jié	a
7	11304	大肆	dà sì	d
7	11305	急诊	jí zhěn	n
7	11308	青春期	qīng chūn qī	t
7	11310	亲友	qīn yǒu	n
7	11315	悬念	xuán niàn	n,v
7	11321	没意思	méi yì si	a
7	11321	水手	shuǐ shǒu	n
7	11327	微型	wēi xíng	b
7	11332	销	xiāo	v
7	11342	眨眼	zhǎ yǎn	v,vn
7	11345	掉头	diào tóu	v
7	11346	寂静	jì jìng	a,an
7	11348	职权	zhí quán	n
7	11350	伦理	lún lǐ	n
7	11352	反过来	fǎn guo lái	d
7	11358	身价	shēn jià	n
7	11358	畏惧	wèi jù	v
7	11363	面粉	miàn fěn	n
7	11363	振作	zhèn zuò	v
7	11365	莫非	mò fēi	d,v
7	11366	城墙	chéng qiáng	n
7	11376	快捷	kuài jié	z
7	11376	驯	xùn	v
7	11378	空地	kōng dì / kòng dì	n
7	11384	冲洗	chōng xǐ	v
7	11387	接替	jiē tì	v,vn
7	11392	下台	xià tái	v
7	11394	当着	dāng zhe	p
7	11394	压缩	yā suō	v,vn
7	11395	宫殿	gōng diàn	n
7	11396	遗嘱	yí zhǔ	n
7	11397	现行	xiàn xíng	b
7	11401	申领	shēn lǐng	
7	11433	不为人知	bù wéi rén zhī	v
7	11433	撇	piē / piě	v,q
7	11436	财物	cái wù	n
7	11436	仙女	xiān nǚ	n
7	11439	从容	cóng róng	a,ad,an
7	11441	艰巨	jiān jù	a
7	11442	电信	diàn xìn	n
7	11446	缺口	quē kǒu	n
7	11450	疲倦	pí juàn	a,an
7	11459	钱财	qián cái	n
7	11461	难关	nán guān	n
7	11461	有望	yǒu wàng	v
7	11462	限度	xiàn dù	n
7	11466	遥控	yáo kòng	vn,v
7	11475	姨	yí	n
7	11477	排放	pái fàng	vn,v
7	11477	顽固	wán gù	a,ad
7	11482	散布	sàn bù	v
7	11487	赶往	gǎn wǎng	v
7	11489	搓	cuō	v
7	11491	份额	fèn é	n
7	11493	愣	lèng	v,g
7	11501	滑冰	huá bīng	vn,v
7	11504	宝藏	bǎo zàng	n
7	11504	密集	mì jí	a,ad
7	11505	惭愧	cán kuì	a,an
7	11513	构思	gòu sī	v,vn
7	11514	海绵	hǎi mián	n
7	11519	增添	zēng tiān	v
7	11523	灭亡	miè wáng	v
7	11532	弥漫	mí màn	v
7	11536	配件	pèi jiàn	n
7	11538	尊贵	zūn guì	a
7	11539	秤	chēng / chèng	n,q
7	11542	木板	mù bǎn	n
7	11543	辩解	biàn jiě	v,vn
7	11543	缸	gāng	n,q
7	11543	如意	rú yì	a,n
7	11551	字幕	zì mù	n
7	11555	摔跤	shuāi jiāo	vn,v
7	11557	退回	tuì huí	v
7	11558	紧迫	jǐn pò	a
7	11559	促成	cù chéng	v
7	11559	领队	lǐng duì	n
7	11561	贯穿	guàn chuān	v
7	11562	大家庭	dà jiā tíng	n
7	11565	一无所有	yī wú suǒ yǒu	v
7	11568	规格	guī gé	n
7	11570	高血压	gāo xuè yā	n
7	11575	走近	zǒu jìn	v
7	11582	宣扬	xuān yáng	v
7	11586	牵扯	qiān chě	v
7	11588	显示器	xiǎn shì qì	n
7	11589	斗志	dòu zhì	n
7	11597	喝彩	hè cǎi	v,vn
7	11597	致使	zhì shǐ	v
7	11599	凭着	píng zhe	p
7	11601	前者	qián zhě	r
7	11610	序	xù	n,g
7	11612	埋伏	mái fú	v,vn
7	11617	引诱	yǐn yòu	v,vn
7	11622	格式	gé shì	n
7	11622	间隔	jiàn gé	n,v
7	11625	呛	qiāng / qiàng	v
7	11628	不经意	bù jīng yì	a,ad
7	11631	调度	diào dù	vn,v,n
7	11632	看台	kàn tái	n
7	11633	燃油	rán yóu	n
7	11636	审视	shěn shì	v,vn
7	11646	半数	bàn shù	m
7	11646	表彰	biǎo zhāng	v,vn
7	11648	过瘾	guò yǐn	a,v
7	11648	前夕	qián xī	f
7	11650	入境	rù jìng	v,vn
7	11652	赎	shú	v
7	11652	养活	yǎng huo	v
7	11656	抗争	kàng zhēng	v,vn
7	11657	得益于	dé yì yú	
7	11661	照明	zhào míng	n,v
7	11668	地质	dì zhì	n
7	11680	相差	xiāng chà	v
7	11688	电网	diàn wǎng	n
7	11688	师范	shī fàn	
7	11688	友善	yǒu shàn	a,nr,an
7	11691	出走	chū zǒu	v,vn
7	11691	浮现	fú xiàn	v
7	11692	兴奋剂	xīng fèn jì	n
7	11694	站立	zhàn lì	v
7	11695	惊慌	jīng huāng	a,an,ad
7	11708	账单	zhàng dān	n
7	11710	肥料	féi liào	n
7	11711	执照	zhí zhào	n
7	11712	短缺	duǎn quē	v,vn
7	11719	菊花	jú huā	n
7	11719	滋润	zī rùn	v,a,an,vn
7	11723	书写	shū xiě	v
7	11727	寄托	jì tuō	v,vn
7	11730	手术室	shǒu shù shì	n
7	11732	趁着	chènzhe	p
7	11732	歉意	qiàn yì	n
7	11742	灯泡	dēng pào	n
7	11743	捂	wǔ	v
7	11746	可观	kě guān	a
7	11749	脱落	tuō luò	v,vn
7	11750	拿手	ná shǒu	a
7	11751	核桃	hé tao	n
7	11751	收敛	shōu liǎn	v,vn
7	11757	点评	diǎn píng	v,vn
7	11761	募捐	mù juān	vn,v
7	11766	傲慢	ào màn	a,an
7	11767	开阔	kāi kuò	v,a
7	11767	脉搏	mài bó	n
7	11770	文献	wén xiàn	n
7	11771	掰	bāi	v
7	11773	夸奖	kuā jiǎng	vn,v
7	11774	选项	xuǎn xiàng	n,v
7	11777	阻力	zǔ lì	n
7	11781	全方位	quán fāng wèi	n
7	11785	车轮	chē lún	n
7	11799	缘分	yuán fèn	n
7	11802	搏斗	bó dòu	v
7	11803	腐烂	fǔ làn	v,vn
7	11803	足迹	zú jì	n
7	11806	照料	zhào liào	v,vn
7	11813	怨恨	yuàn hèn	v,vn
7	11814	粪便	fèn biàn	n
7	11816	飞跃	fēi yuè	vn,v
7	11816	合唱	hé chàng	vn,v
7	11816	冷酷	lěng kù	a,an
7	11820	开拓	kāi tuò	v
7	11822	讲解	jiǎng jiě	v,vn
7	11824	风筝	fēng zhēng	n
7	11832	容量	róng liàng	n
7	11833	怀旧	huái jiù	vn,v
7	11834	神仙	shén xiān	n
7	11835	一连串	yī lián chuàn	l,n
7	11836	葬	zàng	g
7	11837	逃亡	táo wáng	v
7	11841	抽签	chōu qiān	v,vn
7	11845	编写	biān xiě	v
7	11845	无须	wú xū	d
7	11850	抛开	pāo kāi	v
7	11857	柔和	róu hé	a,an
7	11860	昆虫	kūn chóng	n
7	11860	迫害	pò hài	vn,v
7	11862	退缩	tuì suō	v
7	11864	谅解	liàng jiě	vn,v
7	11865	补给	bǔ jǐ	vn
7	11865	颠倒	diān dǎo	v,vn
7	11871	认错	rèn cuò	v
7	11872	夜班	yè bān	n
7	11878	辛勤	xīn qín	a,ad
7	11883	传授	chuán shòu	v,vn
7	11887	粗暴	cū bào	a,ad
7	11888	天线	tiān xiàn	n
7	11898	风流	fēng liú	a,an
7	11898	皇室	huáng shì	n
7	11906	海峡	hǎi xiá	n
7	11908	主宰	zhǔ zǎi	v,vn
7	11909	光顾	guāng gù	v
7	11910	成天	chéng tiān	d
7	11913	疑虑	yí lǜ	n,v
7	11914	情不自禁	qíng bù zì jīn	l
7	11918	苏醒	sū xǐng	v,vn
7	11919	解雇	jiě gù	v,vn
7	11919	隐患	yǐn huàn	n
7	11923	郑重	zhèng zhòng	ad,a
7	11925	建筑师	jiàn zhù shī	n
7	11926	坦率	tǎn shuài	a,ad
7	11928	烈士	liè shì	n
7	11933	笼子	lóng zi	n
7	11935	逃生	táo shēng	v
7	11936	阐述	chǎn shù	v,vn
7	11945	均匀	jūn yún	a,ad
7	11945	轮廓	lún kuò	n
7	11945	喜好	xǐ hào	vn,v,an
7	11950	起源	qǐ yuán	n,v
7	11951	夜总会	yè zǒng huì	n
7	11954	蒜	suàn	n
7	11962	门槛	mén kǎn	n
7	11966	晚期	wǎn qī	t
7	11968	妥善	tuǒ shàn	ad,a
7	11973	痴呆	chī dāi	z
7	11975	一无所知	yī wú suǒ zhī	v
7	11980	试探	shì tàn	v,vn
7	11982	壮大	zhuàng dà	v,vn
7	11988	骚乱	sāo luàn	vn,v
7	11991	收据	shōu jù	n
7	11996	底层	dǐ céng	n
7	12001	自以为是	zì yǐ wéi shì	v
7	12004	颁布	bān bù	v,vn
7	12005	钩子	gōu zi	n
7	12011	饲养	sì yǎng	v,vn
7	12015	诚恳	chéng kěn	a,ad,an
7	12020	假定	jiǎ dìng	v,n
7	12022	女婿	nǚ xu	n
7	12030	匿名	nì míng	vn,v
7	12032	凝聚	níng jù	v,vn
7	12036	兴起	xīng qǐ	v,vn
7	12036	转机	zhuǎn jī	n
7	12046	宽敞	kuān chang	a
7	12053	恩怨	ēn yuàn	n
7	12055	专程	zhuān chéng	d
7	12056	分红	fēn hóng	v,n,vn
7	12056	冷笑	lěng xiào	v
7	12060	预示	yù shì	v
7	12069	奔波	bēn bō	v
7	12070	偏僻	piān pì	a
7	12071	多亏	duō kuī	v
7	12073	真空	zhēn kōng	n
7	12076	亲身	qīn shēn	d,b
7	12077	小提琴	xiǎo tí qín	n
7	12078	原型	yuán xíng	n
7	12081	核对	hé duì	v,vn
7	12094	坟	fén	n
7	12096	领悟	lǐng wù	v,vn
7	12096	前不久	qián bù jiǔ	t
7	12099	安抚	ān fǔ	v,vn
7	12112	废除	fèi chú	v,vn
7	12112	四季	sì jì	n
7	12116	扣除	kòu chú	v,vn
7	12118	素材	sù cái	n
7	12124	催眠	cuī mián	v
7	12125	伺候	cì hou	v
7	12126	丢弃	diū qì	v
7	12127	出人意料	chū rén yì liào	v
7	12130	掏钱	tāo qián	v
7	12144	鼻涕	bí tì	n
7	12145	融洽	róng qià	a,v,ad,an
7	12146	搭乘	dā chéng	v
7	12148	切割	qiē gē	v,vn
7	12154	潜能	qián néng	n
7	12160	海域	hǎi yù	n
7	12160	徒步	tú bù	d,v
7	12167	纪录片	jì lù piàn	n
7	12168	汗水	hàn shuǐ	n
7	12169	邮政	yóu zhèng	n
7	12172	天桥	Tiān qiáo / tiān qiáo	n,ns
7	12173	姥姥	lǎo lao	n
7	12173	迁	qiān	v
7	12182	拼搏	pīn bó	v,vn
7	12191	离职	lí zhí	v
7	12191	输送	shū sòng	v,vn
7	12191	完好	wán hǎo	a
7	12192	功效	gōng xiào	n
7	12192	任期	rèn qī	n
7	12193	围墙	wéi qiáng	n
7	12195	好歹	hǎo dǎi	d,n
7	12197	凸	tū	g
7	12200	航海	háng hǎi	vn,v
7	12203	美满	měi mǎn	a,an
7	12206	绽放	zhàn fàng	v,vn
7	12208	口头	kǒu tóu	n,d
7	12211	转型	zhuǎn xíng	v,vn
7	12213	暴躁	bào zào	a
7	12214	协同	xié tóng	v,vn
7	12223	痴迷	chī mí	v,vn
7	12224	紧接着	jǐn jiē zhe	c
7	12228	初衷	chū zhōng	n
7	12230	丝绸	sī chóu	n
7	12235	配偶	pèi ǒu	n
7	12236	中立	zhōng lì	v,vn
7	12237	好奇心	hào qí xīn	n
7	12237	灭绝	miè jué	v,vn
7	12237	延误	yán wu	v,vn
7	12240	截然不同	jié rán bù tóng	v
7	12245	就读	jiù dú	v
7	12245	入场	rù chǎng	v,vn
7	12247	容纳	róng nà	v
7	12248	无条件	wú tiáo jiàn	d,b
7	12249	言行	yán xíng	n
7	12250	老远	lǎo yuǎn	d
7	12257	开动	kāi dòng	v
7	12258	揽	lǎn	v
7	12260	体能	tǐ néng	n
7	12261	饭碗	fàn wǎn	n
7	12261	爪子	zhuǎ zi	n
7	12264	公然	gōng rán	d
7	12267	洗礼	xǐ lǐ	n,vn,v
7	12272	一回事	yī huí shì	
7	12276	勇于	yǒng yú	v
7	12278	扣押	kòu yā	v,vn
7	12279	富豪	fù háo	n,nz
7	12288	反思	fǎn sī	v,vn
7	12289	胀	zhàng	a
7	12297	要害	yào hài	n
7	12299	坚实	jiān shí	a
7	12299	醒目	xǐng mù	a
7	12300	组装	zǔ zhuāng	v,vn
7	12301	向来	xiàng lái	d
7	12302	投机	tóu jī	vn,v,a
7	12313	打通	dǎ tōng	v
7	12318	黄昏	huáng hūn	t
7	12321	流量	liú liàng	n
7	12322	戒烟	jiè yān	v,vn
7	12326	交付	jiāo fù	v,vn
7	12326	有所不同	yǒu suǒ bù tóng	v
7	12326	展望	zhǎn wàng	v,vn
7	12330	情结	qíng jié	n
7	12332	知名度	zhī míng dù	n
7	12333	仪表	yí biǎo	n
7	12335	庄严	zhuāng yán	a,ad
7	12339	蹬	dēng	v
7	12340	集结	jí jié	v,vn
7	12344	主人公	zhǔ rén gōng	n
7	12345	冷淡	lěng dàn	a,v
7	12345	图表	tú biǎo	n
7	12347	吉祥物	jí xiáng wù	n
7	12348	草案	cǎo àn	n
7	12354	取暖	qǔ nuǎn	v,vn
7	12355	过关	guò guān	v,vn
7	12356	所作所为	suǒ zuò suǒ wéi	l
7	12362	珍藏	zhēn cáng	v,n
7	12366	抵御	dǐ yù	v
7	12367	失利	shī lì	v,vn
7	12368	安稳	ān wěn	a,ad
7	12368	流露	liú lù	v,vn
7	12368	扑克	pū kè	n
7	12369	别看	bié kàn	
7	12372	冤枉	yuān wang	v,a
7	12373	信贷	xìn dài	n
7	12377	生机	shēng jī	n
7	12382	追溯	zhuī sù	v
7	12385	体谅	tǐ liàng	v
7	12386	自卫	zì wèi	v,vn
7	12389	自责	zì zé	v,vn
7	12392	风雨	fēng yǔ	n
7	12403	尾声	wěi shēng	n
7	12404	瓷器	cí qì	n
7	12406	一举	yī jǔ	d
7	12408	聋	lóng	v
7	12415	脸颊	liǎn jiá	n
7	12419	惊醒	jīng xǐng	v
7	12424	破灭	pò miè	v
7	12426	藏身	cáng shēn	v,vn
7	12430	高山	gāo shān	n
7	12437	缓和	huǎn hé	v,a,vn
7	12438	戒备	jiè bèi	v,vn
7	12443	芽	yá	n
7	12447	报销	bào xiāo	v,vn
7	12451	日后	rì hòu	t
7	12452	严禁	yán jìn	v
7	12458	皇宫	huáng gōng	n
7	12463	绣	xiù	v
7	12466	正宗	zhèng zōng	b
7	12467	结晶	jié jīng	n
7	12476	嘉年华	jiā nián huá	n
7	12483	范畴	fàn chóu	n
7	12483	想方设法	xiǎng fāng shè fǎ	l
7	12486	索赔	suǒ péi	v,vn
7	12486	自负	zì fù	v,a
7	12487	逼近	bī jìn	v
7	12488	违章	wéi zhāng	v,vn
7	12490	牢记	láo jì	v
7	12496	劳动力	láo dòng lì	n
7	12498	特制	tè zhì	b,v
7	12501	车位	chē wèi	n
7	12501	分担	fēn dān	v
7	12504	计时	jì shí	v,vn
7	12504	手艺	shǒu yì	n
7	12504	追问	zhuī wèn	v
7	12505	双向	shuāng xiàng	b,d
7	12509	危及	wēi jí	v
7	12514	剃	tì	v
7	12522	芭蕾	bā lěi	n
7	12522	阴暗	yīn àn	a,v
7	12523	不予	bùyǔ	v
7	12525	堡垒	bǎo lěi	n
7	12528	僵	jiāng	a,ad
7	12532	领会	lǐng huì	v
7	12532	敲诈	qiāo zhà	v,vn
7	12534	举措	jǔ cuò	n
7	12541	美德	Měi Dé / měi dé	n
7	12547	欢快	huān kuài	a
7	12549	游览	yóu lǎn	v,vn
7	12553	参照	cān zhào	v,vn
7	12555	蜜月	mì yuè	n
7	12557	摇摆	yáo bǎi	v,vn
7	12558	优越	yōu yuè	a,an
7	12563	下一代	xià yī dài	n
7	12568	抽象	chōu xiàng	a,an
7	12573	开朗	kāi lǎng	a
7	12577	悠久	yōu jiǔ	a
7	12583	受害	shòu hài	v,vn
7	12584	危急	wēi jí	a
7	12593	着迷	zháo mí	v
7	12604	复原	fù yuán	v,vn
7	12608	随即	suí jí	d
7	12610	字眼	zì yǎn	n
7	12618	通缉	tōng jī	v,vn
7	12620	文凭	wén píng	n
7	12622	小路	xiǎo lù	n
7	12623	捎	shāo	v
7	12628	无非	wú fēi	d
7	12628	总额	zǒng é	n
7	12631	提拔	tí bá	v
7	12640	趁机	chèn jī	d
7	12642	劝说	quàn shuō	v,vn
7	12643	随心所欲	suí xīn suǒ yù	v
7	12648	绰号	chuò hào	n
7	12656	哑	yā / yǎ	v
7	12662	图纸	tú zhǐ	n
7	12662	矣	yǐ	y
7	12666	病床	bìng chuáng	n
7	12670	观望	guān wàng	v,vn
7	12672	告诫	gào jiè	v,vn
7	12672	妖怪	yāo guài	n
7	12690	历经	lì jīng	v
7	12694	译	yì	v
7	12695	商讨	shāng tǎo	v
7	12697	凶残	xiōng cán	a
7	12699	口香糖	kǒu xiāng táng	n
7	12700	绞	jiǎo	v
7	12703	沉思	chén sī	v,vn
7	12703	受贿	shòu huì	v,vn
7	12710	内存	nèi cún	n
7	12716	参军	cān jūn	v
7	12716	热潮	rè cháo	n
7	12729	科幻	kē huàn	b,n
7	12730	质问	zhì wèn	v,vn
7	12733	掠夺	lu:è duó	v,vn
7	12734	剥削	bō xuē	v,vn
7	12737	厂家	chǎng jiā	n
7	12743	编造	biān zào	v
7	12753	坦然	tǎn rán	ad,a
7	12754	间断	jiàn duàn	v
7	12755	细腻	xì nì	a,an
7	12757	跟不上	gēn bu shàng	v
7	12761	话筒	huà tǒng	n
7	12765	控告	kòng gào	v,vn
7	12768	加深	jiā shēn	v,vn
7	12778	晋升	jìn shēng	v,vn
7	12778	蜡	là	n
7	12781	典范	diǎn fàn	n
7	12784	隐身	yǐn shēn	v
7	12794	台球	tái qiú	n
7	12798	互助	Hù zhù / hù zhù	vn,v
7	12802	溶解	róng jiě	v
7	12808	划算	huá suàn	a
7	12817	矫正	jiǎo zhèng	v
7	12839	疏忽	shū hu	vn,v
7	12841	执着	zhí zhuó	a,an,ad
7	12843	半岛	bàn dǎo	n
7	12845	脑筋	nǎo jīn	n
7	12859	衰退	shuāi tuì	v,vn
7	12861	结识	jié shí	v
7	12865	缺失	quē shī	n
7	12869	号称	hào chēng	v
7	12869	讨价还价	tǎo jià huán jià	v
7	12874	流淌	liú tǎng	v,vn
7	12877	雕刻	diāo kè	n,v,vn
7	12887	奏效	zòu xiào	v
7	12890	主权	zhǔ quán	n
7	12896	干部	gàn bù	n
7	12896	脱身	tuō shēn	v
7	12898	趣味	qù wèi	n
7	12905	归宿	guī sù	n
7	12912	凳子	dèng zi	n
7	12915	枯燥	kū zào	a,ad
7	12915	马力	mǎ lì	n,q,nr
7	12915	争端	zhēng duān	n
7	12917	人道	rén dào	n
7	12931	明朗	míng lǎng	a
7	12937	不屑	bù xiè	v
7	12939	叛逆	pàn nì	n,vn
7	12941	辨别	biàn bié	v,vn
7	12941	一眼	yī yǎn	d
7	12942	方言	Fāng yán / fāng yán	n
7	12942	铭记	míng jì	v
7	12946	应聘	yìng pìn	v,vn
7	12948	责备	zé bèi	v,vn
7	12950	奢望	shē wàng	v,vn
7	12950	严谨	yán jǐn	a,ad
7	12952	丰盛	fēng shèng	a
7	12953	申办	shēn bàn	
7	12957	庄园	zhuāng yuán	n
7	12959	茅台	Máo tái	
7	12963	冲刺	chōng cì	v,vn
7	12964	刻苦	kè kǔ	a,ad
7	12965	后勤	hòu qín	n
7	12966	往日	wǎng rì	t
7	12970	老化	lǎo huà	v,vn
7	12971	议程	yì chéng	n
7	12972	晒太阳	shài tài yáng	v
7	12979	敬佩	jìng pèi	v,vn
7	12980	宽恕	kuān shù	v,vn
7	12985	热衷	rè zhōng	v
7	12989	知己	zhī jǐ	n
7	12996	捣乱	dǎo luàn	v
7	12996	改名	gǎi míng	v
7	12998	公共场所	gōng gòng chǎng suǒ	n
7	13001	堪称	kān chēng	v
7	13005	过早	guò zǎo	d
7	13006	着实	zhuó shí	d
7	13011	淹	yān	v
7	13012	优异	yōu yì	a
7	13013	媳妇	xí fù	n
7	13015	腹泻	fù xiè	v,vn
7	13022	超速	chāo sù	v,vn
7	13022	劣势	liè shì	n
7	13025	胶囊	jiāo náng	n
7	13026	逼迫	bī pò	v,vn
7	13029	喂养	wèi yǎng	v,vn
7	13031	溢	yì	v
7	13041	运河	yùn hé	n
7	13044	不得已	bù dé yǐ	a,v
7	13045	框架	kuàng jià	n
7	13050	巅峰	diān fēng	n
7	13050	断定	duàn dìng	v
7	13050	复兴	Fù xīng / fù xīng	vn,v
7	13057	风趣	fēng qù	a,an
7	13065	曲折	qū zhé	a,an
7	13072	搁	gē / gé	v
7	13073	离奇	lí qí	a,an
7	13076	复查	fù chá	v,vn
7	13076	王牌	wáng pái	n,nz
7	13083	变质	biàn zhì	v,vn
7	13094	施行	shī xíng	v
7	13096	停车位	tíng chē wèi	n
7	13098	贵重	guì zhòng	a
7	13105	管子	Guǎn zǐ / guǎn zi	n,nr
7	13106	混淆	hùn xiáo	v,vn
7	13107	盛会	shèng huì	n
7	13109	投稿	tóu gǎo	v,vn
7	13115	动听	dòng tīng	a
7	13115	惊险	jīng xiǎn	a,an
7	13117	急剧	jí jù	d,b
7	13117	迎合	yíng hé	v
7	13120	厌烦	yàn fán	v
7	13121	交涉	jiāo shè	v,vn
7	13122	均衡	jūn héng	a,an,ad
7	13123	教科书	jiào kē shū	n
7	13124	本意	běn yì	n
7	13129	思索	sī suǒ	v,vn
7	13139	二氧化碳	èr yǎng huà tàn	n
7	13143	夸大	kuā dà	v
7	13145	改良	gǎi liáng	v,vn
7	13146	渔船	yú chuán	n
7	13164	盟友	méng yǒu	n
7	13172	正视	zhèng shì	v
7	13174	投身	tóu shēn	v
7	13187	重任	zhòng rèn	n
7	13189	挤压	jǐ yā	v,vn
7	13190	施加	shī jiā	v
7	13194	得手	dé shǒu	v
7	13195	镶	xiāng	v
7	13196	私自	sī zì	d
7	13197	兼顾	jiān gù	v
7	13197	水域	shuǐ yù	n
7	13200	配音	pèi yīn	v,vn
7	13202	高低	gāo dī	n
7	13202	宏伟	hóng wěi	a
7	13203	自然而然	zì rán ér rán	l
7	13207	过剩	guò shèng	v,vn
7	13207	精髓	jīng suǐ	n
7	13209	改动	gǎi dòng	v,vn
7	13212	惦记	diàn jì	v
7	13216	岛屿	dǎo yǔ	n
7	13225	敏捷	mǐn jié	a,an,ad
7	13229	禁忌	jìn jì	n
7	13234	流入	liú rù	v,vn
7	13235	新奇	xīn qí	a
7	13236	小气	xiǎo qì	a
7	13246	越发	yuè fā	d
7	13257	进而	jìn ér	c
7	13259	炭	tàn	n
7	13261	简化	jiǎn huà	v
7	13266	针灸	zhēn jiǔ	n
7	13267	懒惰	lǎn duò	a
7	13271	回首	huí shǒu	v
7	13271	可口	kě kǒu	a
7	13274	酗酒	xù jiǔ	v,vn
7	13279	错觉	cuò jué	n
7	13282	陶醉	táo zuì	v
7	13284	进出口	jìn chū kǒu	vn
7	13291	未免	wèi miǎn	d
7	13296	池塘	chí táng	n
7	13296	名言	míng yán	n
7	13298	审批	shěn pī	vn,v
7	13303	示意	shì yì	v
7	13307	海面	hǎi miàn	n
7	13309	定居	dìng jū	v,vn
7	13311	加紧	jiā jǐn	v
7	13313	蓝图	lán tú	n
7	13316	斑点	bān diǎn	n
7	13328	病症	bìng zhèng	n
7	13328	首府	shǒu fǔ	n
7	13329	帆船	fān chuán	n
7	13331	无缘	wú yuán	v
7	13332	抑郁症	yì yù zhèng	n
7	13340	防火墙	fáng huǒ qiáng	n
7	13343	补救	bǔ jiù	v,vn
7	13348	奖牌	jiǎng pái	n
7	13352	海啸	hǎi xiào	n
7	13353	定论	dìng lùn	n
7	13354	开辟	kāi pì	v
7	13354	零钱	líng qián	n
7	13355	外号	wài hào	n
7	13356	狂欢节	kuáng huān jié	n
7	13357	接见	jiē jiàn	v,vn
7	13361	筹划	chóu huà	v,vn
7	13361	津贴	jīn tiē	n
7	13361	胚胎	pēi tāi	n
7	13362	疗效	liáo xiào	n
7	13373	声望	shēng wàng	n
7	13374	问卷	wèn juàn	n
7	13381	呵护	hē hù	v,vn
7	13391	守候	shǒu hòu	v
7	13392	深切	shēn qiè	a,ad
7	13393	路子	lù zi	n
7	13398	打量	dǎ liang	v
7	13398	反常	fǎn cháng	a
7	13398	敬业	jìng yè	v,vn
7	13400	视察	shì chá	v,vn
7	13412	刷新	shuā xīn	v
7	13426	泛滥	fàn làn	v,vn
7	13427	磁带	cí dài	n
7	13433	大意	dà yì / dà yi	n,a
7	13433	麻将	má jiàng	n
7	13437	毁坏	huǐ huài	v,vn
7	13440	会晤	huì wù	vn,v
7	13442	动向	dòng xiàng	n
7	13443	焦急	jiāo jí	a,ad
7	13447	顺其自然	shùn qí zì rán	
7	13447	体面	tǐ miàn	a,ad,an
7	13454	随时随地	suí shí suí dì	l
7	13455	自尊心	zì zūn xīn	n
7	13457	噪声	zào shēng	n
7	13460	下岗	xià gǎng	v,vn
7	13470	扩	kuò	g
7	13471	暑期	shǔ qī	t
7	13472	牧场	mù chǎng	n
7	13472	嚷	rǎng	v
7	13476	凝固	níng gù	v,vn
7	13479	磨损	mó sǔn	v,vn
7	13480	意向	yì xiàng	n
7	13484	源泉	yuán quán	n
7	13485	顺手	shùn shǒu	d,a
7	13488	余额	yú é	n
7	13499	胶片	jiāo piàn	n
7	13506	细微	xì wēi	a
7	13517	显眼	xiǎn yǎn	a
7	13519	简易	jiǎn yì	a,nr
7	13520	欣喜	xīn xǐ	a,an
7	13521	吓唬	xià hu	v
7	13525	海拔	hǎi bá	n
7	13526	温室	wēn shì	n
7	13539	检察	jiǎn chá	b,n
7	13556	宠爱	chǒng ài	v
7	13559	摇晃	yáo huàng	v
7	13560	失明	shī míng	v,vn
7	13569	栏杆	lán gān	n
7	13570	兴致	xìng zhì	n
7	13573	累积	lěi jī	v,vn
7	13574	静止	jìng zhǐ	v,vn
7	13576	拴	shuān	v
7	13579	拱	gǒng	v,g
7	13580	往返	wǎng fǎn	v,vn
7	13583	荧光	yíng guāng	n
7	13587	观测	guān cè	vn,v
7	13608	妒忌	dù jì	v
7	13609	到头来	dào tóu lái	d
7	13610	缕	lǚ	q
7	13615	输液	shū yè	v,vn
7	13615	自卑	zì bēi	a
7	13616	说到底	shuō dào dǐ	l
7	13622	发电机	fā diàn jī	n
7	13625	夏令营	xià lìng yíng	n
7	13626	圈套	quān tào	n
7	13626	仲裁	zhòng cái	vn
7	13633	触犯	chù fàn	v
7	13635	干旱	gān hàn	an,a
7	13635	深远	shēn yuǎn	a
7	13636	茫然	máng rán	a,an,ad
7	13643	身躯	shēn qū	n
7	13645	连锁店	lián suǒ diàn	n
7	13649	留恋	liú liàn	v,vn
7	13650	一举一动	yī jǔ yī dòng	l
7	13654	竭力	jié lì	d
7	13657	主妇	zhǔ fù	n
7	13665	阻挠	zǔ náo	v,vn
7	13667	迄今	qì jīn	d
7	13672	按键	àn jiàn	n
7	13674	关头	guān tóu	n
7	13684	伴奏	bàn zòu	v,vn
7	13684	失灵	shī líng	v
7	13694	木偶	mù ǒu	n
7	13698	诉说	sù shuō	v,vn
7	13701	折叠	zhé dié	v,vn
7	13702	重型	zhòng xíng	b
7	13705	秘方	mì fāng	n
7	13706	帝国主义	dì guó zhǔ yì	n
7	13706	轻而易举	qīng ér yì jǔ	l
7	13708	地段	dì duàn	n
7	13710	吹牛	chuī niú	v
7	13713	掀	xiān	v
7	13723	脾	pí	n
7	13733	顾及	gù jí	v
7	13735	逼真	bī zhēn	a
7	13741	无偿	wú cháng	d,b
7	13745	世界级	shì jiè jí	b
7	13746	当日	dāng rì / dàng rì	t
7	13750	遵照	zūn zhào	v,p
7	13753	花瓣	huā bàn	n
7	13754	年夜饭	nián yè fàn	
7	13762	性情	xìng qíng	n
7	13765	豆子	dòu zi	n
7	13774	腺	xiàn	n
7	13779	羞愧	xiū kuì	v,vn
7	13781	聘用	pìn yòng	v,vn
7	13789	小看	xiǎo kàn	v
7	13790	坚硬	jiān yìng	a
7	13800	负有	fù yǒu	v
7	13810	莫过于	mò guò yú	v
7	13815	当众	dāng zhòng	d
7	13819	好意	hǎo yì	n
7	13822	技艺	jì yì	n
7	13825	光泽	Guāng zé / guāng zé	n
7	13826	演练	yǎn liàn	v,vn
7	13829	专卖店	zhuān mài diàn	n
7	13836	停顿	tíng dùn	v,vn
7	13843	呐喊	nà hǎn	v,vn
7	13859	相继	xiāng jì	d
7	13862	发扬	fā yáng	v
7	13862	纵容	zòng róng	v
7	13863	分化	fēn huà	v,vn
7	13870	拖累	tuō lěi	v,vn
7	13870	饮水	yǐn shuǐ	n,v
7	13871	算计	suàn ji	v,vn
7	13875	果真	guǒ zhēn	d,c
7	13875	鞠躬	jū gōng	v,nr,vn
7	13877	孕育	yùn yù	v,vn
7	13880	退学	tuì xué	v
7	13882	悠闲	yōu xián	a,ad
7	13892	专职	zhuān zhí	b
7	13900	闸	zhá	n
7	13902	知足	zhī zú	a
7	13908	前沿	qián yán	s
7	13912	对称	duì chèn	a,ad
7	13912	客机	kè jī	n
7	13914	适时	shì shí	a,ad
7	13921	凶猛	xiōng měng	a,an
7	13922	这会儿	zhè huì r	r
7	13923	留心	liú xīn	v
7	13927	低谷	dī gǔ	n
7	13933	外貌	wài mào	n
7	13941	如实	rú shí	d,v
7	13943	顿时	dùn shí	d
7	13962	向着	xiàng zhe	p
7	13966	风范	fēng fàn	n
7	13971	弟子	dì zǐ	n
7	13972	喷泉	pēn quán	n
7	13977	贯彻	guàn chè	v
7	13978	谋生	móu shēng	v,vn
7	13980	灵敏	líng mǐn	a,an
7	13990	落下	luò xià	v
7	13990	名副其实	míng fù qí shí	v
7	13998	比起	bǐ qǐ	v
7	14010	科目	kē mù	n
7	14010	妥当	tuǒ dang	a
7	14013	裸露	luǒ lù	v,vn
7	14016	公约	gōng yuē	n
7	14021	悬挂	xuán guà	v
7	14024	拖欠	tuō qiàn	v
7	14028	自发	zì fā	d,b
7	14033	高超	gāo chāo	a
7	14034	垫底	diàn dǐ	v,vn
7	14040	滚动	gǔn dòng	v,vn
7	14041	民用	mín yòng	b
7	14052	惨重	cǎn zhòng	a
7	14055	献血	xiàn xuè	v,vn
7	14056	扣留	kòu liú	v,vn
7	14057	超标	chāo biāo	v
7	14058	反面	fǎn miàn	n,b
7	14058	免除	miǎn chú	v
7	14059	调料	tiáo liào	n
7	14059	掌管	zhǎng guǎn	v
7	14061	构想	gòu xiǎng	vn,v,n
7	14062	下游	xià yóu	f,n,s
7	14072	忌	jì	v
7	14081	逝世	shì shì	v
7	14083	寡妇	guǎ fu	n
7	14088	沉着	chén zhuó	a,ad,an
7	14094	摸索	mō suo	v,vn
7	14106	收买	shōu mǎi	v,vn
7	14109	款项	kuǎn xiàng	n
7	14111	能耐	néng nài	n
7	14122	通通	tōng tōng	d,v
7	14123	风波	fēng bō	n
7	14127	迈进	mài jìn	v
7	14129	来历	lái lì	n
7	14134	仁慈	rén cí	a
7	14135	寻觅	xún mì	v
7	14136	没完没了	méi wán méi liǎo	v
7	14138	废品	fèi pǐn	n
7	14141	焊	hàn	v
7	14141	呼声	hū shēng	n
7	14143	出游	chū yóu	v,vn
7	14155	亲情	qīn qíng	n
7	14159	杂交	zá jiāo	vn
7	14160	开销	kāi xiāo	n,v
7	14161	一不小心	yī bù xiǎo xīn	l
7	14163	招数	zhāo shù	n
7	14168	沉闷	chén mèn	a,an
7	14169	玩意儿	wán yì r	
7	14170	微不足道	wēi bù zú dào	v
7	14182	钦佩	qīn pèi	v,vn
7	14183	收支	shōu zhī	n
7	14186	反倒	fǎn dào	d
7	14186	公益性	gōngyì xìng	
7	14194	书记	shū ji	n
7	14195	拨款	bō kuǎn	v,vn
7	14195	渗	shèn	v
7	14201	灌输	guàn shū	v,vn
7	14207	蘸	zhàn	v
7	14208	突破口	tū pò kǒu	n
7	14222	敬礼	jìng lǐ	v,vn
7	14224	劣质	liè zhì	b
7	14227	透气	tòu qì	v
7	14235	住址	zhù zhǐ	n
7	14236	加剧	jiā jù	v,vn
7	14240	适度	shì dù	a,ad
7	14245	长辈	zhǎng bèi	n
7	14246	容许	róng xǔ	v
7	14247	不由自主	bù yóu zì zhǔ	l
7	14248	鲜活	xiān huó	a
7	14265	得力	dé lì	a
7	14273	诽谤	fěi bàng	v,vn
7	14275	先例	xiān lì	n
7	14278	直达	zhí dá	v,vn
7	14282	招待会	zhāo dài huì	n
7	14286	譬如	pì rú	v
7	14289	吃亏	chī kuī	a,v
7	14292	论证	lùn zhèng	v,vn
7	14296	心胸	xīn xiōng	n
7	14301	输血	shū xuè	v,vn
7	14306	悼念	dào niàn	v,vn
7	14307	焚烧	fén shāo	v
7	14308	察看	chá kàn	v
7	14312	纽带	niǔ dài	n
7	14314	竭尽全力	jié jìn quán lì	v
7	14319	慢慢来	màn màn lái	v
7	14321	摆设	bǎi shè / bǎi she	n,v
7	14321	减压	jiǎn yā	v
7	14321	香料	xiāng liào	n
7	14324	得体	dé tǐ	a
7	14325	对峙	duì zhì	v,vn
7	14328	苗条	miáo tiao	a
7	14329	自立	zì lì	v,vn
7	14334	美化	měi huà	v,vn
7	14335	换成	huàn chéng	v
7	14364	煲	bāo	v
7	14374	偷懒	tōu lǎn	v
7	14377	出资	chū zī	v
7	14386	厚道	hòu dao	a
7	14387	横向	héng xiàng	n
7	14394	挽	wǎn	v
7	14398	就职	jiù zhí	v,vn
7	14400	好在	hǎo zài	d
7	14409	专长	zhuān cháng	n
7	14411	高傲	gāo ào	a
7	14431	孵化	fū huà	v,vn
7	14432	包扎	bāo zā	v,vn
7	14433	冲浪	chōng làng	v
7	14435	肩负	jiān fù	v
7	14439	陈旧	chén jiù	a
7	14440	纪念碑	jì niàn bēi	n
7	14441	直视	zhí shì	v,vn
7	14442	收留	shōu liú	v
7	14446	偷看	tōu kàn	v
7	14451	分割	fēn gē	v,vn
7	14458	耽搁	dān ge	v
7	14459	冰山	bīng shān	n
7	14459	烟火	yān huǒ	n
7	14473	淘气	táo qì	a
7	14483	表述	biǎo shù	vn,v
7	14491	回味	huí wèi	v,vn
7	14501	顺畅	shùn chàng	a
7	14507	棍子	gùn zi	n
7	14513	飞速	fēi sù	d,a,b
7	14515	曙光	shǔ guāng	n,nz
7	14522	嫂子	sǎo zi	n
7	14528	胸膛	xiōng táng	n
7	14537	带队	dài duì	v,vn
7	14542	血缘	xuè yuán	n
7	14554	漫游	màn yóu	vn,v
7	14562	情调	qíng diào	n
7	14562	贴近	tiē jìn	v
7	14569	繁华	fán huá	a
7	14585	上限	shàng xiàn	n
7	14589	煽动	shān dòng	v,vn
7	14594	摄氏度	Shè shì dù	q
7	14607	崇尚	chóng shàng	v
7	14611	渺小	miǎo xiǎo	a,an
7	14616	姓氏	xìng shì	n
7	14622	安逸	ān yì	a,an
7	14622	牲畜	shēng chù	n
7	14623	强项	qiáng xiàng	n
7	14629	朦胧	méng lóng	a,an
7	14630	立足	lì zú	v
7	14630	买不起	mǎi bu qǐ	v
7	14639	钉子	dīng zi	n
7	14639	上头	shàng tóu / shàng tou	f
7	14646	打捞	dǎ lāo	v
7	14649	子孙	zǐ sūn	n
7	14652	施压	shī yā	v,vn
7	14653	要不是	yào bu shì	c
7	14661	交接	jiāo jiē	vn,v
7	14665	拍戏	pāi xì	v
7	14666	耗费	hào fèi	v
7	14672	大笔	dàbǐ	n
7	14676	福气	fú qi	n,a
7	14680	受苦	shòu kǔ	v
7	14686	明媚	míng mèi	a
7	14688	家政	jiā zhèng	n
7	14691	胡闹	hú nào	v
7	14706	用意	yòng yì	n
7	14710	埋藏	mái cáng	v
7	14712	迁移	qiān yí	v,vn
7	14714	窑	yáo	g,n
7	14718	路段	lù duàn	n
7	14722	流向	liú xiàng	v,n
7	14723	估算	gū suàn	v,vn
7	14727	官僚	guān liáo	n
7	14732	炎症	yán zhèng	n
7	14739	费劲	fèi jìn	a
7	14765	光环	guāng huán	n
7	14771	与其	yǔ qí	c
7	14775	没劲	méi jìn	a
7	14777	搬迁	bān qiān	v,vn
7	14786	花纹	huā wén	n
7	14787	亏损	kuī sǔn	v,vn
7	14789	黑马	hēi mǎ	n
7	14791	胡思乱想	hú sī luàn xiǎng	
7	14797	寺庙	sì miào	n
7	14800	十字路口	shí zì lù kǒu	l
7	14803	患病	huàn bìng	v,vn
7	14805	高昂	gāo áng	a
7	14817	其后	qí hòu	t
7	14822	无理	wú lǐ	a,ad
7	14826	炎热	yán rè	a
7	14830	侵权	qīn quán	vn,v
7	14848	像样	xiàng yàng	a
7	14849	字体	zì tǐ	n
7	14851	铸造	zhù zào	v,vn
7	14853	后人	hòu rén	n
7	14861	冒犯	mào fàn	v
7	14866	转交	zhuǎn jiāo	v
7	14868	由衷	yóu zhōng	d,b
7	14870	就诊	jiù zhěn	v,vn
7	14872	浸泡	jìn pào	v,vn
7	14872	三维	sān wéi	mq,n
7	14875	下决心	xià jué xīn	v
7	14882	动弹	dòng tan	v
7	14883	自然界	zì rán jiè	n
7	14884	交锋	jiāo fēng	v,vn
7	14885	恰到好处	qià dào hǎo chù	l
7	14891	遗址	yí zhǐ	n
7	14901	藏匿	cáng nì	v,vn
7	14902	无关紧要	wú guān jǐn yào	v
7	14903	尺度	chǐ dù	n
7	14903	其间	qí jiān	f
7	14904	梳理	shū lǐ	v
7	14907	攀升	pān shēng	v
7	14908	心得	xīn dé	n
7	14909	高额	gāo é	b
7	14912	转达	zhuǎn dá	v
7	14913	僵局	jiāng jú	n
7	14914	黏	nián	a
7	14918	定向	dìng xiàng	d,b
7	14918	私立	sī lì	b
7	14927	相当于	xiāng dāng yú	v
7	14930	私营	sī yíng	b
7	14932	吊销	diào xiāo	v
7	14932	定做	dìng zuò	v
7	14933	遏制	è zhì	v,vn
7	14938	稳固	wěn gù	a,v
7	14941	少有	shǎo yǒu	a
7	14942	索取	suǒ qǔ	v,vn
7	14949	延缓	yán huǎn	v
7	14955	恭维	gōng wei	v,vn
7	14956	财经	cái jīng	n
7	14960	路灯	lù dēng	n
7	14961	抨击	pēng jī	v,vn
7	14965	荒	huāng	g,v
7	14965	实物	shí wù	n
7	14967	瞅	chǒu	v
7	14968	摇篮	yáo lán	n
7	14970	新款	xīn kuǎn	b,n
7	14974	昔日	xī rì	t
7	14991	谈到	tán dào	v
7	14997	当务之急	dāng wù zhī jí	l
7	14998	入场券	rù chǎng quàn	n
7	15005	灵通	líng tōng	a
7	15006	受骗	shòu piàn	v
7	15007	涮	shuàn	v
7	15011	勾结	gōu jié	v
7	15013	揣	chuāi / chuǎi	v
7	15026	辞去	cí qù	v
7	15026	宫廷	gōng tíng	n
7	15031	评定	píng dìng	v,vn
7	15034	良性	liáng xìng	b
7	15036	火药	huǒ yào	n
7	15037	火锅	huǒ guō	n
7	15043	图形	tú xíng	n
7	15045	更衣室	gēng yī shì	n
7	15045	主页	zhǔ yè	n
7	15052	新房	xīn fáng	n
7	15054	承载	chéng zài	v,vn
7	15055	功率	gōng lǜ	n
7	15059	国有	guó yǒu	vn
7	15063	碰巧	pèng qiǎo	d
7	15065	导向	dǎo xiàng	n
7	15069	欠缺	qiàn quē	v,a,vn
7	15070	猩猩	xīng xing	n
7	15079	交替	jiāo tì	v,d,vn
7	15094	迟疑	chí yí	a,an
7	15109	着重	zhuó zhòng	v
7	15115	惋惜	wǎn xī	an,a
7	15123	价位	jià wèi	n
7	15129	汇聚	huì jù	v
7	15130	撰写	zhuàn xiě	v
7	15140	宣泄	xuān xiè	v,vn
7	15147	上岗	shàng gǎng	v
7	15158	教养	jiào yǎng	n,v
7	15162	透支	tòu zhī	v,vn
7	15170	杂技	zá jì	n
7	15174	秃	tū	a
7	15175	同年	tóng nián	d,t
7	15180	展览会	zhǎn lǎn huì	n
7	15186	修订	xiū dìng	v,vn
7	15199	液晶	yè jīng	n
7	15207	响亮	xiǎng liàng	a,ad
7	15212	附带	fù dài	v,ad
7	15222	土匪	tǔ fěi	n
7	15238	开发商	kāi fā shāng	n
7	15241	优化	yōu huà	v,vn
7	15242	风水	fēng shuǐ	n
7	15243	磨难	mó nàn	n
7	15246	幸存	xìng cún	v,vn
7	15246	庄稼	zhuāng jia	n
7	15251	乃至	nǎi zhì	c
7	15251	乞讨	qǐ tǎo	v,vn
7	15253	剧团	jù tuán	n
7	15256	转折	zhuǎn zhé	vn,v
7	15260	新颖	xīn yǐng	a
7	15263	跨国	kuà guó	b,v
7	15264	山路	shān lù	n
7	15271	传承	chuán chéng	v,vn
7	15272	劳累	láo lèi	a,an,ad
7	15273	刑法	xíng fǎ	n
7	15274	口子	kǒu zi	n
7	15276	体质	tǐ zhì	n
7	15281	阻拦	zǔ lán	v,vn
7	15306	取笑	qǔ xiào	v
7	15306	子弟	zǐ dì	n
7	15312	丰富多彩	fēng fù duō cǎi	v
7	15320	动荡	dòng dàng	a,an
7	15322	嗜好	shì hào	n
7	15332	沿途	yán tú	d,b,s
7	15338	腥	xīng	a
7	15349	重播	chóng bō	v,vn
7	15352	唤起	huàn qǐ	v
7	15353	和睦	hé mù	a,an,ad
7	15354	天主教	Tiān zhǔ jiào	nz
7	15355	毅力	yì lì	n
7	15356	去处	qù chù	n
7	15359	慌乱	huāng luàn	a,an
7	15370	功力	gōng lì	n
7	15382	诚挚	chéng zhì	a,ad
7	15387	粗鲁	cū lǔ	a
7	15387	照常	zhào cháng	v
7	15394	瓷	cí	g
7	15396	升温	shēng wēn	v,vn
7	15404	慌张	huāng zhāng	a
7	15406	致富	zhì fù	v,vn
7	15411	无话可说	wú huà kě shuō	v
7	15413	不起眼	bù qǐ yǎn	a
7	15414	工作量	gōng zuò liàng	n
7	15418	凑合	còu he	v
7	15419	破旧	pò jiù	a
7	15420	顶多	dǐng duō	d
7	15423	印章	yìn zhāng	n
7	15424	绿灯	lǜ dēng	n
7	15426	承包	chéng bāo	v,vn
7	15433	半路	bàn lù	n
7	15438	定金	dìng jīn	n
7	15445	黑手	hēi shǒu	n
7	15445	提防	dī fang	v
7	15452	侵占	qīn zhàn	v
7	15453	观摩	guān mó	v,vn
7	15454	过道	guò dào	n
7	15457	相通	xiāng tōng	v
7	15462	得当	dé dàng	a
7	15464	偏远	piān yuǎn	a
7	15465	忙活	máng huo	v
7	15466	一天到晚	yī tiān dào wǎn	l
7	15469	带路	dài lù	v
7	15469	精细	jīng xì	a
7	15474	行家	háng jiā	n
7	15477	格局	gé jú	n
7	15490	好心人	hǎo xīn rén	n
7	15508	咽喉	yān hóu	n
7	15514	敬爱	jìng ài	v
7	15524	看护	kān hù	v,vn,n
7	15531	点缀	diǎn zhuì	v,vn
7	15534	作物	zuò wù	n
7	15536	抠	kōu	v
7	15544	合乎	hé hū	v
7	15544	觉醒	jué xǐng	v,vn
7	15547	家禽	jiā qín	n
7	15555	岳父	yuè fù	n
7	15557	选用	xuǎn yòng	v
7	15560	动身	dòng shēn	v
7	15561	督促	dū cù	v
7	15567	滞留	zhì liú	v
7	15571	颓废	tuí fèi	a
7	15581	盛开	shèng kāi	v
7	15586	周密	zhōu mì	a,ad
7	15593	偷窥	tōu kuī	v
7	15596	郊外	jiāo wài	s
7	15602	机智	jī zhì	a,an,ad
7	15603	农作物	nóng zuò wù	n
7	15604	必不可少	bì bù kě shǎo	v
7	15606	新式	xīn shì	a
7	15613	倘若	tǎng ruò	c
7	15613	烟囱	yān cōng	n
7	15617	湿度	shī dù	n
7	15617	素食	sù shí	n
7	15621	报废	bào fèi	v,vn
7	15626	纺织	fǎng zhī	vn,n
7	15629	丑恶	chǒu è	a,an
7	15630	闹事	nào shì	v,vn
7	15631	年薪	nián xīn	n
7	15634	梯子	tī zi	n
7	15654	剧目	jù mù	n
7	15677	纪念馆	jì niàn guǎn	n
7	15677	家用	jiā yòng	b,n
7	15685	准许	zhǔn xǔ	v,vn
7	15690	盖子	gài zi	n
7	15698	简陋	jiǎn lòu	a
7	15699	重叠	chóng dié	v,vn
7	15711	压倒	yā dǎo	v
7	15711	曰	yuē	g
7	15715	嫌弃	xián qì	v
7	15719	便捷	biàn jié	a
7	15719	基层	jī céng	n
7	15725	栽培	zāi péi	v,vn
7	15731	灌溉	guàn gài	vn,v
7	15733	归结	guī jié	v
7	15735	平日	píng rì	t
7	15738	参见	cān jiàn	v
7	15746	无家可归	wú jiā kě guī	v
7	15750	锤子	chuí zi	n
7	15766	恳求	kěn qiú	v
7	15769	批发	pī fā	vn,v
7	15774	可贵	kě guì	a
7	15777	勤劳	qín láo	a,ad,an
7	15782	松弛	sōng chí	a
7	15788	路途	lù tú	n
7	15789	中旬	zhōng xún	t
7	15794	张贴	zhāng tiē	v
7	15795	湿润	shī rùn	a,v
7	15812	外企	wài qǐ	
7	15818	致辞	zhì cí	v
7	15821	文盲	wén máng	n
7	15824	用人	yòng rén	vn,v
7	15832	腐朽	fǔ xiǔ	a
7	15833	深信	shēn xìn	v
7	15841	据此	jù cǐ	d
7	15845	厄运	è yùn	n
7	15847	误差	wù chā	n
7	15852	后遗症	hòu yí zhèng	n
7	15855	力求	lì qiú	v
7	15869	接力	jiē lì	vn,v
7	15871	消遣	xiāo qiǎn	v,vn
7	15873	含糊	hán hu	a,an
7	15880	情谊	qíng yì	n
7	15884	造假	zào jiǎ	v,vn
7	15885	谎话	huǎng huà	n
7	15889	虚幻	xū huàn	a,n
7	15896	泻	xiè	v
7	15904	会诊	huì zhěn	v,vn
7	15922	沼泽	zhǎo zé	n
7	15924	近年来	jìn nián lái	l
7	15926	诱发	yòu fā	v
7	15953	歪曲	wāi qū	v,vn
7	15961	生平	shēng píng	n
7	15977	动不动	dòng bu dòng	d
7	15978	口感	kǒu gǎn	n
7	15978	知识分子	zhī shi fèn zǐ	n
7	15989	念书	niàn shū	v
7	15992	突如其来	tū rú qí lái	l
7	15992	疑点	yí diǎn	n
7	15998	固然	gù rán	c
7	15998	嗅觉	xiù jué	n
7	16000	安眠药	ān mián yào	n
7	16008	千方百计	qiān fāng bǎi jì	l
7	16009	接班人	jiē bān rén	n
7	16009	招收	zhāo shōu	v
7	16020	连夜	lián yè	d
7	16022	拐杖	guǎi zhàng	n
7	16024	理科	lǐ kē	n
7	16031	幻影	huàn yǐng	n
7	16036	醒悟	xǐng wù	v
7	16038	次日	cì rì	t
7	16049	实况	shí kuàng	n
7	16061	禁不住	jīn bu zhù	v
7	16079	接送	jiē sòng	v
7	16083	凄凉	qī liáng	a,an
7	16093	汇集	huì jí	v
7	16103	抢夺	qiǎng duó	v
7	16107	旨在	zhǐ zài	v
7	16108	界定	jiè dìng	v,vn
7	16115	出发点	chū fā diǎn	n
7	16116	螺丝	luó sī	n
7	16127	炉子	lú zi	n
7	16136	新陈代谢	xīn chén dài xiè	v
7	16137	果园	guǒ yuán	n
7	16137	力争	lì zhēng	v
7	16161	实话实说	shí huà shí shuō	v
7	16163	类别	lèi bié	n
7	16165	各式各样	gè shì gè yàng	l
7	16166	或多或少	huò duō huò shǎo	d
7	16170	捶	chuí	v
7	16172	爆竹	bào zhú	n
7	16183	填充	tián chōng	v,vn
7	16188	一动不动	yī dòng bù dòng	l
7	16190	诱饵	yòu ěr	n
7	16192	顺心	shùn xīn	a
7	16197	筛	shāi	v
7	16205	相约	xiāng yuē	v
7	16211	血栓	xuè shuān	n
7	16213	交情	jiāo qing	n
7	16213	洁净	jié jìng	a,an
7	16220	连任	lián rèn	v,vn
7	16229	应酬	yìng chou	v,vn
7	16229	涌现	yǒng xiàn	v
7	16233	偏差	piān chā	n
7	16234	稻草	dào cǎo	n
7	16248	凶狠	xiōng hěn	a
7	16248	陨石	yǔn shí	n
7	16250	偏向	piān xiàng	n,v
7	16253	间隙	jiàn xì	n
7	16255	抗衡	kàng héng	v
7	16257	存折	cún zhé	n
7	16260	担负	dān fù	v
7	16266	狼狈	láng bèi	an,ad
7	16273	俄语	É yǔ	nz
7	16273	在职	zài zhí	vn,v
7	16276	违约	wéi yuē	v,vn
7	16284	躲藏	duǒ cáng	v
7	16288	联网	lián wǎng	v,vn
7	16291	银幕	yín mù	n
7	16294	无所事事	wú suǒ shì shì	v
7	16304	感触	gǎn chù	n,v
7	16305	替身	tì shēn	n
7	16306	抒情	shū qíng	vn,v
7	16308	不正之风	bù zhèng zhī fēng	
7	16317	真挚	zhēn zhì	a
7	16337	交集	jiāo jí	v
7	16343	打猎	dǎ liè	v
7	16344	痛心	tòng xīn	a
7	16347	告辞	gào cí	v
7	16350	理睬	lǐ cǎi	v,vn
7	16352	效益	xiào yì	n
7	16355	害虫	hài chóng	n
7	16362	提炼	tí liàn	v,vn
7	16364	团圆	tuán yuán	v,vn
7	16373	摆平	bǎi píng	v
7	16379	屡	lǚ	d
7	16392	清静	qīng jìng	a,an
7	16397	喘息	chuǎn xī	v,vn
7	16397	转折点	zhuǎn zhé diǎn	n
7	16400	恰巧	qià qiǎo	d
7	16412	管教	guǎn jiào	vn,v
7	16414	合计	hé jì	v
7	16437	小溪	xiǎo xī	n
7	16448	专人	zhuān rén	n
7	16449	天分	tiān fèn	n
7	16454	棋子	qí zǐ	n
7	16454	重创	zhòng chuāng	v,vn
7	16455	频频	pín pín	d
7	16462	缅怀	miǎn huái	v,vn
7	16470	取而代之	qǔ ér dài zhī	v
7	16471	后裔	hòu yì	n
7	16473	饱满	bǎo mǎn	a
7	16474	稀罕	xī han	a,v
7	16474	汹涌	xiōng yǒng	a,ad,n
7	16475	一家人	yī jiā rén	n
7	16488	坚持不懈	jiān chí bù xiè	v
7	16490	尖端	jiān duān	b,n
7	16505	限定	xiàn dìng	v,vn
7	16506	心里话	xīn li huà	n
7	16510	少不了	shǎo bu liǎo	v
7	16511	念念不忘	niàn niàn bù wàng	v
7	16529	竟敢	jìng gǎn	v
7	16537	贝壳	bèi ké	n
7	16540	橙汁	chéng zhī	n
7	16542	绷带	bēng dài	n
7	16548	萧条	xiāo tiáo	a,an
7	16551	架势	jià shi	n
7	16558	先天	xiān tiān	n
7	16561	记号	jì hao	n
7	16564	溜达	liū da	v
7	16567	参谋	cān móu	n
7	16569	保鲜	bǎo xiān	vn,v
7	16569	淌	tǎng	v
7	16573	售票	shòu piào	v,vn
7	16574	感叹	gǎn tàn	v,vn
7	16576	碑	bēi	n
7	16580	传记	zhuàn jì	n
7	16589	爽快	shuǎng kuai	a
7	16593	下棋	xià qí	v
7	16594	捧场	pěng chǎng	v,vn
7	16596	言辞	yán cí	n
7	16602	倔强	jué jiàng	a
7	16612	血脉	xuè mài	n
7	16613	煤炭	méi tàn	n
7	16615	名著	míng zhù	
7	16619	枪毙	qiāng bì	v
7	16626	瞧不起	qiáo bù qǐ	v
7	16631	大体	dà tǐ	d,n
7	16657	大惊小怪	dà jīng xiǎo guài	l
7	16659	渔民	yú mín	n
7	16670	发愁	fā chóu	v
7	16674	财力	cái lì	n
7	16681	核能	hé néng	n
7	16692	史无前例	shǐ wú qián lì	l
7	16706	高峰期	gāo fēng qī	n
7	16715	车速	chē sù	n
7	16718	壁画	bì huà	n
7	16720	眼界	yǎn jiè	n
7	16721	缴费	jiǎo fèi	vn,v
7	16722	锈	xiù	v,n
7	16725	肖像	xiào xiàng	n
7	16728	不景气	bù jǐng qì	a
7	16732	得失	dé shī	n
7	16732	小贩	xiǎo fàn	n
7	16737	超前	chāo qián	a,ad
7	16739	解体	jiě tǐ	v,vn
7	16744	窃取	qiè qǔ	v
7	16755	祭祀	jì sì	vn,v
7	16759	现成	xiàn chéng	b
7	16762	天平	tiān píng	n
7	16762	下山	xià shān	v
7	16765	问世	wèn shì	v,vn
7	16766	自信心	zì xìn xīn	n
7	16770	上流	shàng liú	b,n
7	16781	赤字	chì zì	n
7	16782	公证	gōng zhèng	n,v,vn
7	16787	朴素	pǔ sù	a
7	16801	辫子	biàn zi	n
7	16802	口罩	kǒu zhào	n
7	16811	抵消	dǐ xiāo	v
7	16822	别致	bié zhì	a
7	16822	演艺圈	yǎn yì quān	n
7	16824	赞叹	zàn tàn	v,vn
7	16826	里程碑	lǐ chéng bēi	n
7	16844	健壮	jiàn zhuàng	a
7	16844	留神	liú shén	v
7	16846	甜头	tián tou	n
7	16849	搭建	dā jiàn	v
7	16862	质地	zhì dì	n
7	16863	成型	chéng xíng	v,vn
7	16865	椰子	yē zi	n
7	16875	公用	gōng yòng	vn
7	16879	舞厅	wǔ tīng	n
7	16884	歼灭	jiān miè	v
7	16893	调试	tiáo shì	v,vn
7	16897	悔恨	huǐ hèn	v,vn
7	16902	介于	jiè yú	v
7	16909	机灵	jī ling	a,an
7	16921	品德	pǐn dé	n
7	16925	刊物	kān wù	n
7	16934	端正	duān zhèng	v,a
7	16936	风力	fēng lì	n
7	16940	互补	hù bǔ	v,vn
7	16941	领略	lǐng lu:è	v
7	16947	回扣	huí kòu	n
7	16953	冷落	lěng luò	v,a,vn,an
7	16982	执意	zhí yì	d
7	16984	坛	tán	g,q
7	16987	官兵	guān bīng	n
7	16992	赛跑	sài pǎo	v,vn
7	17027	墓碑	mù bēi	n
7	17033	鞭炮	biān pào	n
7	17034	涵盖	hán gài	v
7	17034	筐	kuāng	n,q
7	17036	专制	zhuān zhì	n,a
7	17039	放肆	fàng sì	a,an
7	17042	清淡	qīng dàn	a
7	17051	灯笼	dēng lóng	n
7	17057	私事	sī shì	n
7	17065	元老	yuán lǎo	n
7	17067	幸免	xìng miǎn	v
7	17071	紧凑	jǐn còu	a
7	17077	饮用水	yǐn yòng shuǐ	n
7	17114	低迷	dī mí	a,v
7	17123	不定	bù dìng	d
7	17129	公墓	gōng mù	n
7	17135	深思	shēn sī	v,vn
7	17140	看得出	kàn de chū	v
7	17141	稳重	wěn zhòng	a,an
7	17143	殿堂	diàn táng	n
7	17146	晚年	wǎn nián	t
7	17149	仇人	chóu rén	n
7	17154	沿岸	yán àn	f,s
7	17158	年终	nián zhōng	t
7	17160	汇合	huì hé	v
7	17180	物证	wù zhèng	n
7	17181	坐落	zuò luò	v
7	17182	狭小	xiá xiǎo	a
7	17189	一刹那	yī chà nà	t
7	17190	瘫	tān	v
7	17190	涌入	yǒng rù	v
7	17193	隐约	yǐn yuē	z
7	17196	霸占	bà zhàn	v
7	17198	呼救	hū jiù	v
7	17200	相提并论	xiāng tí bìng lùn	v
7	17205	尤为	yóu wéi	d
7	17209	序幕	xù mù	n
7	17210	抄袭	chāo xí	v
7	17217	常理	cháng lǐ	n
7	17227	气泡	qì pào	n
7	17234	桑拿	sāng ná	n
7	17239	热气	rè qì	n
7	17242	委婉	wěi wǎn	a,ad
7	17246	坚韧	jiān rèn	a,an,ad
7	17252	防盗	fáng dào	vn,v
7	17256	不见得	bù jiàn de	d
7	17259	不解	bù jiě	v
7	17259	阀门	fá mén	n
7	17262	契机	qì jī	n
7	17263	对得起	duì de qǐ	v
7	17271	齐心协力	qí xīn xié lì	v
7	17272	顺从	shùn cóng	v
7	17275	休想	xiū xiǎng	v
7	17288	凿	záo	v
7	17291	瓶颈	píng jǐng	n
7	17303	累计	lěi jì	v
7	17306	止步	zhǐ bù	v
7	17310	水龙头	shuǐ lóng tóu	n
7	17311	床位	chuáng wèi	n
7	17311	征集	zhēng jí	v,vn
7	17312	见效	jiàn xiào	a,v,an
7	17342	措手不及	cuò shǒu bù jí	l
7	17344	拓宽	tuò kuān	v
7	17351	罢休	bà xiū	v
7	17352	手帕	shǒu pà	n
7	17356	征收	zhēng shōu	v,vn
7	17364	稳健	wěn jiàn	a
7	17368	社论	shè lùn	n
7	17369	确凿	què záo	a
7	17374	历来	lì lái	d
7	17375	就任	jiù rèn	v
7	17402	忘不了	wàng bù liǎo	v
7	17407	淀粉	diàn fěn	n
7	17412	牵制	qiān zhì	v,vn
7	17413	达标	dá biāo	v,vn
7	17425	变迁	biàn qiān	vn,v
7	17435	冤	yuān	an,v,a,vn,g
7	17443	属性	shǔ xìng	n
7	17447	充沛	chōng pèi	a
7	17452	简要	jiǎn yào	ad,a
7	17454	自力更生	zì lì gēng shēng	v
7	17459	阶梯	jiē tī	n
7	17462	藏品	cáng pǐn	n
7	17479	毯子	tǎn zi	n
7	17507	中性	zhōng xìng	n,b
7	17511	忧愁	yōu chóu	a,an
7	17522	跳伞	tiào sǎn	v
7	17531	核电站	hé diàn zhàn	n
7	17534	催促	cuī cù	v,vn
7	17548	头条	Tóu tiáo / tóu tiáo	n
7	17552	唯独	wéi dú	d
7	17560	自始至终	zì shǐ zhì zhōng	l
7	17562	一帆风顺	yī fān fēng shùn	v
7	17568	回升	huí shēng	v,vn
7	17571	孝顺	xiào shùn	v,a,an
7	17575	橡皮	xiàng pí	n
7	17575	嘱咐	zhǔ fù	v,vn
7	17578	学说	xué shuō	n
7	17583	并购	bìng gòu	vn,v
7	17606	经商	jīng shāng	v,vn
7	17615	抵触	dǐ chù	v,vn
7	17615	退休金	tuì xiū jīn	n
7	17616	避难	bì nàn	v,vn
7	17616	矛头	máo tóu	n
7	17618	太极	Tài jí	nz,n
7	17628	唾液	tuò yè	n
7	17629	甘心	gān xīn	v
7	17636	转眼	zhuǎn yǎn	d,t
7	17637	清真寺	qīng zhēn sì	n
7	17658	进修	jìn xiū	v,vn
7	17662	媲美	pì měi	v
7	17664	浓厚	nóng hòu	a
7	17666	盘算	pán suàn	v
7	17672	纽扣	niǔ kòu	n
7	17687	权衡	quán héng	v,vn
7	17692	新潮	xīn cháo	n
7	17695	势必	shì bì	d
7	17696	刺绣	cì xiù	n,v
7	17708	学士	xué shì	n
7	17715	举重	jǔ zhòng	vn,v
7	17719	愈来愈	yù lái yù	d
7	17723	清凉	qīng liáng	a,an
7	17726	刨	bào / páo	v
7	17741	裂痕	liè hén	n
7	17746	心想事成	xīn xiǎng shì chéng	v
7	17748	集资	jí zī	v,vn
7	17751	公立	gōng lì	b
7	17775	缩水	suō shuǐ	v
7	17779	动工	dòng gōng	v,vn
7	17781	遛	liù	v
7	17783	迟迟	chí chí	d
7	17784	水壶	shuǐ hú	n
7	17796	演播室	yǎn bō shì	n
7	17806	花卉	huā huì	n
7	17808	兴建	xīng jiàn	v
7	17813	口令	kǒu lìng	n
7	17817	心肠	xīn cháng	n
7	17829	无故	wú gù	d
7	17854	作对	zuò duì	v
7	17856	大幅度	dà fú dù	d
7	17880	菩萨	Pú sà	n
7	17889	就地	jiù dì	d
7	17899	亲朋好友	qīn péng hǎo yǒu	l
7	17912	二手车	èr shǒu chē	n
7	17934	胆怯	dǎn qiè	a,an
7	17939	刺耳	cì ěr	a
7	17946	狭隘	xiá ài	a
7	17947	命题	mìng tí	n
7	17960	瘟疫	wēn yì	n
7	17977	早年	zǎo nián	t
7	17989	厚度	hòu dù	n
7	18017	罪魁祸首	zuì kuí huò shǒu	l
7	18018	据悉	jù xī	v
7	18026	修长	xiū cháng	a,nr
7	18045	惯性	guàn xìng	n
7	18052	休养	xiū yǎng	v,vn
7	18059	结冰	jié bīng	v
7	18060	凉爽	liáng shuǎng	a,an
7	18065	庆贺	qìng hè	v
7	18067	标示	biāo shì	v,vn
7	18083	昼夜	zhòu yè	n,d
7	18088	下意识	xià yì shí	n,v,d
7	18090	返还	fǎn huán	v,vn
7	18094	发酵	fā jiào	v,vn
7	18105	兼容	jiān róng	v
7	18105	界线	jiè xiàn	n
7	18109	祥和	xiáng hé	a,an
7	18111	和蔼	hé ǎi	a
7	18113	奥秘	ào mì	n
7	18136	繁重	fán zhòng	a
7	18148	钻研	zuān yán	v,vn
7	18153	友人	yǒu rén	n
7	18159	采矿	cǎi kuàng	vn,v
7	18163	通俗	tōng sú	a
7	18180	大宗	dà zōng	m
7	18184	伙食	huǒ shí	n
7	18186	地下水	dì xià shuǐ	n
7	18196	辞退	cí tuì	v
7	18199	口碑	kǒu bēi	n
7	18202	衬托	chèn tuō	v,vn
7	18207	精简	jīng jiǎn	v,vn
7	18207	抢眼	qiǎng yǎn	a,v
7	18213	搁置	gē zhì	v
7	18215	远见	yuǎn jiàn	n
7	18227	感染力	gǎn rǎn lì	n
7	18229	航运	háng yùn	n
7	18236	真是的	zhēn shi de	
7	18239	争气	zhēng qì	a
7	18242	敬重	jìng zhòng	v,vn
7	18243	祸害	huò hài	n,v
7	18243	外行	wài háng	n,a
7	18244	后盾	hòu dùn	n
7	18245	方方面面	fāng fāng miàn miàn	n
7	18266	本钱	běn qián	n
7	18266	诧异	chà yì	a
7	18275	外援	wài yuán	n
7	18284	无济于事	wú jì yú shì	v
7	18286	力所能及	lì suǒ néng jí	l
7	18296	透彻	tòu chè	a,ad
7	18309	遇上	yù shàng	v
7	18312	当之无愧	dāng zhī wú kuì	v
7	18314	俗话	sú huà	n
7	18333	水利	shuǐ lì	n
7	18340	真假	zhēn jiǎ	n
7	18347	源源不断	yuán yuán bù duàn	v
7	18372	湖泊	hú pō	n
7	18375	托付	tuō fù	v
7	18380	列举	liè jǔ	v
7	18382	波及	bō jí	v
7	18393	求证	qiú zhèng	v
7	18393	素描	sù miáo	n
7	18399	公事	gōng shì	n
7	18403	烘干	hōng gān	v,vn
7	18403	益处	yì chu	n
7	18410	详尽	xiáng jìn	a,ad
7	18440	焰火	yàn huǒ	n
7	18443	索性	suǒ xìng	d
7	18457	彻夜	chè yè	d
7	18462	渊源	yuān yuán	n
7	18468	并列	bìng liè	v
7	18471	下功夫	xià gōng fu	v
7	18485	交界	jiāo jiè	v,vn
7	18487	写照	xiě zhào	n
7	18489	鼓动	gǔ dòng	v,vn
7	18500	科普	kē pǔ	b
7	18501	解围	jiě wéi	v
7	18504	倒卖	dǎo mài	v
7	18509	喜庆	xǐ qìng	v,vn
7	18513	基准	jī zhǔn	n
7	18522	警钟	jǐng zhōng	n
7	18524	朗诵	lǎng sòng	v,vn
7	18526	显赫	xiǎn hè	a
7	18531	窍门	qiào mén	n
7	18534	燕子	yàn zi	n
7	18537	如愿以偿	rú yuàn yǐ cháng	v
7	18539	就医	jiù yī	v,vn
7	18547	熄火	xī huǒ	v
7	18554	缴纳	jiǎo nà	v
7	18555	歌颂	gē sòng	v,vn
7	18555	强加	qiáng jiā	v
7	18562	迁就	qiān jiù	v
7	18564	团员	tuán yuán	n
7	18570	空隙	kòng xì	n
7	18582	怨言	yuàn yán	n
7	18588	陈列	chén liè	v,vn
7	18593	一连	yī lián	d
7	18600	查处	chá chǔ	v
7	18605	拉拢	lā lǒng	v,vn
7	18615	告示	gào shi	n
7	18618	干事	gàn shi	n
7	18618	世代	shì dài	n
7	18627	造福	zào fú	v
7	18634	不懈	bù xiè	z
7	18642	拨通	bō tōng	v
7	18648	叫好	jiào hǎo	v
7	18652	药方	yào fāng	n
7	18653	泄密	xiè mì	v,vn
7	18653	寓意	yù yì	n,v
7	18658	高调	gāo diào	n
7	18661	烹调	pēng tiáo	v,vn
7	18662	顺势	shùn shì	d
7	18670	上调	shàng tiáo	v
7	18675	售价	shòu jià	n
7	18676	挂念	guà niàn	v,vn
7	18677	放水	fàng shuǐ	v
7	18682	电讯	diàn xùn	n
7	18700	坝	bà	n
7	18722	解析	jiě xī	v
7	18722	算账	suàn zhàng	v
7	18730	绿地	lǜ dì	n
7	18750	一言不发	yī yán bù fā	v
7	18755	诸如此类	zhū rú cǐ lèi	l
7	18760	路况	lù kuàng	n
7	18772	门路	mén lù	n
7	18775	字迹	zì jì	n
7	18780	推移	tuī yí	vn
7	18782	死心	sǐ xīn	v
7	18782	犹豫不决	yóu yù bù jué	v
7	18804	燃气	rán qì	n
7	18806	洽谈	qià tán	v,vn
7	18807	人文	rén wén	n
7	18810	口才	kǒu cái	n
7	18812	脱口而出	tuō kǒu ér chū	v
7	18812	周旋	zhōu xuán	v,vn
7	18820	遗物	yí wù	n
7	18822	伊斯兰教	Yī sī lán jiào	nz
7	18827	专著	zhuān zhù	
7	18836	消沉	xiāo chén	a
7	18839	仅次于	jǐn cì yú	v
7	18843	通畅	tōng chàng	a,an
7	18847	历时	lì shí	v
7	18861	载体	zài tǐ	n
7	18891	个案	gè àn	n
7	18899	茎	jīng	n
7	18911	成家	chéng jiā	v
7	18938	稀奇	xī qí	a
7	18966	威信	Wēi xìn / wēi xìn	n
7	18967	五星级	wǔ xīng jí	b
7	18968	一目了然	yī mù liǎo rán	v
7	18971	火速	huǒ sù	d
7	18974	亮丽	liàng lì	a
7	18978	舒畅	shū chàng	a,an
7	18982	应有尽有	yīng yǒu jìn yǒu	v
7	18985	验收	yàn shōu	v,vn
7	18996	原材料	yuán cái liào	n
7	19000	威风	wēi fēng	a,an,n
7	19000	镶嵌	xiāng qiàn	v
7	19001	无忧无虑	wú yōu wú lǜ	v
7	19011	气派	qì pài	a
7	19017	似曾相识	sì céng xiāng shí	v
7	19018	朴实	pǔ shí	a
7	19039	担子	dàn zi	n
7	19046	喧闹	xuān nào	v,vn
7	19060	随处可见	suí chù kě jiàn	v
7	19063	俗话说	sú huà shuō	v
7	19070	对白	duì bái	n
7	19087	调侃	tiáo kǎn	v,vn
7	19090	一心一意	yī xīn yī yì	l
7	19101	本着	běn zhe	p
7	19116	骨干	gǔ gàn	n
7	19118	机舱	jī cāng	n
7	19118	荣获	róng huò	v
7	19121	健美	jiàn měi	n
7	19123	官僚主义	guān liáo zhǔ yì	n
7	19132	乞求	qǐ qiú	v
7	19135	标致	Biāo zhì / biāo zhi	a,nz
7	19139	巫婆	wū pó	n
7	19141	从业	cóng yè	b
7	19145	预赛	yù sài	n
7	19150	下级	xià jí	n
7	19166	资历	zī lì	n
7	19170	举例	jǔ lì	v
7	19174	冲撞	chōng zhuàng	v,vn
7	19175	贬值	biǎn zhí	v,vn
7	19177	奠定	diàn dìng	v
7	19178	含蓄	hán xù	a
7	19181	热气球	rè qì qiú	n
7	19182	挟持	xié chí	v
7	19225	鲁莽	lǔ mǎng	a
7	19231	用功	yòng gōng	a,v
7	19232	倚	yǐ	v
7	19238	理事	lǐ shì	n
7	19247	搁浅	gē qiǎn	v
7	19250	杜绝	dù jué	v
7	19253	招标	zhāo biāo	v,vn
7	19262	停业	tíng yè	v
7	19274	高龄	gāo líng	n
7	19299	红火	hóng huǒ	a
7	19301	检讨	jiǎn tǎo	v,vn
7	19304	哀求	āi qiú	v,vn
7	19304	拟定	nǐ dìng	v
7	19310	目瞪口呆	mù dèng kǒu dāi	l
7	19318	派别	pài bié	n
7	19332	审美	shěn měi	vn
7	19345	总计	zǒng jì	v
7	19371	化肥	huà féi	n
7	19371	门铃	mén líng	n
7	19383	雄厚	xióng hòu	a
7	19388	回忆录	huí yì lù	n
7	19402	贴切	tiē qiè	a
7	19403	饱和	bǎo hé	v,vn
7	19417	扩建	kuò jiàn	v,vn
7	19445	一成不变	yī chéng bù biàn	v
7	19446	养殖	yǎng zhí	vn,v
7	19459	私有	sī yǒu	vn,v
7	19467	牡丹	Mǔ dan / mǔ dan	n
7	19467	伤残	shāng cán	vn,v
7	19470	诀窍	jué qiào	n
7	19480	省略	shěng lu:è	v
7	19483	庸俗	yōng sú	a
7	19487	零花钱	líng huā qián	n
7	19488	自由自在	zì yóu zì zài	l
7	19503	靠拢	kào lǒng	v
7	19510	绝技	jué jì	n
7	19524	背诵	bèi sòng	v
7	19535	疏通	shū tōng	v
7	19536	空荡荡	kōng dàng dàng	z
7	19539	愈演愈烈	yù yǎn yù liè	v
7	19546	万无一失	wàn wú yī shī	v
7	19554	荒凉	huāng liáng	a,an
7	19563	容颜	róng yán	n
7	19564	关税	guān shuì	n
7	19576	工商界	gōng shāng jiè	
7	19589	趋于	qū yú	v
7	19594	吉普	Jí pǔ	n,nz
7	19599	一经	yī jīng	d
7	19605	耕地	gēng dì	n
7	19609	衔接	xián jiē	v,vn
7	19610	凭证	píng zhèng	n
7	19619	错位	cuò wèi	v,vn
7	19628	测算	cè suàn	v
7	19629	四面八方	sì miàn bā fāng	l
7	19632	息息相关	xī xī xiāng guān	v
7	19635	供暖	gōng nuǎn	v,vn
7	19654	闺女	guī ˙nu:	n
7	19661	名利	míng lì	n
7	19665	兜售	dōu shòu	v,vn
7	19676	跳槽	tiào cáo	v
7	19716	祖宗	zǔ zōng	n
7	19717	剔除	tī chú	v
7	19755	队形	duì xíng	n
7	19765	惨痛	cǎn tòng	a
7	19774	取缔	qǔ dì	v
7	19793	美观	měi guān	a
7	19808	总而言之	zǒng ér yán zhī	c
7	19818	实事求是	shí shì qiú shì	v
7	19825	波澜	bō lán	n
7	19838	单方面	dān fāng miàn	d,n,b
7	19845	无可奈何	wú kě nài hé	v
7	19846	伺机	sì jī	d
7	19852	抡	lūn / lún	v
7	19856	定为	dìng wèi	v
7	19862	滔滔不绝	tāo tāo bù jué	v
7	19891	雪上加霜	xuě shàng jiā shuāng	v
7	19892	轻型	qīng xíng	b
7	19898	谜团	mí tuán	n
7	19905	弊端	bì duān	n
7	19911	出厂	chū chǎng	v,vn
7	19919	推卸	tuī xiè	v
7	19921	家喻户晓	jiā yù hù xiǎo	v
7	19943	职业病	zhí yè bìng	n
7	19944	特邀	tè yāo	vn,v
7	19956	继而	jì ér	c
7	19958	谜底	mí dǐ	n
7	19967	感慨	gǎn kǎi	v,a,an
7	19976	应邀	yìng yāo	v
7	19991	绝招	jué zhāo	n
7	20000	惊慌失措	jīng huāng shī cuò	v
7	20011	过境	guò jìng	v,vn
7	20016	冷门	lěng mén	n
7	20019	岳母	yuè mǔ	n
7	20051	留念	liú niàn	v
7	20060	大面积	dà miàn jī	d,b
7	20068	大款	dà kuǎn	n
7	20071	萌芽	méng yá	vn,v
7	20079	楷模	kǎi mó	n
7	20084	一把手	yī bǎ shǒu	n
7	20090	彩电	cǎi diàn	n
7	20098	稳妥	wěn tuǒ	a
7	20102	不慎	bù shèn	d
7	20109	减免	jiǎn miǎn	v
7	20118	转载	zhuǎn zǎi	v
7	20128	就餐	jiù cān	v,vn
7	20138	印证	yìn zhèng	v,vn
7	20140	吸纳	xī nà	v
7	20142	破除	pò chú	v
7	20154	可想而知	kě xiǎng ér zhī	v
7	20160	心酸	xīn suān	a
7	20161	折射	zhé shè	v,vn
7	20165	预兆	yù zhào	n
7	20177	劝告	quàn gào	vn,v
7	20182	稠	chóu	a
7	20190	马虎	mǎ hu	a,an
7	20197	旺季	wàng jì	n
7	20217	及早	jí zǎo	d
7	20219	领事	lǐng shì	n
7	20223	记忆犹新	jì yì yóu xīn	v
7	20223	日复一日	rì fù yī rì	v
7	20235	莲子	lián zǐ	
7	20255	风浪	fēng làng	n
7	20258	儒学	Rú xué	
7	20258	双边	shuāng biān	n
7	20278	考量	kǎo liáng	v
7	20281	扫除	sǎo chú	v
7	20297	专柜	zhuān guì	n
7	20301	猛然	měng rán	d
7	20310	略微	lu:è wēi	d
7	20317	不得而知	bù dé ér zhī	v
7	20324	停放	tíng fàng	v
7	20325	韵味	yùn wèi	n
7	20335	默默无闻	mò mò wú wén	v
7	20336	隔阂	gé hé	n
7	20350	柿子	shì zi	n
7	20351	当即	dāng jí	d
7	20357	耐性	nài xìng	n
7	20368	顺路	shùn lù	d,v
7	20374	把柄	bǎ bǐng	n
7	20380	有效期	yǒu xiào qī	n
7	20391	久违	jiǔ wéi	v
7	20393	务实	wù shí	v,vn
7	20409	面目全非	miàn mù quán fēi	l
7	20436	暗地里	àn dì li	d
7	20442	风气	fēng qì	n
7	20453	座谈	zuò tán	v,vn
7	20466	依托	yī tuō	v,vn
7	20467	境遇	jìng yù	n
7	20491	陡	dǒu	a
7	20491	荒诞	huāng dàn	a,an
7	20495	有序	yǒu xù	a,ad
7	20499	推算	tuī suàn	v,vn
7	20502	流域	liú yù	n
7	20510	卷子	juǎn zi / juàn zi	n
7	20510	启迪	qǐ dí	vn,v
7	20517	劳务	láo wù	n
7	20522	屯	tún / zhūn	g,v
7	20530	筹办	chóu bàn	v
7	20535	爱惜	ài xī	v
7	20566	僧人	sēng rén	n
7	20576	画展	huà zhǎn	n
7	20578	抱负	bào fù	n
7	20604	膳食	shàn shí	n
7	20605	勇往直前	yǒng wǎng zhí qián	v
7	20606	下海	xià hǎi	v
7	20613	扎根	zhā gēn	v
7	20616	山寨	shān zhài	n
7	20620	豆浆	dòu jiāng	n
7	20622	悬殊	xuán shū	a
7	20630	稀少	xī shǎo	a
7	20646	名贵	míng guì	a
7	20648	启蒙	qǐ méng	vn,v
7	20652	耳目一新	ěr mù yī xīn	l
7	20658	焦躁	jiāo zào	a,an
7	20660	枢纽	shū niǔ	n
7	20666	针锋相对	zhēn fēng xiāng duì	l
7	20671	勘探	kān tàn	vn,v
7	20681	生怕	shēng pà	v
7	20688	答辩	dá biàn	vn,v
7	20692	止咳	zhǐ ké	vn
7	20706	使唤	shǐ huan	v
7	20716	流转	liú zhuǎn	vn,v
7	20719	有朝一日	yǒu zhāo yī rì	l
7	20727	粗略	cū lu:è	a,ad
7	20729	眼色	yǎn sè	n
7	20731	公顷	gōng qǐng	q
7	20733	弱势	ruò shì	n
7	20737	提心吊胆	tí xīn diào dǎn	v
7	20740	垫子	diàn zi	n
7	20743	插图	chā tú	n
7	20747	衍生	yǎn shēng	v,vn
7	20749	轻蔑	qīng miè	v
7	20753	情怀	qíng huái	n
7	20754	谦逊	qiān xùn	a,an
7	20755	利害	lì hài / lì hai	n
7	20762	倡议	chàng yì	n,v
7	20764	谋求	móu qiú	v
7	20767	灰心	huī xīn	a,v
7	20770	凑巧	còu qiǎo	a,ad
7	20777	免不了	miǎn bù liǎo	v
7	20794	人均	rén jūn	a
7	20808	天长地久	tiān cháng dì jiǔ	v
7	20812	芬芳	fēn fāng	n
7	20816	投射	tóu shè	v
7	20829	存心	cún xīn	d
7	20887	中型	zhōng xíng	b
7	20892	论述	lùn shù	vn,v
7	20892	浓郁	nóng yù	a
7	20901	脱节	tuō jié	v
7	20909	不由得	bù yóu de	d
7	20934	沉淀	chén diàn	v,n
7	20936	难处	nán chu	n
7	20944	黑心	hēi xīn	n
7	20954	荆棘	jīng jí	n
7	20993	赔钱	péi qián	v,vn
7	20995	蕴藏	yùn cáng	v
7	21000	拐弯	guǎi wān	v,n,vn
7	21001	河畔	hé pàn	n
7	21011	日趋	rì qū	d
7	21019	特产	tè chǎn	n
7	21027	阅历	yuè lì	n
7	21037	灵巧	líng qiǎo	a,an
7	21040	走投无路	zǒu tóu wú lù	l
7	21045	指教	zhǐ jiào	v
7	21063	能人	néng rén	n
7	21065	淡化	dàn huà	v
7	21080	遮盖	zhē gài	v,vn
7	21085	利索	lì suo	a,ad
7	21103	兴高采烈	xìng gāo cǎi liè	l
7	21126	残缺	cán quē	v,vn
7	21134	大街小巷	dà jiē xiǎo xiàng	l
7	21139	第一手	dì yī shǒu	b,d,n
7	21158	着落	zhuó luò	n,v
7	21163	赶赴	gǎn fù	v
7	21165	配送	pèi sòng	v,vn
7	21165	相比之下	xiāng bǐ zhī xià	v
7	21178	乡亲	xiāng qīn	n
7	21185	出具	chū jù	v
7	21192	凶恶	xiōng è	a
7	21199	根基	gēn jī	n
7	21201	养老院	yǎng lǎo yuàn	n
7	21205	隐性	yǐn xìng	b
7	21218	霍乱	huò luàn	n
7	21236	打磨	dǎ mó	v
7	21236	空难	kōng nàn	n
7	21250	梳子	shū zi	n
7	21258	俘获	fú huò	v
7	21260	木匠	mù jiàng	n
7	21261	邮编	yóu biān	n
7	21265	封建	fēng jiàn	a
7	21280	窘迫	jiǒng pò	a,an
7	21293	常态	cháng tài	n
7	21308	世故	shì gù / shì gu	a,an,n
7	21310	推选	tuī xuǎn	v
7	21314	扫兴	sǎo xìng	a
7	21352	深奥	shēn ào	a
7	21358	出息	chū xī / chū xi	n
7	21363	逞强	chěng qiáng	v
7	21378	没落	mò luò	v,vn
7	21381	恩惠	ēn huì	n
7	21389	够呛	gòu qiàng	v
7	21396	旁观	páng guān	v
7	21398	扭头	niǔ tóu	v
7	21432	磁盘	cí pán	n
7	21433	沧桑	cāng sāng	n,a
7	21438	劝阻	quàn zǔ	v,vn
7	21479	屹立	yì lì	v
7	21483	沉稳	chén wěn	a
7	21494	惊心动魄	jīng xīn dòng pò	v
7	21499	单薄	dān bó	a
7	21507	失业率	shī yè lǜ	n
7	21515	一味	yī wèi	d
7	21572	跟上	gēn shàng	v
7	21572	和气	hé qi	a,ad,an
7	21583	座右铭	zuò yòu míng	n
7	21594	插嘴	chā zuǐ	v
7	21610	敬酒	jìng jiǔ	v
7	21626	公仆	gōng pú	n
7	21626	袖手旁观	xiù shǒu páng guān	v
7	21629	拘束	jū shù	a,an
7	21629	力不从心	lì bù cóng xīn	v
7	21633	飙升	biāo shēng	v,vn
7	21636	缩影	suō yǐng	n
7	21641	完备	wán bèi	a,ad,v
7	21647	停泊	tíng bó	v
7	21666	较劲	jiào jìn	v
7	21674	公职	gōng zhí	n
7	21675	修路	xiū lù	v,vn
7	21709	自理	zì lǐ	v,vn
7	21729	直观	zhí guān	a
7	21750	格格不入	gé gé bù rù	v
7	21755	打搅	dǎ jiǎo	v
7	21760	游船	yóu chuán	n
7	21766	古迹	gǔ jì	n
7	21771	照办	zhào bàn	v
7	21777	合情合理	hé qíng hé lǐ	l
7	21778	豁出去	huō chu qu	v
7	21781	百分比	bǎi fēn bǐ	n
7	21781	效仿	xiào fǎng	v
7	21788	和平共处	hé píng gòng chǔ	v
7	21812	发起人	fā qǐ rén	n
7	21822	海藻	hǎi zǎo	n
7	21833	紧缩	jǐn suō	v,vn
7	21834	功臣	gōng chén	n
7	21836	上火	shàng huǒ	v
7	21838	成问题	chéng wèn tí	v
7	21839	起跑线	qǐ pǎo xiàn	n
7	21841	水落石出	shuǐ luò shí chū	l
7	21846	发源地	fā yuán dì	n
7	21854	顺理成章	shùn lǐ chéng zhāng	v
7	21872	继父	jì fù	n
7	21881	焕发	huàn fā	v
7	21883	恩赐	ēn cì	vn,v
7	21901	遭殃	zāo yāng	v
7	21904	纵观	zòng guān	v
7	21905	难点	nán diǎn	n
7	21908	招揽	zhāo lǎn	v
7	21919	追悼会	zhuī dào huì	n
7	21943	助威	zhù wēi	v,vn
7	21954	转学	zhuǎn xué	v
7	21967	原装	yuán zhuāng	b
7	21972	还款	huán kuǎn	v,vn
7	21978	靶子	bǎ zi	n
7	21983	产地	chǎn dì	n
7	21983	气馁	qì něi	a
7	21998	奔赴	bēn fù	v
7	22018	滨海	Bīn hǎi / bīn hǎi	n
7	22040	口哨	kǒu shào	n
7	22069	受惊	shòu jīng	v
7	22086	来年	lái nián	t
7	22095	孤零零	gū líng líng	z
7	22096	探亲	tàn qīn	v,vn
7	22135	卖弄	mài nong	v
7	22158	比试	bǐ shì	v
7	22163	大名鼎鼎	dà míng dǐng dǐng	v,l
7	22172	根治	gēn zhì	v
7	22176	好家伙	hǎo jiā huo	e
7	22192	就近	jiù jìn	d,b,a
7	22205	国宝	guó bǎo	n
7	22207	老实说	lǎo shí shuō	
7	22210	研讨	yán tǎo	vn,v
7	22215	一事无成	yī shì wú chéng	v
7	22219	翻天覆地	fān tiān fù dì	l
7	22226	逐年	zhú nián	d
7	22245	火候	huǒ hou	n
7	22248	波折	bō zhé	n
7	22262	见义勇为	jiàn yì yǒng wéi	v
7	22266	品行	pǐn xíng	n
7	22291	合资	hé zī	vn,v
7	22301	顺应	shùn yìng	v
7	22336	紧缺	jǐn quē	a
7	22351	挖苦	wā kǔ	v,vn
7	22352	苦练	kǔ liàn	v,vn
7	22352	怨气	yuàn qì	n
7	22367	焦距	jiāo jù	n
7	22369	洋溢	yáng yì	v
7	22390	立方	lì fāng	q
7	22432	难为情	nán wéi qíng	a
7	22435	泥潭	ní tán	n
7	22438	何苦	hé kǔ	d
7	22440	巴不得	bā bu de	v
7	22444	大体上	dà tǐ shàng	d
7	22455	宝库	bǎo kù	n
7	22458	忌讳	jì huì	v,vn
7	22460	宏观	hóng guān	n
7	22465	保修	bǎo xiū	v,vn
7	22467	神态	shén tài	n
7	22484	省事	shěng shì / xǐng shì	a,v
7	22495	首创	shǒu chuàng	v,vn
7	22497	导火索	dǎo huǒ suǒ	n
7	22505	磨合	mó hé	v,vn
7	22506	喜事	xǐ shì	n
7	22508	交响乐	jiāo xiǎng yuè	n
7	22513	形形色色	xíng xíng sè sè	l
7	22518	投奔	tóu bèn	v
7	22538	瓜子	guā zǐ	n
7	22556	旱	hàn	a
7	22560	谈起	tán qǐ	v
7	22582	画册	huà cè	n
7	22584	调控	tiáo kòng	vn,v
7	22586	日前	rì qián	t
7	22588	指手画脚	zhǐ shǒu huà jiǎo	l
7	22592	开发区	kāi fā qū	n
7	22608	辞呈	cí chéng	n
7	22620	泄气	xiè qì	v,vn
7	22630	嘲弄	cháo nòng	v,vn
7	22639	倾销	qīng xiāo	v
7	22644	来龙去脉	lái lóng qù mài	l
7	22648	身不由己	shēn bù yóu jǐ	v
7	22650	不平	bù píng	a,an
7	22657	相传	xiāng chuán	v
7	22659	难说	nán shuō	v
7	22660	纪实	jì shí	n
7	22670	层出不穷	céng chū bù qióng	v
7	22676	市场经济	shì chǎng jīng jì	n
7	22679	独唱	dú chàng	vn,v
7	22691	就座	jiù zuò	v
7	22702	由来	yóu lái	n
7	22704	穴位	xué wèi	n
7	22706	硬朗	yìng lǎng	a
7	22711	绕行	rào xíng	v,vn
7	22740	开场白	kāi chǎng bái	n
7	22744	交纳	jiāo nà	v
7	22767	告状	gào zhuàng	v
7	22772	过半	guò bàn	v
7	22789	立交桥	lì jiāo qiáo	n
7	22806	百科全书	bǎi kē quán shū	n
7	22818	请柬	qǐng jiǎn	n
7	22831	说白了	shuō bái le	
7	22843	吃苦	chī kǔ	v,vn
7	22888	不难	bù nán	d
7	22897	惊天动地	jīng tiān dòng dì	v
7	22923	通车	tōng chē	v
7	22928	珍视	zhēn shì	v,vn
7	22932	鲜美	xiān měi	a
7	22948	起劲	qǐ jìn	a
7	22958	症结	zhēng jié	n
7	22968	断断续续	duàn duàn xù xù	l
7	22977	水槽	shuǐ cáo	n
7	22998	滞后	zhì hòu	v
7	22999	仿制	fǎng zhì	v
7	23007	本分	běn fèn	n,a
7	23019	统筹	tǒng chóu	v,vn
7	23023	文雅	wén yǎ	a
7	23050	一干二净	yī gān èr jìng	l
7	23052	尼龙	ní lóng	n
7	23092	笛子	dí zi	n
7	23094	年限	nián xiàn	n
7	23101	送别	sòng bié	v,vn
7	23110	华裔	Huá yì	n
7	23121	趁早	chèn zǎo	d
7	23123	劲头	jìn tóu	n
7	23141	时隔	shí gé	v
7	23153	继母	jì mǔ	n
7	23161	伯父	bó fù	n
7	23162	意料之外	yì liào zhī wài	
7	23188	超车	chāo chē	v
7	23211	无可厚非	wú kě hòu fēi	v
7	23233	基本功	jī běn gōng	n
7	23240	算盘	suàn pán	n
7	23250	适量	shì liàng	a,ad
7	23267	刺骨	cì gǔ	z
7	23271	麻辣	má là	z
7	23273	叮嘱	dīng zhǔ	v,vn
7	23290	馋	chán	a
7	23343	全长	quán cháng	n
7	23363	刁难	diāo nàn	v,vn
7	23364	领事馆	lǐng shì guǎn	n
7	23378	外籍	wài jí	n
7	23387	航天员	háng tiān yuán	n
7	23388	不以为然	bù yǐ wéi rán	v
7	23388	翻番	fān fān	v
7	23389	猖狂	chāng kuáng	a,ad
7	23390	国画	guó huà	
7	23393	倔	jué / juè	a
7	23415	哆嗦	duō suo	v
7	23419	振兴	Zhèn xīng / zhèn xīng	v
7	23421	奋勇	fèn yǒng	d
7	23422	壮丽	zhuàng lì	a,an
7	23423	沸沸扬扬	fèi fèi yáng yáng	l
7	23427	贫富	pín fù	n
7	23457	疲惫不堪	pí bèi bù kān	l
7	23488	诉苦	sù kǔ	v
7	23491	土生土长	tǔ shēng tǔ zhǎng	v
7	23516	敦促	dūn cù	v
7	23538	孝敬	xiào jìng	v
7	23559	素养	sù yǎng	n
7	23571	每逢	měi féng	v
7	23581	出任	chū rèn	v
7	23584	出道	chū dào	v
7	23584	人工智能	rén gōng zhì néng	n
7	23612	鸟巢	niǎo cháo	n
7	23620	接二连三	jiē èr lián sān	l
7	23623	独身	dú shēn	n
7	23643	共性	gòng xìng	n
7	23649	一概	yī gài	d
7	23658	亲和力	qīn hé lì	n
7	23667	保质期	bǎo zhì qī	n
7	23678	供奉	gòng fèng	v
7	23681	尾气	wěi qì	n
7	23703	状元	zhuàng yuán	n
7	23719	节俭	jié jiǎn	a,ad
7	23721	悦耳	yuè ěr	a
7	23722	激化	jī huà	v,vn
7	23722	内行	nèi háng	n,a
7	23740	屡次	lǚ cì	d
7	23746	窟窿	kū long	n
7	23747	错综复杂	cuò zōng fù zá	v
7	23747	魄力	pò lì	n
7	23749	逾期	yú qī	v,vn
7	23784	风貌	fēng mào	n
7	23788	供求	gōng qiú	n
7	23794	年迈	nián mài	z
7	23812	睡袋	shuì dài	n
7	23813	神气	shén qì	a,n
7	23842	勤快	qín kuài	a
7	23856	精妙	jīng miào	a,an
7	23872	生硬	shēng yìng	a
7	23878	国情	guó qíng	n
7	23912	供不应求	gōng bù yìng qiú	v
7	23912	话费	huà fèi	n
7	23913	乖巧	guāi qiǎo	a
7	23913	邻国	lín guó	n
7	23952	避暑	bì shǔ	vn,v
7	23963	元宵节	Yuán xiāo jié	
7	23966	绝缘	jué yuán	vn,v
7	23985	万万	wàn wàn	l
7	23986	看热闹	kàn rè nao	v
7	23988	苗头	miáo tou	n
7	24002	浩劫	hào jié	n
7	24038	缤纷	bīn fēn	z
7	24046	段落	duàn luò	n
7	24091	畅谈	chàng tán	v
7	24091	热腾腾	rè téng téng	z
7	24091	喧哗	xuān huá	v
7	24111	文具	wén jù	n
7	24113	富含	fù hán	v
7	24145	不了了之	bù liǎo liǎo zhī	v
7	24155	祭奠	jì diàn	v,vn
7	24157	换位	huàn wèi	v,vn
7	24165	整数	zhěng shù	n
7	24169	第一线	dì yī xiàn	n
7	24176	传人	chuán rén	n
7	24179	赞许	zàn xǔ	v,vn
7	24201	饶恕	ráo shù	v
7	24205	蓬勃	péng bó	ad,a
7	24208	竣工	jùn gōng	v
7	24215	水温	shuǐ wēn	n
7	24231	涵义	hán yì	n
7	24286	占卜	zhān bǔ	v
7	24304	燃放	rán fàng	v
7	24305	甚至于	shèn zhì yú	d
7	24357	客运	kè yùn	n
7	24358	民俗	mín sú	n
7	24385	夜校	yè xiào	n
7	24389	轮换	lún huàn	v,vn
7	24425	棱角	léng jiǎo	n
7	24432	贮藏	zhù cáng	v,vn
7	24467	切身	qiè shēn	b,d
7	24504	全文	quán wén	n
7	24505	相依为命	xiāng yī wéi mìng	v
7	24518	赞不绝口	zàn bù jué kǒu	v
7	24526	俗语	sú yǔ	n
7	24532	标榜	biāo bǎng	v
7	24532	玄机	xuán jī	n
7	24553	鞭策	biān cè	v,vn
7	24563	境外	jìng wài	s
7	24574	拜见	bài jiàn	v
7	24600	敢情	gǎn qing	d
7	24619	攻读	gōng dú	v
7	24633	归纳	guī nà	v,vn
7	24694	慈祥	cí xiáng	a
7	24705	过硬	guò yìng	a
7	24707	怠慢	dài màn	v
7	24710	荡漾	dàng yàng	v
7	24715	形影不离	xíng yǐng bù lí	v
7	24740	揣测	chuǎi cè	v
7	24750	把关	bǎ guān	v
7	24755	茅台酒	máo tái jiǔ	
7	24764	苦力	kǔ lì	n
7	24774	光碟	guāng dié	n
7	24790	恍然大悟	huǎng rán dà wù	v
7	24828	遇险	yù xiǎn	v,vn
7	24846	不相上下	bù xiāng shàng xià	v
7	24852	少林寺	Shào lín Sì	n
7	24863	红润	hóng rùn	a
7	24868	未知数	wèi zhī shù	n
7	24881	爆满	bào mǎn	v
7	24898	骨气	gǔ qì	n
7	24924	冒昧	mào mèi	a
7	24933	庙会	miào huì	n
7	24943	下期	xià qī	n
7	24961	退让	tuì ràng	v,vn
7	24961	枣	zǎo	n
7	24973	一系列	yī xì liè	b
7	24983	文科	wén kē	n
7	24986	伯伯	bó bo	n
7	25015	辽阔	liáo kuò	a
7	25051	酿造	niàng zào	vn,v
7	25055	翻来覆去	fān lái fù qù	v
7	25088	操劳	cāo láo	v,vn
7	25091	试用期	shì yòng qī	n,t
7	25109	礁石	jiāo shí	n
7	25118	筹措	chóu cuò	v
7	25125	不像话	bù xiàng huà	a
7	25167	兼任	jiān rèn	v
7	25169	差额	chā é	n
7	25212	食宿	shí sù	n
7	25212	要强	yào qiáng	a
7	25216	逊色	xùn sè	a
7	25263	出丑	chū chǒu	v
7	25267	野餐	yě cān	n
7	25274	着力	zhuó lì	v
7	25279	笨重	bèn zhòng	a
7	25287	纲领	gāng lǐng	n
7	25289	归根到底	guī gēn dào dǐ	l
7	25298	耗时	hào shí	v
7	25325	空想	kōng xiǎng	n,v
7	25337	立功	lì gōng	v
7	25358	眼红	yǎn hóng	v
7	25369	遗愿	yí yuàn	n
7	25370	下调	xià diào / xià tiáo	v
7	25370	野营	yě yíng	vn
7	25371	富足	fù zú	a,an
7	25371	特例	tè lì	n
7	25376	共同体	gòng tóng tǐ	n
7	25388	挎	kuà	v
7	25389	半途而废	bàn tú ér fèi	v
7	25457	熏陶	xūn táo	vn,v
7	25479	后顾之忧	hòu gù zhī yōu	l
7	25479	埋没	mái mò	v
7	25506	无不	wú bù	d
7	25510	拄	zhǔ	v
7	25516	外贸	wài mào	n
7	25542	根深蒂固	gēn shēn dì gù	v
7	25625	评论员	píng lùn yuán	n
7	25628	循序渐进	xún xù jiàn jìn	v
7	25640	公费	gōng fèi	n
7	25647	猎犬	liè quǎn	n
7	25685	造价	zào jià	n
7	25716	分寸	fēn cun	n
7	25720	忠贞	zhōng zhēn	n,a
7	25753	谜语	mí yǔ	n
7	25765	多功能	duō gōng néng	b
7	25766	苦笑	kǔ xiào	v,n
7	25769	按理说	àn lǐ shuō	v
7	25787	休眠	xiū mián	vn,v
7	25802	照例	zhào lì	d
7	25820	心安理得	xīn ān lǐ dé	v
7	25827	船舶	chuán bó	n
7	25831	衰弱	shuāi ruò	a,an
7	25860	不翼而飞	bù yì ér fēi	v
7	25860	免职	miǎn zhí	v,vn
7	25869	无微不至	wú wēi bù zhì	l
7	25897	吹捧	chuī pěng	v,vn
7	25962	篇幅	piān fu	n
7	25971	牵头	qiān tóu	v
7	25988	表率	biǎo shuài	n
7	25996	徐徐	xú xú	d
7	26016	一晃	yī huǎng	v
7	26017	污秽	wū huì	n
7	26032	没辙	méi zhé	v
7	26034	秀丽	xiù lì	a
7	26048	司空见惯	sī kōng jiàn guàn	v
7	26049	风风雨雨	fēng fēng yǔ yǔ	l,n
7	26057	下旬	xià xún	t
7	26068	内向	nèi xiàng	a
7	26104	纵然	zòng rán	c
7	26105	喜怒哀乐	xǐ nù āi lè	l
7	26109	并行	bìng xíng	vn,v
7	26109	骏马	jùn mǎ	n
7	26154	鉴赏	jiàn shǎng	vn,v
7	26160	挂钩	guà gōu	v
7	26162	独立自主	dú lì zì zhǔ	v
7	26169	灼热	zhuó rè	z
7	26198	微观	wēi guān	n
7	26199	过意不去	guò yì bù qù	v
7	26207	缆车	lǎn chē	n
7	26214	嫁妆	jià zhuang	n
7	26223	倾家荡产	qīng jiā dàng chǎn	l
7	26229	不亦乐乎	bù yì lè hū	v
7	26236	挨家挨户	āi jiā āi hù	l
7	26246	佳节	jiā jié	n
7	26251	松绑	sōng bǎng	v
7	26254	伤脑筋	shāng nǎo jīn	v
7	26277	月票	yuè piào	n
7	26282	无精打采	wú jīng dǎ cǎi	v
7	26284	瓜分	guā fēn	v
7	26292	文人	wén rén	n,nr
7	26319	冗长	rǒng cháng	a
7	26326	红薯	hóng shǔ	n
7	26329	边远	biān yuǎn	b
7	26341	寓言	yù yán	n
7	26355	爱不释手	ài bù shì shǒu	v
7	26395	误区	wù qū	n
7	26408	气魄	qì pò	n
7	26414	底子	dǐ zi	n
7	26421	摇摇欲坠	yáo yáo yù zhuì	v
7	26439	艳丽	yàn lì	a
7	26445	辛酸	xīn suān	a,an
7	26466	海运	hǎi yùn	vn,v
7	26480	一声不吭	yī shēng bù kēng	l
7	26487	封顶	fēng dǐng	vn,v
7	26492	长足	cháng zú	a
7	26517	功底	gōng dǐ	n
7	26542	退却	tuì què	v,vn
7	26552	凯歌	kǎi gē	n
7	26589	引人入胜	yǐn rén rù shèng	v
7	26590	凸显	tū xiǎn	v
7	26598	铲子	chǎn zi	n
7	26598	商贩	shāng fàn	n
7	26601	以身作则	yǐ shēn zuò zé	v
7	26657	丘陵	qiū líng	n
7	26676	要领	yào lǐng	n
7	26677	附和	fù hè	v
7	26690	发扬光大	fā yáng guāng dà	v
7	26721	失传	shī chuán	v
7	26725	无足轻重	wú zú qīng zhòng	v
7	26730	订立	dìng lì	v
7	26745	味精	wèi jīng	n
7	26758	亏本	kuī běn	v
7	26774	两口子	liǎng kǒu zi	n
7	26855	合作社	hé zuò shè	n
7	26873	竹竿	zhú gān	n
7	26877	纬度	wěi dù	n
7	26891	勾画	gōu huà	v
7	26895	换言之	huàn yán zhī	cc
7	26904	胸有成竹	xiōng yǒu chéng zhú	v
7	26950	居高临下	jū gāo lín xià	v
7	26967	粽子	zòng zi	n
7	26972	铺路	pū lù	v,vn
7	26979	胜出	shèng chū	v,vn
7	26984	老汉	lǎo hàn	n
7	26988	疏导	shū dǎo	v,vn
7	26990	指南针	zhǐ nán zhēn	n
7	26991	收复	shōu fù	v
7	27007	伯母	bó mǔ	n
7	27035	串门	chuàn mén	v
7	27054	触觉	chù jué	n
7	27067	伸缩	shēn suō	vn,v
7	27081	山川	shān chuān	n
7	27081	长征	Cháng zhēng / cháng zhēng	n,nz
7	27107	养生	yǎng shēng	vn,v
7	27115	侧重	cè zhòng	v
7	27134	拙劣	zhuō liè	a
7	27135	产值	chǎn zhí	n
7	27145	赡养	shàn yǎng	v,vn
7	27174	深入人心	shēn rù rén xīn	v
7	27190	触目惊心	chù mù jīng xīn	v
7	27202	阿拉伯语	Ā lā bó yǔ	nz
7	27245	孪生	luán shēng	b
7	27249	异想天开	yì xiǎng tiān kāi	v
7	27257	晃荡	huàng dang	v
7	27300	与日俱增	yǔ rì jù zēng	v
7	27310	韧性	rèn xìng	n
7	27327	姥爷	lǎo ye	n
7	27332	教条	jiào tiáo	n,v
7	27338	哭笑不得	kū xiào bù dé	l
7	27340	心病	xīn bìng	n
7	27353	钳子	qián zi	n
7	27384	心慌	xīn huāng	a,an
7	27396	兢兢业业	jīng jīng yè yè	v
7	27414	波涛	bō tāo	n
7	27419	殷勤	yīn qín	a,ad
7	27444	毅然	yì rán	d
7	27449	景区	jǐng qū	n
7	27462	菜市场	cài shì chǎng	n
7	27476	争先恐后	zhēng xiān kǒng hòu	l
7	27483	赫然	hè rán	z
7	27484	威慑	wēi shè	vn,v
7	27498	雷同	léi tóng	v,vn
7	27500	出风头	chū fēng tou	v
7	27508	输家	shū jiā	n
7	27576	中庸	Zhōng yōng / zhōng yōng	n
7	27587	阎王	Yán wáng	n
7	27618	小康	Xiǎo kāng / xiǎo kāng	n
7	27620	叫板	jiào bǎn	
7	27668	异口同声	yì kǒu tóng shēng	l
7	27672	成才	chéng cái	v
7	27678	揣摩	chuǎi mó	v
7	27713	公安局	gōng ān jú	n
7	27738	密不可分	mì bù kě fēn	v
7	27751	五花八门	wǔ huā bā mén	l
7	27799	火辣辣	huǒ là là	z
7	27807	取经	qǔ jīng	v
7	27809	口吃	kǒu chī	v
7	27819	目不转睛	mù bù zhuǎn jīng	l
7	27852	连绵	lián mián	z
7	27875	惩处	chéng chǔ	v,vn
7	27880	暴利	bào lì	n
7	27889	原汁原味	yuán zhī yuán wèi	l
7	27893	苦心	kǔ xīn	n
7	27919	一揽子	yī lǎn zi	l,q
7	27956	卫视	wèi shì	n
7	27975	浮躁	fú zào	a
7	27998	精疲力竭	jīng pí lì jié	v
7	28006	廉洁	lián jié	a
7	28007	柳树	liǔ shù	n
7	28045	欢声笑语	huān shēng xiào yǔ	l
7	28050	舵手	duò shǒu	n
7	28084	分外	fèn wài	d
7	28113	边疆	biān jiāng	s
7	28114	酷似	kù sì	v
7	28126	质朴	zhì pǔ	a
7	28158	酒楼	jiǔ lóu	n
7	28185	推敲	tuī qiāo	v
7	28188	驮	tuó / duò	v
7	28194	广义	guǎng yì	n
7	28207	隐情	yǐn qíng	n
7	28228	易拉罐	yì lā guàn	n
7	28231	接班	jiē bān	v
7	28240	肥沃	féi wò	a
7	28264	淡季	dàn jì	t,n
7	28270	浓重	nóng zhòng	a
7	28296	日新月异	rì xīn yuè yì	v
7	28333	推辞	tuī cí	v
7	28346	志气	zhì qì	n
7	28405	生命线	shēng mìng xiàn	n
7	28406	夜以继日	yè yǐ jì rì	l
7	28410	郊游	jiāo yóu	v
7	28447	反差	fǎn chā	n
7	28450	茂盛	mào shèng	a
7	28471	励志	lì zhì	nr
7	28491	骇人听闻	hài rén tīng wén	v
7	28494	晶莹	jīng yíng	a,an
7	28502	便道	biàn dào	n
7	28524	呼应	hū yìng	v
7	28546	出土	chū tǔ	v
7	28557	好客	hào kè	a,an
7	28565	不服	bù fú	v
7	28577	挂号	guà hào	v
7	28620	自相矛盾	zì xiāng máo dùn	v
7	28683	罢免	bà miǎn	v
7	28718	圣贤	shèng xián	n
7	28720	脊梁	jǐ liáng / jǐ liang	n
7	28724	求学	qiú xué	v
7	28791	居民楼	jū mín lóu	n
7	28797	两栖	liǎng qī	b
7	28809	帘子	lián zi	n
7	28810	衰减	shuāi jiǎn	vn,v
7	28840	宽厚	kuān hòu	a
7	28840	祖传	zǔ chuán	vn
7	28853	浏览器	liú lǎn qì	n
7	28881	艰苦奋斗	jiān kǔ fèn dòu	v
7	28882	急转弯	jí zhuǎn wān	v
7	28922	拍板	pāi bǎn	v
7	28925	相对而言	xiāng duì ér yán	c
7	28932	拜年	bài nián	v
7	28984	古今中外	gǔ jīn zhōng wài	
7	28994	计策	jì cè	n
7	29028	惊诧	jīng chà	a,an
7	29040	夜市	yè shì	n
7	29056	谈不上	tán bu shàng	v
7	29072	抚养费	fǔ yǎng fèi	n
7	29081	水稻	shuǐ dào	n
7	29102	牧民	mù mín	n
7	29120	接轨	jiē guǐ	v
7	29148	腐化	fǔ huà	v,a
7	29214	蚊帐	wén zhàng	n
7	29216	温度计	wēn dù jì	n
7	29234	作客	zuò kè	v
7	29334	妨害	fáng hài	v
7	29362	耍赖	shuǎ lài	v
7	29365	持之以恒	chí zhī yǐ héng	v
7	29399	家境	jiā jìng	n
7	29487	彬彬有礼	bīn bīn yǒu lǐ	l
7	29493	药材	yào cái	n
7	29495	拉动	lā dòng	v
7	29506	秀美	xiù měi	a
7	29537	出主意	chū zhǔ yi	
7	29574	树荫	shù yīn	n
7	29606	恼羞成怒	nǎo xiū chéng nù	v
7	29615	自私自利	zì sī zì lì	v
7	29648	喜出望外	xǐ chū wàng wài	v
7	29691	股民	gǔ mín	n
7	29692	笼统	lǒng tǒng	a,ad
7	29716	吃喝玩乐	chī hē wán lè	v
7	29733	了却	liǎo què	v
7	29754	比比皆是	bǐ bǐ jiē shì	v
7	29769	光缆	guāng lǎn	n
7	29792	主食	zhǔ shí	n
7	29794	落差	luò chā	n
7	29803	建树	jiàn shù	n,v,vn
7	29823	马戏	mǎ xì	n
7	29863	斧子	fǔ zi	n
7	29867	这样一来	zhè yàng yī lái	l
7	29873	急迫	jí pò	a
7	29889	长期以来	cháng qī yǐ lái	l
7	29897	海量	hǎi liàng	n
7	29941	聘任	pìn rèn	vn,v
7	29945	扫墓	sǎo mù	v
7	29949	容光焕发	róng guāng huàn fā	v
7	29955	预售	yù shòu	vn
7	29962	弄虚作假	nòng xū zuò jiǎ	v
7	29984	管理费	guǎn lǐ fèi	n
7	29989	改版	gǎi bǎn	v
7	30010	喜糖	xǐ táng	
7	30023	下坠	xià zhuì	v
7	30053	自费	zì fèi	d
7	30092	集邮	jí yóu	vn,v
7	30109	探求	tàn qiú	v,vn
7	30125	侍候	shì hòu	v
7	30150	得不偿失	dé bù cháng shī	v
7	30151	年画	nián huà	
7	30185	出山	chū shān	v
7	30186	贯通	guàn tōng	v
7	30218	翠绿	cuì lǜ	z
7	30221	试行	shì xíng	v,vn
7	30256	审定	shěn dìng	v,vn
7	30323	陪葬	péi zàng	v
7	30332	重合	chóng hé	v
7	30346	耐人寻味	nài rén xún wèi	v
7	30356	天经地义	tiān jīng dì yì	l
7	30360	茂密	mào mì	a,ad
7	30382	纯朴	chún pǔ	a,an
7	30408	艰险	jiān xiǎn	an,a
7	30424	久仰	jiǔ yǎng	v
7	30455	中国画	Zhōng guó huà	
7	30471	恰如其分	qià rú qí fèn	l
7	30508	请帖	qǐng tiě	n
7	30527	寥寥无几	liáo liáo wú jǐ	v
7	30562	工序	gōng xù	n
7	30583	佐料	zuǒ liào	n
7	30687	夸耀	kuā yào	v
7	30752	猜谜	cāi mí	v
7	30764	拜会	bài huì	v
7	30799	温习	wēn xí	v
7	30806	伸张	shēn zhāng	v,vn
7	30827	老字号	lǎo zì hào	n
7	30846	熙熙攘攘	xī xī rǎng rǎng	v
7	30870	香油	xiāng yóu	n
7	30898	僵化	jiāng huà	v
7	30948	平价	píng jià	n
7	31034	滑梯	huá tī	n
7	31068	死心塌地	sǐ xīn tā dì	
7	31077	无可奉告	wú kě fèng gào	v
7	31080	簇拥	cù yōng	v,vn
7	31135	网点	wǎng diǎn	n
7	31152	撤换	chè huàn	v
7	31166	搀	chān	v
7	31178	欢聚	huān jù	v
7	31186	出毛病	chū máo bìng	v
7	31236	大棚	dà péng	n
7	31253	概况	gài kuàng	n
7	31301	耳熟能详	ěr shú néng xiáng	v
7	31328	起程	qǐ chéng	v
7	31355	顾不得	gù bu de	v
7	31406	讥笑	jī xiào	v,vn
7	31431	清脆	qīng cuì	a
7	31432	瞻仰	zhān yǎng	v
7	31433	耸立	sǒng lì	v
7	31436	掉队	diào duì	v
7	31449	恩情	ēn qíng	n
7	31449	商贾	shāng gǔ	
7	31458	治学	zhì xué	
7	31466	大同小异	dà tóng xiǎo yì	v
7	31471	磋商	cuō shāng	vn,v
7	31485	折合	zhé hé	v
7	31529	奸诈	jiān zhà	a
7	31554	开垦	kāi kěn	v
7	31560	一应俱全	yī yīng jù quán	v
7	31567	豁	huá / huō / huò	v
7	31573	主题歌	zhǔ tí gē	n
7	31575	学堂	xué táng	n
7	31592	太极拳	tài jí quán	n
7	31623	防疫	fáng yì	vn
7	31683	素不相识	sù bù xiāng shí	v
7	31683	重中之重	zhòng zhōng zhī zhòng	l
7	31751	谋害	móu hài	v
7	31752	面面俱到	miàn miàn jù dào	v
7	31838	呼风唤雨	hū fēng huàn yǔ	l
7	31904	精打细算	jīng dǎ xì suàn	v
7	31915	一筹莫展	yī chóu mò zhǎn	v
7	31940	砂糖	shā táng	n
7	31990	潜移默化	qián yí mò huà	v
7	32018	富强	fù qiáng	a,an
7	32144	目中无人	mù zhōng wú rén	v
7	32146	函授	hán shòu	vn,v
7	32173	历届	lì jiè	b
7	32193	痴心	chī xīn	n
7	32224	竞相	jìng xiāng	d
7	32252	无所作为	wú suǒ zuò wéi	v
7	32270	纲要	gāng yào	n
7	32277	成群结队	chéng qún jié duì	l
7	32316	旭日	xù rì	n
7	32316	争光	zhēng guāng	v
7	32446	呜咽	wū yè	v
7	32453	回落	huí luò	v
7	32474	此起彼伏	cǐ qǐ bǐ fú	v
7	32491	宽泛	kuān fàn	a
7	32495	汪洋	wāng yáng	n,z
7	32503	灵机一动	líng jī yī dòng	v
7	32588	聚精会神	jù jīng huì shén	l
7	32601	划时代	huà shí dài	b
7	32609	驰名	chí míng	vn,v
7	32613	踏上	tà shàng	v
7	32691	因人而异	yīn rén ér yì	v
7	32748	旷课	kuàng kè	v
7	32766	不利于	bù lìyú	v
7	32771	稍候	shāo hòu	v
7	32774	义工	yì gōng	nr
7	32795	蕴涵	yùn hán	v
7	32822	不约而同	bù yuē ér tóng	l
7	32835	旱灾	hàn zāi	n
7	32851	古朴	gǔ pǔ	a
7	32878	出难题	chū nán tí	v
7	32906	亡羊补牢	wáng yáng bǔ láo	v
7	32916	哺育	bǔ yù	v,vn
7	32917	按说	àn shuō	d
7	32921	欣欣向荣	xīn xīn xiàng róng	v
7	32937	心急如焚	xīn jí rú fén	v
7	32971	官吏	guān lì	n
7	33124	千家万户	qiān jiā wàn hù	l
7	33147	备课	bèi kè	v
7	33149	走后门	zǒu hòu mén	v
7	33204	守株待兔	shǒu zhū dài tù	v
7	33250	改为	gǎi wéi	v
7	33298	落户	luò hù	v
7	33311	怜惜	lián xī	v
7	33317	师长	shī zhǎng	n
7	33380	惨白	cǎn bái	z
7	33401	碧绿	bì lǜ	z
7	33466	不辞而别	bù cí ér bié	v
7	33512	清明	Qīng míng / qīng míng	t,a
7	33525	常温	cháng wēn	n
7	33542	骤然	zhòu rán	d
7	33564	哗然	huá rán	z
7	33607	忙乱	máng luàn	a
7	33676	美中不足	měi zhōng bù zú	l
7	33772	不假思索	bù jiǎ sī suǒ	l
7	33799	豁达	huò dá	a
7	33898	防盗门	fáng dào mén	n
7	33911	见外	jiàn wài	v
7	33920	烦闷	fán mèn	a
7	33973	借条	jiè tiáo	n
7	33975	前无古人	qián wú gǔ rén	l
7	33998	朝代	cháo dài	n
7	34005	朝夕相处	zhāo xī xiāng chǔ	v
7	34026	诞辰	dàn chén	n
7	34045	碍事	ài shì	a
7	34085	混浊	hùn zhuó	a,an
7	34171	僻静	pì jìng	a
7	34172	小曲	xiǎo qǔ	n,nr
7	34239	纵深	zòng shēn	n
7	34285	萌发	méng fā	v
7	34295	堤坝	dī bà	n
7	34296	月初	yuè chū	t
7	34338	风和日丽	fēng hé rì lì	v
7	34339	学艺	xué yì	v
7	34376	洗涤剂	xǐ dí jì	n
7	34377	家家户户	jiā jiā hù hù	l
7	34481	大有可为	dà yǒu kě wéi	v
7	34502	偏方	piān fāng	n
7	34522	底蕴	dǐ yùn	n
7	34528	增收	zēng shōu	v
7	34544	依依不舍	yī yī bù shě	v
7	34562	可乘之机	kě chéng zhī jī	l
7	34580	一鼓作气	yī gǔ zuò qì	v
7	34581	害臊	hài sào	a
7	34585	东张西望	dōng zhāng xī wàng	v
7	34597	络绎不绝	luò yì bù jué	v
7	34629	物流	wù liú	n
7	34670	挂失	guà shī	v
7	34691	硕果	shuò guǒ	n
7	34752	秧歌	yāng ge	
7	34758	红眼	hóng yǎn	v
7	34781	畏缩	wèi suō	v
7	34807	多心	duō xīn	a
7	34808	杂乱无章	zá luàn wú zhāng	l
7	34810	举世闻名	jǔ shì wén míng	v
7	34813	愁眉苦脸	chóu méi kǔ liǎn	
7	34849	粗心大意	cū xīn dà yì	v
7	34909	争分夺秒	zhēng fēn duó miǎo	l
7	34927	龙舟	lóng zhōu	n
7	34963	垂头丧气	chuí tóu sàng qì	
7	34995	弊病	bì bìng	n
7	35059	化纤	huà xiān	n
7	35077	东道主	dōng dào zhǔ	n
7	35084	壮胆	zhuàng dǎn	v
7	35110	世袭	shì xí	vn
7	35140	农历	nóng lì	n
7	35184	珍重	zhēn zhòng	v
7	35198	夸夸其谈	kuā kuā qí tán	v
7	35280	下乡	xià xiāng	v
7	35345	举世瞩目	jǔ shì zhǔ mù	l
7	35386	弘扬	hóng yáng	v
7	35408	同人	tóng rén	n
7	35426	刚毅	gāng yì	a
7	35462	化险为夷	huà xiǎn wéi yí	v
7	35542	联欢	lián huān	v,vn
7	35572	俊俏	jùn qiào	a
7	35620	刮风	guā fēng	v
7	35620	走过场	zǒu guò chǎng	v
7	35633	扣人心弦	kòu rén xīn xián	v
7	35648	光明磊落	guāng míng lěi luò	v
7	35703	千钧一发	qiān jūn yī fà	l
7	35706	酌情	zhuó qíng	d
7	35836	千变万化	qiān biàn wàn huà	v
7	35838	朝气蓬勃	zhāo qì péng bó	v
7	35871	一个劲儿	yī gè jìn r	
7	35904	搞鬼	gǎo guǐ	v
7	35928	诚心诚意	chéng xīn chéng yì	l
7	35933	瑰宝	guī bǎo	n
7	35946	立方米	lì fāng mǐ	q
7	35990	公开信	gōng kāi xìn	n
7	36064	说不上	shuō bu shàng	v
7	36083	带头人	dài tóu rén	n
7	36099	一技之长	yī jì zhī cháng	l
7	36112	欠条	qiàn tiáo	n
7	36268	同舟共济	tóng zhōu gòng jì	v
7	36274	自强不息	zì qiáng bù xī	v
7	36363	堆砌	duī qì	v
7	36388	旗袍	qí páo	n
7	36421	说情	shuō qíng	v
7	36451	精益求精	jīng yì qiú jīng	v
7	36480	耻笑	chǐ xiào	v,vn
7	36523	跑龙套	pǎo lóng tào	v
7	36570	从容不迫	cóng róng bù pò	v
7	36571	稠密	chóu mì	a
7	36584	长达	cháng dá	nr,v
7	36631	洪亮	hóng liàng	a
7	36686	峰回路转	fēng huí lù zhuǎn	v
7	36701	嬉笑	xī xiào	v,vn
7	36715	鹤立鸡群	hè lì jī qún	v
7	36742	风沙	fēng shā	n
7	36835	大大咧咧	dà dà liē liē	z
7	36865	高新技术	gāo xīn jì shù	n
7	36979	喜洋洋	xǐ yáng yáng	
7	36984	假使	jiǎ shǐ	c
7	36991	讲学	jiǎng xué	v
7	37016	学子	xué zǐ	n
7	37070	工整	gōng zhěng	a
7	37141	荷花	hé huā	n
7	37206	提速	tí sù	v
7	37275	变幻莫测	biàn huàn mò cè	l,v
7	37285	求医	qiú yī	v
7	37289	理直气壮	lǐ zhí qì zhuàng	l
7	37325	由此可见	yóu cǐ kě jiàn	c
7	37401	沿线	yán xiàn	f
7	37424	水货	shuǐ huò	n
7	37468	树梢	shù shāo	n
7	37530	矿藏	kuàng cáng	n
7	37646	火暴	huǒ bào	a
7	37654	综上所述	zōng shàng suǒ shù	c
7	37673	旋涡	xuán wō	n
7	37724	一年到头	yī nián dào tóu	l
7	37792	漠然	mò rán	z
7	37817	一言一行	yī yán yī xíng	l
7	37849	沉甸甸	chén diàn diàn	z
7	37858	半边天	bàn biān tiān	n
7	37859	足智多谋	zú zhì duō móu	v
7	37874	似是而非	sì shì ér fēi	v
7	37900	人次	rén cì	qv
7	37930	改邪归正	gǎi xié guī zhèng	v
7	37994	敬而远之	jìng ér yuǎn zhī	v
7	38115	磁卡	cí kǎ	n
7	38128	柏树	bǎi shù	n
7	38140	贺电	hè diàn	n
7	38277	娇气	jiāo qì	a,n
7	38309	农民工	nóng mín gōng	n
7	38385	锦旗	jǐn qí	n
7	38411	衣食住行	yī shí zhù xíng	l
7	38438	多边	duō biān	b
7	38480	祖籍	zǔ jí	n
7	38524	浮力	fú lì	n
7	38570	能耗	néng hào	n
7	38579	犯愁	fàn chóu	v
7	38592	脉络	mài luò	n
7	38595	津津有味	jīn jīn yǒu wèi	l
7	38596	泼冷水	pō lěng shuǐ	v
7	38626	定心丸	dìng xīn wán	n
7	38676	沏	qī	v
7	38717	嫦娥	Cháng é	n
7	38737	烘托	hōng tuō	v
7	38742	不亚于	bù yà yú	v
7	38767	山岭	shān lǐng	n
7	38961	踊跃	yǒng yuè	ad
7	39024	强占	qiáng zhàn	v
7	39034	醇厚	chún hòu	a
7	39053	丰硕	fēng shuò	a
7	39081	观感	guān gǎn	n
7	39198	炉灶	lú zào	n
7	39207	改日	gǎi rì	d
7	39226	错别字	cuò bié zì	n
7	39235	侠义	xiá yì	a
7	39431	临街	lín jiē	vn,v
7	39443	相辅相成	xiāng fǔ xiāng chéng	v
7	39495	建交	jiàn jiāo	v
7	39508	分赃	fēn zāng	v
7	39543	繁体字	fán tǐ zì	
7	39680	勤工俭学	qín gōng jiǎn xué	v
7	39740	头头是道	tóu tóu shì dào	l
7	39851	打岔	dǎ chà	v
7	39936	车轴	chē zhóu	n
7	39944	国徽	Guó huī / guó huī	
7	39965	夺魁	duó kuí	v,vn
7	40023	慰劳	wèi láo	v
7	40048	半信半疑	bàn xìn bàn yí	v
7	40069	工科	gōng kē	n
7	40081	上旬	shàng xún	t
7	40154	譬如说	pì rú shuō	v
7	40182	壮实	zhuàng shi	a
7	40183	俯首	fǔ shǒu	v
7	40267	渣子	zhā zi	n
7	40377	兆头	zhào tou	n
7	40387	讹诈	é zhà	v,vn
7	40408	无恶不作	wú è bù zuò	v
7	40619	水涨船高	shuǐ zhǎng chuán gāo	v
7	40643	得天独厚	dé tiān dú hòu	l
7	40658	秉承	bǐng chéng	v
7	40806	华侨	Huá qiáo	n
7	40823	顾全大局	gù quán dà jú	v
7	40925	开天辟地	kāi tiān pì dì	v
7	41160	无形中	wú xíng zhōng	d
7	41183	远近闻名	yuǎn jìn wén míng	l
7	41281	过奖	guò jiǎng	v
7	41378	钻空子	zuān kòng zi	v
7	41381	恋恋不舍	liàn liàn bù shě	v
7	41404	七嘴八舌	qī zuǐ bā shé	v
7	41428	众志成城	zhòng zhì chéng chéng	v
7	41491	会意	huì yì	v
7	41546	说闲话	shuō xián huà	v
7	41903	积淀	jī diàn	vn,v
7	41929	逞能	chěng néng	v
7	42048	喜酒	xǐ jiǔ	n
7	42113	交头接耳	jiāo tóu jiē ěr	v
7	42113	阔绰	kuò chuò	a
7	42178	仙鹤	xiān hè	n
7	42205	有声有色	yǒu shēng yǒu sè	l
7	42319	左顾右盼	zuǒ gù yòu pàn	v
7	42411	私房钱	sī fáng qián	n
7	42583	活期	huó qī	b
7	42600	杠铃	gàng líng	n
7	42656	经度	jīng dù	n
7	42692	面红耳赤	miàn hóng ěr chì	l
7	42829	废寝忘食	fèi qǐn wàng shí	v
7	42917	任人宰割	rèn rén zǎi gē	v
7	43072	戈壁	Gē bì	n
7	43140	捉迷藏	zhuō mí cáng	
7	43203	诀别	jué bié	v,vn
7	43232	禾苗	hé miáo	
7	43397	门当户对	mén dāng hù duì	v
7	43564	一锅粥	yī guō zhōu	l
7	43668	川流不息	chuān liú bù xī	v
7	43697	絮叨	xù dao	v
7	43699	廉政	lián zhèng	n
7	43758	杨树	yáng shù	n
7	43779	对弈	duì yì	v,vn
7	43787	鸦雀无声	yā què wú shēng	v
7	43815	千军万马	qiān jūn wàn mǎ	l
7	43850	哄堂大笑	hōng táng dà xiào	v
7	44059	客流	kè liú	n
7	44081	可歌可泣	kě gē kě qì	v
7	44355	举世无双	jǔ shì wú shuāng	v
7	44358	盛气凌人	shèng qì líng rén	v
7	44403	心灵手巧	xīn líng shǒu qiǎo	v
7	44420	马后炮	mǎ hòu pào	v
7	44438	爱面子	ài miàn zi	a
7	44471	横七竖八	héng qī shù bā	
7	44513	孤陋寡闻	gū lòu guǎ wén	v
7	44589	赐教	cì jiào	v
7	44649	接济	jiē jì	v
7	45100	吵嘴	chǎo zuǐ	v
7	45241	师资	shī zī	n
7	45283	眉开眼笑	méi kāi yǎn xiào	
7	45361	斩草除根	zhǎn cǎo chú gēn	v
7	45740	前赴后继	qián fù hòu jì	v
7	45789	平常心	píng cháng xīn	n
7	46100	岂有此理	qǐ yǒu cǐ lǐ	
7	46262	彩霞	cǎi xiá	
7	46401	画龙点睛	huà lóng diǎn jīng	v
7	46444	精练	jīng liàn	a
7	46500	栋梁	dòng liáng	n
7	46523	攻关	gōng guān	vn
7	46527	走弯路	zǒu wān lù	v
7	46725	见仁见智	jiàn rén jiàn zhì	v
7	46817	发愣	fā lèng	v
7	46996	国学	guó xué	n
7	47111	画蛇添足	huà shé tiān zú	l
7	47346	酣睡	hān shuì	v
7	47502	对联	duì lián	n
7	47506	茶道	chá dào	n
7	47526	泰斗	tài dǒu	n
7	47595	暴风骤雨	bào fēng zhòu yǔ	l
7	47630	瑞雪	ruì xuě	
7	47671	一概而论	yī gài ér lùn	v
7	47811	大雁	dà yàn	n
7	47846	经贸	jīng mào	b
7	48109	潦草	liáo cǎo	a
7	48128	互信	hù xìn	v,vn
7	48367	乔装	qiáo zhuāng	
7	48461	大公无私	dà gōng wú sī	v
7	48536	海内外	hǎi nèi wài	s
7	48593	网民	wǎng mín	nr
7	48607	互访	hù fǎng	v
7	48743	思前想后	sī qián xiǎng hòu	v
7	48844	四合院	sì hé yuàn	n
7	48851	娇惯	jiāo guàn	v
7	48906	卡子	qiǎ zi	n
7	48991	萍水相逢	píng shuǐ xiāng féng	v
7	49030	多元	duō yuán	b
7	49146	多劳多得	duō láo duō dé	v
7	49154	干戈	gān gē	n
7	49559	迷惑不解	mí huò bù jiě	v
7	49606	汤圆	tāng yuán	n
7	49677	扑面而来	pū miàn ér lái	v
7	49756	冷酷无情	lěng kù wú qíng	
7	49890	引经据典	yǐn jīng jù diǎn	l
7	50123	抚恤	fǔ xù	vn
7	50260	愚公移山	yú gōng yí shān	v
7	50383	通顺	tōng shùn	a
7	50700	歌咏	gē yǒng	n
7	50762	桂花	guì huā	n
7	50862	小卒	xiǎo zú	n
7	50871	出洋相	chū yáng xiàng	v
7	51135	便饭	biàn fàn	n
7	51147	赞叹不已	zàn tàn bù yǐ	v
7	51225	纵横交错	zòng héng jiāo cuò	v
7	51478	节水	jié shuǐ	vn
7	51627	风餐露宿	fēng cān lù sù	v
7	51833	怡然自得	yí rán zì dé	v
7	52270	上期	shàng qī	b
7	52481	院士	yuàn shì	n
7	52623	绘声绘色	huì shēng huì sè	
7	52762	馅儿	xiàn r	n
7	52808	三番五次	sān fān wǔ cì	l
7	52918	忌口	jì kǒu	v
7	53042	举一反三	jǔ yī fǎn sān	v
7	53422	损人利己	sǔn rén lì jǐ	v
7	53428	野炊	yě chuī	v,vn
7	53537	涝	lào	v
7	53625	非金属	fēi jīn shǔ	n
7	53626	卤味	lǔ wèi	
7	53683	约定俗成	yuē dìng sú chéng	v
7	53755	无情无义	wú qíng wú yì	v
7	54019	耿直	gěng zhí	a
7	54122	顺差	shùn chā	n
7	54249	东奔西走	dōng bēn xī zǒu	v
7	54259	没说的	méi shuō de	v
7	54509	美滋滋	měi zī zī	z
7	54646	怠工	dài gōng	v
7	54775	单边	dān biān	b,d
7	55103	拉锁	lā suǒ	n
7	55268	没准儿	méi zhǔn r	
7	55315	抑扬顿挫	yì yáng dùn cuò	l
7	55380	藤椅	téng yǐ	n
7	55439	心眼儿	xīn yǎn r	
7	56118	有的放矢	yǒu dì fàng shǐ	v
7	56444	概论	gài lùn	n
7	56927	印刷术	yìn shuā shù	n
7	56997	经久不息	jīng jiǔ bù xī	v
7	57130	沽名钓誉	gū míng diào yù	v
7	57146	水灵灵	shuǐ líng líng	z
7	57428	沾光	zhān guāng	v
7	57431	简体字	jiǎn tǐ zì	
7	57468	腊月	Là yuè	t
7	57488	大包大揽	dà bāo dà lǎn	v
7	57663	朱红	zhū hóng	b
7	57699	由此看来	yóu cǐ kàn lái	l
7	57812	悲欢离合	bēi huān lí hé	l
7	58423	芦花	lú huā	
7	58511	节气	jié qi	n
7	59075	连滚带爬	lián gǔn dài pá	
7	59231	朝三暮四	zhāo sān mù sì	v
7	59477	内需	nèi xū	n
7	59499	敦厚	dūn hòu	a
7	59696	禅杖	chán zhàng	
7	60338	老伴儿	lǎo bàn r	n
7	61146	前仰后合	qián yǎng hòu hé	
7	61288	书橱	shū chú	n
7	61564	红扑扑	hóng pū pū	z
7	61816	迭起	dié qǐ	v
7	61827	船桨	chuán jiǎng	n
7	61916	槐树	huái shù	n
7	62389	大模大样	dà mú dà yàng	l
7	62722	贺信	hè xìn	n
7	62759	哗变	huá biàn	v
7	62971	冰棍儿	bīng gùn r	n
7	63111	节衣缩食	jié yī suō shí	v
7	63826	张灯结彩	zhāng dēng jié cǎi	v
7	64108	电铃	diàn líng	n
7	64279	公函	gōng hán	n
7	65189	陶冶	táo yě	v
7	65600	碰钉子	pèng dīng zi	v
7	66834	各奔前程	gè bèn qián chéng	v
7	67237	别具匠心	bié jù jiàng xīn	
7	68189	暖烘烘	nuǎn hōng hōng	z
7	68731	见钱眼开	jiàn qián yǎn kāi	
7	69479	爱理不理	ài lǐ bù lǐ	v
7	70197	奇花异草	qí huā yì cǎo	
7	70262	有口无心	yǒu kǒu wú xīn	
7	70265	帐子	zhàng zi	n
7	70634	半真半假	bàn zhēn bàn jiǎ	
7	70813	有两下子	yǒu liǎng xià zi	
7	71252	乘人之危	chéng rén zhī wēi	v
7	71586	穿小鞋	chuān xiǎo xié	v
7	73010	酣畅	hān chàng	a
7	73273	如醉如痴	rú zuì rú chī	
7	74024	耳闻目睹	ěr wén mù dǔ	v
7	74217	万古长青	wàn gǔ cháng qīng	
7	75450	一毛不拔	yī máo bù bá	
7	76491	发愤图强	fā fèn tú qiáng	
7	77415	默读	mò dú	v
7	77711	纳闷儿	nà mèn r	
7	77899	忍饥挨饿	rěn jī ái è	
7	79223	山冈	shān gāng	n
7	80787	势不可当	shì bù kě dāng	v
7	82206	侃大山	kǎn dà shān	
7	83856	不耻下问	bù chǐ xià wèn	
7	84475	爆冷门	bào lěng mén	v
7	84607	出口成章	chū kǒu chéng zhāng	
7	87095	个头儿	gè tóu r	
7	91958	括弧	kuò hú	
7	93172	造纸术	zào zhǐ shù	
7	96255	兜儿	dōu r	
7	96545	长效	cháng xiào	n
7	99591	遂心	suì xīn	v
7	102372	敲边鼓	qiāo biān gǔ	v
7	108475	刻舟求剑	kè zhōu qiú jiàn	
7	110959	一长一短	yī cháng yī duǎn	
7	114959	鹏程万里	péng chéng wàn lǐ	
7	117710	闹着玩儿	nào zhe wán r	
7	164953	得意扬扬	dé yì yáng yáng	
7	182989	随大溜	suí dà liù	
7	379791	廉正	lián zhèng	
7	1000000	办不到	bàn bu dào	
7	1000000	报亭	bào tíng	
7	1000000	便利店	biàn lì diàn	
7	1000000	别提了	bié tí le	
7	1000000	不服气	bù fú qì	
7	1000000	操控	cāo kòng	
7	1000000	茶馆儿	chá guǎn r	
7	1000000	吃不上	chī bu shàng	
7	1000000	吹了	chuī le	
7	1000000	从今以后	cóng jīn yǐ hòu	
7	1000000	从早到晚	cóng zǎo dào wǎn	
7	1000000	打盹儿	dǎ dǔn r	
7	1000000	大数据	dà shù jù	
7	1000000	大腕儿	dà wàn r	
7	1000000	低碳	dī tàn	
7	1000000	点击率	diǎn jī lǜ	
7	1000000	防汛	fáng xùn	
7	1000000	搞笑	gǎo xiào	
7	1000000	公示	gōng shì	
7	1000000	顾不上	gù bu shàng	
7	1000000	后备箱	hòu bèi xiāng	
7	1000000	忽高忽低	hū gāo hū dī	
7	1000000	极少数	jí shǎo shù	
7	1000000	接听	jiē tīng	
7	1000000	离谱儿	lí pǔr5	
7	1000000	咧嘴	liě zuǐ	
7	1000000	领军	lǐng jūn	
7	1000000	聋人	lóng rén	
7	1000000	沐浴露	mù yù lù	
7	1000000	哪知道	nǎ zhī dào	
7	1000000	难得一见	nán dé yī jiàn	
7	1000000	难以想象	nányǐxiǎngxiàng	
7	1000000	人缘儿	rén yuán r	
7	1000000	如果说	rú guǒ shuō	
7	1000000	软实力	ruǎn shí lì	
7	1000000	时好时坏	shí hǎo shí huài	
7	1000000	受过	shòu guò	
7	1000000	双赢	shuāng yíng	
7	1000000	谁知道	shéi zhī dào	
7	1000000	说干就干	shuō gàn jiù gàn	
7	1000000	说老实话	shuō lǎo shi huà	
7	1000000	说起来	shuō qǐlái	
7	1000000	说真的	shuō zhēn de	
7	1000000	私家车	sī jiā chē	
7	1000000	搜救	sōu jiù	
7	1000000	贪玩儿	tān wánr5	
7	1000000	讨人喜欢	tǎo rén xǐ huan	
7	1000000	性价比	xìng jià bǐ	
7	1000000	一卡通	Yī kǎ tōng	
7	1000000	与时俱进	yǔ shí jù jìn	
7	1000000	原创	yuán chuàng	
7	1000000	着眼于	zhuóyǎn yú	
7	1000000	正能量	zhèng néng liàng	
7	1000000	追尾	zhuī wěi	
7	1000000	做证	zuò zhèng	
